2026-08-20T19:03:14Z | stress_test | decision='migrar NEXUS-PKI-ROOT' asset=NEXUS-PKI-ROOT severity=WARNING conflict=False label=CONFIRMED DECISION policies=['P011']
2026-08-20T19:03:14Z | stress_test | decision='migrar NEXUS-PKI-INT-01' asset=NEXUS-PKI-INT-01 severity=CONFLICT conflict=True label=RECOMMENDED ALTERNATIVE policies=['P002', 'P011']
2026-08-20T19:03:14Z | stress_test | decision='migrar NEXUS-PKI-INT-02' asset=NEXUS-PKI-INT-02 severity=CONFLICT conflict=True label=RECOMMENDED ALTERNATIVE policies=['P002', 'P008', 'P011']
2026-08-20T19:03:14Z | stress_test | decision='migrar NEXUS-HSM-01' asset=NEXUS-HSM-01 severity=CONFLICT conflict=True label=RECOMMENDED ALTERNATIVE policies=['P002', 'P011', 'P012']
2026-08-20T19:03:14Z | stress_test | decision='migrar NEXUS-CERT-MGMT' asset=NEXUS-CERT-MGMT severity=CONFLICT conflict=True label=RECOMMENDED ALTERNATIVE policies=['P002', 'P008', 'P011']
2026-08-20T19:03:14Z | stress_test | decision='migrar NEXUS-IDENTITY-CORE' asset=NEXUS-IDENTITY-CORE severity=CONFLICT conflict=True label=RECOMMENDED ALTERNATIVE policies=['P002', 'P011']
2026-08-20T19:03:14Z | stress_test | decision='migrar NEXUS-SSO-01' asset=NEXUS-SSO-01 severity=CONFLICT conflict=True label=RECOMMENDED ALTERNATIVE policies=['P002', 'P009', 'P010', 'P011']
2026-08-20T19:03:14Z | stress_test | decision='migrar NEXUS-API-GW' asset=NEXUS-API-GW severity=CONFLICT conflict=True label=RECOMMENDED ALTERNATIVE policies=['P002', 'P008', 'P009', 'P010', 'P011']
2026-08-20T19:03:14Z | stress_test | decision='migrar NEXUS-PAYMENT-API' asset=NEXUS-PAYMENT-API severity=CONFLICT conflict=True label=RECOMMENDED ALTERNATIVE policies=['P002', 'P008', 'P009', 'P010', 'P011']
2026-08-20T19:03:14Z | stress_test | decision='migrar NEXUS-PAYMENT-DB' asset=NEXUS-PAYMENT-DB severity=CONFLICT conflict=True label=RECOMMENDED ALTERNATIVE policies=['P002', 'P008']
2026-08-20T19:03:14Z | stress_test | decision='migrar NEXUS-CUSTOMER-PORTAL' asset=NEXUS-CUSTOMER-PORTAL severity=CONFLICT conflict=True label=RECOMMENDED ALTERNATIVE policies=['P002', 'P008']
2026-08-20T19:03:14Z | stress_test | decision='migrar NEXUS-MOBILE-BE' asset=NEXUS-MOBILE-BE severity=CONFLICT conflict=True label=RECOMMENDED ALTERNATIVE policies=['P002', 'P008']
2026-08-20T19:03:14Z | stress_test | decision='migrar NEXUS-CRM' asset=NEXUS-CRM severity=CONFLICT conflict=True label=RECOMMENDED ALTERNATIVE policies=['P002', 'P008']
2026-08-20T19:03:14Z | stress_test | decision='migrar NEXUS-DWH' asset=NEXUS-DWH severity=CONFLICT conflict=True label=RECOMMENDED ALTERNATIVE policies=['P002', 'P008']
2026-08-20T19:03:14Z | stress_test | decision='migrar NEXUS-VPN-GW' asset=NEXUS-VPN-GW severity=CONFLICT conflict=True label=RECOMMENDED ALTERNATIVE policies=['P002', 'P008']
2026-08-20T19:03:14Z | stress_test | decision='migrar NEXUS-SIEM' asset=NEXUS-SIEM severity=CONFLICT conflict=True label=RECOMMENDED ALTERNATIVE policies=['P002', 'P008']
2026-08-20T19:03:14Z | stress_test | decision='migrar NEXUS-K8S-CONTROL' asset=NEXUS-K8S-CONTROL severity=CONFLICT conflict=True label=RECOMMENDED ALTERNATIVE policies=['P002', 'P008']
2026-08-20T19:03:14Z | stress_test | decision='migrar NEXUS-MSG-BUS' asset=NEXUS-MSG-BUS severity=CONFLICT conflict=True label=RECOMMENDED ALTERNATIVE policies=['P002', 'P008']
2026-08-20T19:03:14Z | stress_test | decision='migrar NEXUS-SECRETS' asset=NEXUS-SECRETS severity=CONFLICT conflict=True label=RECOMMENDED ALTERNATIVE policies=['P002', 'P008']
2026-08-20T19:03:14Z | stress_test | decision='migrar NEXUS-CODE-SIGN' asset=NEXUS-CODE-SIGN severity=CONFLICT conflict=True label=RECOMMENDED ALTERNATIVE policies=['P002', 'P008']
2026-08-20T19:03:14Z | stress_test | decision='migrar NEXUS-DOC-SIGN' asset=NEXUS-DOC-SIGN severity=CONFLICT conflict=True label=RECOMMENDED ALTERNATIVE policies=['P002', 'P008']
2026-08-20T19:03:14Z | stress_test | decision='migrar NEXUS-BACKUP' asset=NEXUS-BACKUP severity=CONFLICT conflict=True label=RECOMMENDED ALTERNATIVE policies=['P002', 'P008']
2026-08-20T19:03:14Z | stress_test | decision='migrar NEXUS-LEGACY-FTP' asset=NEXUS-LEGACY-FTP severity=WARNING conflict=False label=CONFIRMED DECISION policies=['P010']
2026-08-20T19:03:14Z | stress_test | decision='migrar NEXUS-LEGACY-PAY' asset=NEXUS-LEGACY-PAY severity=CONFLICT conflict=True label=RECOMMENDED ALTERNATIVE policies=['P002', 'P008']
2026-08-20T19:03:14Z | stress_test | decision='migrar NEXUS-LEGACY-SIGN' asset=NEXUS-LEGACY-SIGN severity=CONFLICT conflict=True label=RECOMMENDED ALTERNATIVE policies=['P002', 'P008']
2026-08-20T19:03:14Z | stress_test | decision='migrar NEXUS-INTERNAL-HR' asset=NEXUS-INTERNAL-HR severity=CONFLICT conflict=True label=RECOMMENDED ALTERNATIVE policies=['P002', 'P008']
2026-08-20T19:03:14Z | stress_test | decision='migrar NEXUS-INTERNAL-WIKI' asset=NEXUS-INTERNAL-WIKI severity=CONFLICT conflict=True label=RECOMMENDED ALTERNATIVE policies=['P002', 'P008']
2026-08-20T19:03:14Z | stress_test | decision='migrar NEXUS-CLOUD-OBJ' asset=NEXUS-CLOUD-OBJ severity=CONFLICT conflict=True label=RECOMMENDED ALTERNATIVE policies=['P002', 'P008']
2026-08-20T19:03:14Z | stress_test | decision='migrar NEXUS-PQC-KEM-PILOT' asset=NEXUS-PQC-KEM-PILOT severity=CONFLICT conflict=True label=RECOMMENDED ALTERNATIVE policies=['P002', 'P008']
2026-08-20T19:03:14Z | stress_test | decision='migrar NEXUS-PQC-SIGN-PILOT' asset=NEXUS-PQC-SIGN-PILOT severity=CONFLICT conflict=True label=RECOMMENDED ALTERNATIVE policies=['P002', 'P008']
2026-08-20T19:03:14Z | stress_test | decision='migrar NEXUS-3DES-ATM' asset=NEXUS-3DES-ATM severity=CONFLICT conflict=True label=RECOMMENDED ALTERNATIVE policies=['P002', 'P008', 'P010']
2026-08-20T19:03:14Z | stress_test | decision='migrar NEXUS-ED25519-MESH' asset=NEXUS-ED25519-MESH severity=CONFLICT conflict=True label=RECOMMENDED ALTERNATIVE policies=['P002', 'P007', 'P008']
2026-08-20T19:03:14Z | stress_test | decision='migrar NEXUS-PKI-ROOT' asset=NEXUS-PKI-ROOT severity=WARNING conflict=False label=CONFIRMED DECISION policies=['P011']
2026-08-20T19:03:14Z | stress_test | decision='migrar NEXUS-PKI-INT-01' asset=NEXUS-PKI-INT-01 severity=CONFLICT conflict=True label=RECOMMENDED ALTERNATIVE policies=['P002', 'P011']
2026-08-20T19:03:14Z | stress_test | decision='migrar NEXUS-PKI-INT-02' asset=NEXUS-PKI-INT-02 severity=CONFLICT conflict=True label=RECOMMENDED ALTERNATIVE policies=['P002', 'P008', 'P011']
2026-08-20T19:03:14Z | stress_test | decision='migrar NEXUS-HSM-01' asset=NEXUS-HSM-01 severity=CONFLICT conflict=True label=RECOMMENDED ALTERNATIVE policies=['P002', 'P011', 'P012']
2026-08-20T19:03:14Z | stress_test | decision='migrar NEXUS-CERT-MGMT' asset=NEXUS-CERT-MGMT severity=CONFLICT conflict=True label=RECOMMENDED ALTERNATIVE policies=['P002', 'P008', 'P011']
2026-08-20T19:03:14Z | stress_test | decision='migrar NEXUS-IDENTITY-CORE' asset=NEXUS-IDENTITY-CORE severity=CONFLICT conflict=True label=RECOMMENDED ALTERNATIVE policies=['P002', 'P011']
2026-08-20T19:03:14Z | stress_test | decision='migrar NEXUS-SSO-01' asset=NEXUS-SSO-01 severity=CONFLICT conflict=True label=RECOMMENDED ALTERNATIVE policies=['P002', 'P009', 'P010', 'P011']
2026-08-20T19:03:14Z | stress_test | decision='migrar NEXUS-API-GW' asset=NEXUS-API-GW severity=CONFLICT conflict=True label=RECOMMENDED ALTERNATIVE policies=['P002', 'P008', 'P009', 'P010', 'P011']
2026-08-20T19:03:14Z | stress_test | decision='migrar NEXUS-PAYMENT-API' asset=NEXUS-PAYMENT-API severity=CONFLICT conflict=True label=RECOMMENDED ALTERNATIVE policies=['P002', 'P008', 'P009', 'P010', 'P011']
2026-08-20T19:03:14Z | stress_test | decision='migrar NEXUS-PAYMENT-DB' asset=NEXUS-PAYMENT-DB severity=CONFLICT conflict=True label=RECOMMENDED ALTERNATIVE policies=['P002', 'P008']
2026-08-20T19:03:14Z | stress_test | decision='migrar NEXUS-CUSTOMER-PORTAL' asset=NEXUS-CUSTOMER-PORTAL severity=CONFLICT conflict=True label=RECOMMENDED ALTERNATIVE policies=['P002', 'P008']
2026-08-20T19:03:14Z | stress_test | decision='migrar NEXUS-MOBILE-BE' asset=NEXUS-MOBILE-BE severity=CONFLICT conflict=True label=RECOMMENDED ALTERNATIVE policies=['P002', 'P008']
2026-08-20T19:03:14Z | stress_test | decision='migrar NEXUS-CRM' asset=NEXUS-CRM severity=CONFLICT conflict=True label=RECOMMENDED ALTERNATIVE policies=['P002', 'P008']
2026-08-20T19:03:14Z | stress_test | decision='migrar NEXUS-DWH' asset=NEXUS-DWH severity=CONFLICT conflict=True label=RECOMMENDED ALTERNATIVE policies=['P002', 'P008']
2026-08-20T19:03:14Z | stress_test | decision='migrar NEXUS-VPN-GW' asset=NEXUS-VPN-GW severity=CONFLICT conflict=True label=RECOMMENDED ALTERNATIVE policies=['P002', 'P008']
2026-08-20T19:03:14Z | stress_test | decision='migrar NEXUS-SIEM' asset=NEXUS-SIEM severity=CONFLICT conflict=True label=RECOMMENDED ALTERNATIVE policies=['P002', 'P008']
2026-08-20T19:03:14Z | stress_test | decision='migrar NEXUS-K8S-CONTROL' asset=NEXUS-K8S-CONTROL severity=CONFLICT conflict=True label=RECOMMENDED ALTERNATIVE policies=['P002', 'P008']
2026-08-20T19:03:14Z | stress_test | decision='migrar NEXUS-MSG-BUS' asset=NEXUS-MSG-BUS severity=CONFLICT conflict=True label=RECOMMENDED ALTERNATIVE policies=['P002', 'P008']
2026-08-20T19:03:14Z | stress_test | decision='migrar NEXUS-SECRETS' asset=NEXUS-SECRETS severity=CONFLICT conflict=True label=RECOMMENDED ALTERNATIVE policies=['P002', 'P008']
2026-08-20T19:03:14Z | stress_test | decision='migrar NEXUS-CODE-SIGN' asset=NEXUS-CODE-SIGN severity=CONFLICT conflict=True label=RECOMMENDED ALTERNATIVE policies=['P002', 'P008']
2026-08-20T19:03:14Z | stress_test | decision='migrar NEXUS-DOC-SIGN' asset=NEXUS-DOC-SIGN severity=CONFLICT conflict=True label=RECOMMENDED ALTERNATIVE policies=['P002', 'P008']
2026-08-20T19:03:14Z | stress_test | decision='migrar NEXUS-BACKUP' asset=NEXUS-BACKUP severity=CONFLICT conflict=True label=RECOMMENDED ALTERNATIVE policies=['P002', 'P008']
2026-08-20T19:03:14Z | stress_test | decision='migrar NEXUS-LEGACY-FTP' asset=NEXUS-LEGACY-FTP severity=WARNING conflict=False label=CONFIRMED DECISION policies=['P010']
2026-08-20T19:03:14Z | stress_test | decision='migrar NEXUS-LEGACY-PAY' asset=NEXUS-LEGACY-PAY severity=CONFLICT conflict=True label=RECOMMENDED ALTERNATIVE policies=['P002', 'P008']
2026-08-20T19:03:14Z | stress_test | decision='migrar NEXUS-LEGACY-SIGN' asset=NEXUS-LEGACY-SIGN severity=CONFLICT conflict=True label=RECOMMENDED ALTERNATIVE policies=['P002', 'P008']
2026-08-20T19:03:14Z | stress_test | decision='migrar NEXUS-INTERNAL-HR' asset=NEXUS-INTERNAL-HR severity=CONFLICT conflict=True label=RECOMMENDED ALTERNATIVE policies=['P002', 'P008']
2026-08-20T19:03:14Z | stress_test | decision='migrar NEXUS-INTERNAL-WIKI' asset=NEXUS-INTERNAL-WIKI severity=CONFLICT conflict=True label=RECOMMENDED ALTERNATIVE policies=['P002', 'P008']
2026-08-20T19:03:14Z | stress_test | decision='migrar NEXUS-CLOUD-OBJ' asset=NEXUS-CLOUD-OBJ severity=CONFLICT conflict=True label=RECOMMENDED ALTERNATIVE policies=['P002', 'P008']
2026-08-20T19:03:14Z | stress_test | decision='migrar NEXUS-PQC-KEM-PILOT' asset=NEXUS-PQC-KEM-PILOT severity=CONFLICT conflict=True label=RECOMMENDED ALTERNATIVE policies=['P002', 'P008']
2026-08-20T19:03:14Z | stress_test | decision='migrar NEXUS-PQC-SIGN-PILOT' asset=NEXUS-PQC-SIGN-PILOT severity=CONFLICT conflict=True label=RECOMMENDED ALTERNATIVE policies=['P002', 'P008']
2026-08-20T19:03:14Z | stress_test | decision='migrar NEXUS-3DES-ATM' asset=NEXUS-3DES-ATM severity=CONFLICT conflict=True label=RECOMMENDED ALTERNATIVE policies=['P002', 'P008', 'P010']
2026-08-20T19:03:14Z | stress_test | decision='migrar NEXUS-ED25519-MESH' asset=NEXUS-ED25519-MESH severity=CONFLICT conflict=True label=RECOMMENDED ALTERNATIVE policies=['P002', 'P007', 'P008']
2026-08-20T19:04:07Z | stress_test | decision='migrar NEXUS-PKI-ROOT' asset=NEXUS-PKI-ROOT severity=WARNING conflict=False label=CONFIRMED DECISION policies=['P011']
2026-08-20T19:04:07Z | stress_test | decision='migrar NEXUS-PKI-INT-01' asset=NEXUS-PKI-INT-01 severity=CONFLICT conflict=True label=RECOMMENDED ALTERNATIVE policies=['P002', 'P011']
2026-08-20T19:04:07Z | stress_test | decision='migrar NEXUS-PKI-INT-02' asset=NEXUS-PKI-INT-02 severity=CONFLICT conflict=True label=RECOMMENDED ALTERNATIVE policies=['P002', 'P008', 'P011']
2026-08-20T19:04:07Z | stress_test | decision='migrar NEXUS-HSM-01' asset=NEXUS-HSM-01 severity=CONFLICT conflict=True label=RECOMMENDED ALTERNATIVE policies=['P002', 'P011', 'P012']
2026-08-20T19:04:07Z | stress_test | decision='migrar NEXUS-CERT-MGMT' asset=NEXUS-CERT-MGMT severity=CONFLICT conflict=True label=RECOMMENDED ALTERNATIVE policies=['P002', 'P008', 'P011']
2026-08-20T19:04:07Z | stress_test | decision='migrar NEXUS-IDENTITY-CORE' asset=NEXUS-IDENTITY-CORE severity=CONFLICT conflict=True label=RECOMMENDED ALTERNATIVE policies=['P002', 'P011']
2026-08-20T19:04:07Z | stress_test | decision='migrar NEXUS-SSO-01' asset=NEXUS-SSO-01 severity=CONFLICT conflict=True label=RECOMMENDED ALTERNATIVE policies=['P002', 'P009', 'P010', 'P011']
2026-08-20T19:04:07Z | stress_test | decision='migrar NEXUS-API-GW' asset=NEXUS-API-GW severity=CONFLICT conflict=True label=RECOMMENDED ALTERNATIVE policies=['P002', 'P008', 'P009', 'P010', 'P011']
2026-08-20T19:04:07Z | stress_test | decision='migrar NEXUS-PAYMENT-API' asset=NEXUS-PAYMENT-API severity=CONFLICT conflict=True label=RECOMMENDED ALTERNATIVE policies=['P002', 'P008', 'P009', 'P010', 'P011']
2026-08-20T19:04:07Z | stress_test | decision='migrar NEXUS-PAYMENT-DB' asset=NEXUS-PAYMENT-DB severity=CONFLICT conflict=True label=RECOMMENDED ALTERNATIVE policies=['P002', 'P008']
2026-08-20T19:04:07Z | stress_test | decision='migrar NEXUS-CUSTOMER-PORTAL' asset=NEXUS-CUSTOMER-PORTAL severity=CONFLICT conflict=True label=RECOMMENDED ALTERNATIVE policies=['P002', 'P008']
2026-08-20T19:04:07Z | stress_test | decision='migrar NEXUS-MOBILE-BE' asset=NEXUS-MOBILE-BE severity=CONFLICT conflict=True label=RECOMMENDED ALTERNATIVE policies=['P002', 'P008']
2026-08-20T19:04:07Z | stress_test | decision='migrar NEXUS-CRM' asset=NEXUS-CRM severity=CONFLICT conflict=True label=RECOMMENDED ALTERNATIVE policies=['P002', 'P008']
2026-08-20T19:04:07Z | stress_test | decision='migrar NEXUS-DWH' asset=NEXUS-DWH severity=CONFLICT conflict=True label=RECOMMENDED ALTERNATIVE policies=['P002', 'P008']
2026-08-20T19:04:07Z | stress_test | decision='migrar NEXUS-VPN-GW' asset=NEXUS-VPN-GW severity=CONFLICT conflict=True label=RECOMMENDED ALTERNATIVE policies=['P002', 'P008']
2026-08-20T19:04:07Z | stress_test | decision='migrar NEXUS-SIEM' asset=NEXUS-SIEM severity=CONFLICT conflict=True label=RECOMMENDED ALTERNATIVE policies=['P002', 'P008']
2026-08-20T19:04:07Z | stress_test | decision='migrar NEXUS-K8S-CONTROL' asset=NEXUS-K8S-CONTROL severity=CONFLICT conflict=True label=RECOMMENDED ALTERNATIVE policies=['P002', 'P008']
2026-08-20T19:04:07Z | stress_test | decision='migrar NEXUS-MSG-BUS' asset=NEXUS-MSG-BUS severity=CONFLICT conflict=True label=RECOMMENDED ALTERNATIVE policies=['P002', 'P008']
2026-08-20T19:04:07Z | stress_test | decision='migrar NEXUS-SECRETS' asset=NEXUS-SECRETS severity=CONFLICT conflict=True label=RECOMMENDED ALTERNATIVE policies=['P002', 'P008']
2026-08-20T19:04:07Z | stress_test | decision='migrar NEXUS-CODE-SIGN' asset=NEXUS-CODE-SIGN severity=CONFLICT conflict=True label=RECOMMENDED ALTERNATIVE policies=['P002', 'P008']
2026-08-20T19:04:07Z | stress_test | decision='migrar NEXUS-DOC-SIGN' asset=NEXUS-DOC-SIGN severity=CONFLICT conflict=True label=RECOMMENDED ALTERNATIVE policies=['P002', 'P008']
2026-08-20T19:04:07Z | stress_test | decision='migrar NEXUS-BACKUP' asset=NEXUS-BACKUP severity=CONFLICT conflict=True label=RECOMMENDED ALTERNATIVE policies=['P002', 'P008']
2026-08-20T19:04:07Z | stress_test | decision='migrar NEXUS-LEGACY-FTP' asset=NEXUS-LEGACY-FTP severity=WARNING conflict=False label=CONFIRMED DECISION policies=['P010']
2026-08-20T19:04:07Z | stress_test | decision='migrar NEXUS-LEGACY-PAY' asset=NEXUS-LEGACY-PAY severity=CONFLICT conflict=True label=RECOMMENDED ALTERNATIVE policies=['P002', 'P008']
2026-08-20T19:04:07Z | stress_test | decision='migrar NEXUS-LEGACY-SIGN' asset=NEXUS-LEGACY-SIGN severity=CONFLICT conflict=True label=RECOMMENDED ALTERNATIVE policies=['P002', 'P008']
2026-08-20T19:04:07Z | stress_test | decision='migrar NEXUS-INTERNAL-HR' asset=NEXUS-INTERNAL-HR severity=CONFLICT conflict=True label=RECOMMENDED ALTERNATIVE policies=['P002', 'P008']
2026-08-20T19:04:07Z | stress_test | decision='migrar NEXUS-INTERNAL-WIKI' asset=NEXUS-INTERNAL-WIKI severity=CONFLICT conflict=True label=RECOMMENDED ALTERNATIVE policies=['P002', 'P008']
2026-08-20T19:04:07Z | stress_test | decision='migrar NEXUS-CLOUD-OBJ' asset=NEXUS-CLOUD-OBJ severity=CONFLICT conflict=True label=RECOMMENDED ALTERNATIVE policies=['P002', 'P008']
2026-08-20T19:04:07Z | stress_test | decision='migrar NEXUS-PQC-KEM-PILOT' asset=NEXUS-PQC-KEM-PILOT severity=CONFLICT conflict=True label=RECOMMENDED ALTERNATIVE policies=['P002', 'P008']
2026-08-20T19:04:07Z | stress_test | decision='migrar NEXUS-PQC-SIGN-PILOT' asset=NEXUS-PQC-SIGN-PILOT severity=CONFLICT conflict=True label=RECOMMENDED ALTERNATIVE policies=['P002', 'P008']
2026-08-20T19:04:07Z | stress_test | decision='migrar NEXUS-3DES-ATM' asset=NEXUS-3DES-ATM severity=CONFLICT conflict=True label=RECOMMENDED ALTERNATIVE policies=['P002', 'P008', 'P010']
2026-08-20T19:04:07Z | stress_test | decision='migrar NEXUS-ED25519-MESH' asset=NEXUS-ED25519-MESH severity=CONFLICT conflict=True label=RECOMMENDED ALTERNATIVE policies=['P002', 'P007', 'P008']
2026-08-20T19:04:13Z | stress_test | decision='migrar NEXUS-PKI-ROOT' asset=NEXUS-PKI-ROOT severity=WARNING conflict=False label=CONFIRMED DECISION policies=['P011']
2026-08-20T19:04:13Z | stress_test | decision='migrar NEXUS-PKI-INT-01' asset=NEXUS-PKI-INT-01 severity=CONFLICT conflict=True label=RECOMMENDED ALTERNATIVE policies=['P002', 'P011']
2026-08-20T19:04:13Z | stress_test | decision='migrar NEXUS-PKI-INT-02' asset=NEXUS-PKI-INT-02 severity=CONFLICT conflict=True label=RECOMMENDED ALTERNATIVE policies=['P002', 'P008', 'P011']
2026-08-20T19:04:13Z | stress_test | decision='migrar NEXUS-HSM-01' asset=NEXUS-HSM-01 severity=CONFLICT conflict=True label=RECOMMENDED ALTERNATIVE policies=['P002', 'P011', 'P012']
2026-08-20T19:04:13Z | stress_test | decision='migrar NEXUS-CERT-MGMT' asset=NEXUS-CERT-MGMT severity=CONFLICT conflict=True label=RECOMMENDED ALTERNATIVE policies=['P002', 'P008', 'P011']
2026-08-20T19:04:13Z | stress_test | decision='migrar NEXUS-IDENTITY-CORE' asset=NEXUS-IDENTITY-CORE severity=CONFLICT conflict=True label=RECOMMENDED ALTERNATIVE policies=['P002', 'P011']
2026-08-20T19:04:13Z | stress_test | decision='migrar NEXUS-SSO-01' asset=NEXUS-SSO-01 severity=CONFLICT conflict=True label=RECOMMENDED ALTERNATIVE policies=['P002', 'P009', 'P010', 'P011']
2026-08-20T19:04:13Z | stress_test | decision='migrar NEXUS-API-GW' asset=NEXUS-API-GW severity=CONFLICT conflict=True label=RECOMMENDED ALTERNATIVE policies=['P002', 'P008', 'P009', 'P010', 'P011']
2026-08-20T19:04:13Z | stress_test | decision='migrar NEXUS-PAYMENT-API' asset=NEXUS-PAYMENT-API severity=CONFLICT conflict=True label=RECOMMENDED ALTERNATIVE policies=['P002', 'P008', 'P009', 'P010', 'P011']
2026-08-20T19:04:13Z | stress_test | decision='migrar NEXUS-PAYMENT-DB' asset=NEXUS-PAYMENT-DB severity=CONFLICT conflict=True label=RECOMMENDED ALTERNATIVE policies=['P002', 'P008']
2026-08-20T19:04:13Z | stress_test | decision='migrar NEXUS-CUSTOMER-PORTAL' asset=NEXUS-CUSTOMER-PORTAL severity=CONFLICT conflict=True label=RECOMMENDED ALTERNATIVE policies=['P002', 'P008']
2026-08-20T19:04:13Z | stress_test | decision='migrar NEXUS-MOBILE-BE' asset=NEXUS-MOBILE-BE severity=CONFLICT conflict=True label=RECOMMENDED ALTERNATIVE policies=['P002', 'P008']
2026-08-20T19:04:13Z | stress_test | decision='migrar NEXUS-CRM' asset=NEXUS-CRM severity=CONFLICT conflict=True label=RECOMMENDED ALTERNATIVE policies=['P002', 'P008']
2026-08-20T19:04:13Z | stress_test | decision='migrar NEXUS-DWH' asset=NEXUS-DWH severity=CONFLICT conflict=True label=RECOMMENDED ALTERNATIVE policies=['P002', 'P008']
2026-08-20T19:04:13Z | stress_test | decision='migrar NEXUS-VPN-GW' asset=NEXUS-VPN-GW severity=CONFLICT conflict=True label=RECOMMENDED ALTERNATIVE policies=['P002', 'P008']
2026-08-20T19:04:13Z | stress_test | decision='migrar NEXUS-SIEM' asset=NEXUS-SIEM severity=CONFLICT conflict=True label=RECOMMENDED ALTERNATIVE policies=['P002', 'P008']
2026-08-20T19:04:13Z | stress_test | decision='migrar NEXUS-K8S-CONTROL' asset=NEXUS-K8S-CONTROL severity=CONFLICT conflict=True label=RECOMMENDED ALTERNATIVE policies=['P002', 'P008']
2026-08-20T19:04:13Z | stress_test | decision='migrar NEXUS-MSG-BUS' asset=NEXUS-MSG-BUS severity=CONFLICT conflict=True label=RECOMMENDED ALTERNATIVE policies=['P002', 'P008']
2026-08-20T19:04:13Z | stress_test | decision='migrar NEXUS-SECRETS' asset=NEXUS-SECRETS severity=CONFLICT conflict=True label=RECOMMENDED ALTERNATIVE policies=['P002', 'P008']
2026-08-20T19:04:13Z | stress_test | decision='migrar NEXUS-CODE-SIGN' asset=NEXUS-CODE-SIGN severity=CONFLICT conflict=True label=RECOMMENDED ALTERNATIVE policies=['P002', 'P008']
2026-08-20T19:04:13Z | stress_test | decision='migrar NEXUS-DOC-SIGN' asset=NEXUS-DOC-SIGN severity=CONFLICT conflict=True label=RECOMMENDED ALTERNATIVE policies=['P002', 'P008']
2026-08-20T19:04:13Z | stress_test | decision='migrar NEXUS-BACKUP' asset=NEXUS-BACKUP severity=CONFLICT conflict=True label=RECOMMENDED ALTERNATIVE policies=['P002', 'P008']
2026-08-20T19:04:13Z | stress_test | decision='migrar NEXUS-LEGACY-FTP' asset=NEXUS-LEGACY-FTP severity=WARNING conflict=False label=CONFIRMED DECISION policies=['P010']
2026-08-20T19:04:13Z | stress_test | decision='migrar NEXUS-LEGACY-PAY' asset=NEXUS-LEGACY-PAY severity=CONFLICT conflict=True label=RECOMMENDED ALTERNATIVE policies=['P002', 'P008']
2026-08-20T19:04:13Z | stress_test | decision='migrar NEXUS-LEGACY-SIGN' asset=NEXUS-LEGACY-SIGN severity=CONFLICT conflict=True label=RECOMMENDED ALTERNATIVE policies=['P002', 'P008']
2026-08-20T19:04:13Z | stress_test | decision='migrar NEXUS-INTERNAL-HR' asset=NEXUS-INTERNAL-HR severity=CONFLICT conflict=True label=RECOMMENDED ALTERNATIVE policies=['P002', 'P008']
2026-08-20T19:04:13Z | stress_test | decision='migrar NEXUS-INTERNAL-WIKI' asset=NEXUS-INTERNAL-WIKI severity=CONFLICT conflict=True label=RECOMMENDED ALTERNATIVE policies=['P002', 'P008']
2026-08-20T19:04:13Z | stress_test | decision='migrar NEXUS-CLOUD-OBJ' asset=NEXUS-CLOUD-OBJ severity=CONFLICT conflict=True label=RECOMMENDED ALTERNATIVE policies=['P002', 'P008']
2026-08-20T19:04:13Z | stress_test | decision='migrar NEXUS-PQC-KEM-PILOT' asset=NEXUS-PQC-KEM-PILOT severity=CONFLICT conflict=True label=RECOMMENDED ALTERNATIVE policies=['P002', 'P008']
2026-08-20T19:04:13Z | stress_test | decision='migrar NEXUS-PQC-SIGN-PILOT' asset=NEXUS-PQC-SIGN-PILOT severity=CONFLICT conflict=True label=RECOMMENDED ALTERNATIVE policies=['P002', 'P008']
2026-08-20T19:04:13Z | stress_test | decision='migrar NEXUS-3DES-ATM' asset=NEXUS-3DES-ATM severity=CONFLICT conflict=True label=RECOMMENDED ALTERNATIVE policies=['P002', 'P008', 'P010']
2026-08-20T19:04:13Z | stress_test | decision='migrar NEXUS-ED25519-MESH' asset=NEXUS-ED25519-MESH severity=CONFLICT conflict=True label=RECOMMENDED ALTERNATIVE policies=['P002', 'P007', 'P008']
2026-08-20T19:04:35Z | stress_test | decision='migrar NEXUS-PKI-ROOT' asset=NEXUS-PKI-ROOT severity=WARNING conflict=False label=CONFIRMED DECISION policies=['P011']
2026-08-20T19:04:35Z | stress_test | decision='migrar NEXUS-PKI-INT-01' asset=NEXUS-PKI-INT-01 severity=CONFLICT conflict=True label=RECOMMENDED ALTERNATIVE policies=['P002', 'P011']
2026-08-20T19:04:35Z | stress_test | decision='migrar NEXUS-PKI-INT-02' asset=NEXUS-PKI-INT-02 severity=CONFLICT conflict=True label=RECOMMENDED ALTERNATIVE policies=['P002', 'P008', 'P011']
2026-08-20T19:04:35Z | stress_test | decision='migrar NEXUS-HSM-01' asset=NEXUS-HSM-01 severity=CONFLICT conflict=True label=RECOMMENDED ALTERNATIVE policies=['P002', 'P011', 'P012']
2026-08-20T19:04:35Z | stress_test | decision='migrar NEXUS-CERT-MGMT' asset=NEXUS-CERT-MGMT severity=CONFLICT conflict=True label=RECOMMENDED ALTERNATIVE policies=['P002', 'P008', 'P011']
2026-08-20T19:04:35Z | stress_test | decision='migrar NEXUS-IDENTITY-CORE' asset=NEXUS-IDENTITY-CORE severity=CONFLICT conflict=True label=RECOMMENDED ALTERNATIVE policies=['P002', 'P011']
2026-08-20T19:04:35Z | stress_test | decision='migrar NEXUS-SSO-01' asset=NEXUS-SSO-01 severity=CONFLICT conflict=True label=RECOMMENDED ALTERNATIVE policies=['P002', 'P009', 'P010', 'P011']
2026-08-20T19:04:35Z | stress_test | decision='migrar NEXUS-API-GW' asset=NEXUS-API-GW severity=CONFLICT conflict=True label=RECOMMENDED ALTERNATIVE policies=['P002', 'P008', 'P009', 'P010', 'P011']
2026-08-20T19:04:35Z | stress_test | decision='migrar NEXUS-PAYMENT-API' asset=NEXUS-PAYMENT-API severity=CONFLICT conflict=True label=RECOMMENDED ALTERNATIVE policies=['P002', 'P008', 'P009', 'P010', 'P011']
2026-08-20T19:04:35Z | stress_test | decision='migrar NEXUS-PAYMENT-DB' asset=NEXUS-PAYMENT-DB severity=CONFLICT conflict=True label=RECOMMENDED ALTERNATIVE policies=['P002', 'P008']
2026-08-20T19:04:35Z | stress_test | decision='migrar NEXUS-CUSTOMER-PORTAL' asset=NEXUS-CUSTOMER-PORTAL severity=CONFLICT conflict=True label=RECOMMENDED ALTERNATIVE policies=['P002', 'P008']
2026-08-20T19:04:35Z | stress_test | decision='migrar NEXUS-MOBILE-BE' asset=NEXUS-MOBILE-BE severity=CONFLICT conflict=True label=RECOMMENDED ALTERNATIVE policies=['P002', 'P008']
2026-08-20T19:04:35Z | stress_test | decision='migrar NEXUS-CRM' asset=NEXUS-CRM severity=CONFLICT conflict=True label=RECOMMENDED ALTERNATIVE policies=['P002', 'P008']
2026-08-20T19:04:35Z | stress_test | decision='migrar NEXUS-DWH' asset=NEXUS-DWH severity=CONFLICT conflict=True label=RECOMMENDED ALTERNATIVE policies=['P002', 'P008']
2026-08-20T19:04:35Z | stress_test | decision='migrar NEXUS-VPN-GW' asset=NEXUS-VPN-GW severity=CONFLICT conflict=True label=RECOMMENDED ALTERNATIVE policies=['P002', 'P008']
2026-08-20T19:04:35Z | stress_test | decision='migrar NEXUS-SIEM' asset=NEXUS-SIEM severity=CONFLICT conflict=True label=RECOMMENDED ALTERNATIVE policies=['P002', 'P008']
2026-08-20T19:04:35Z | stress_test | decision='migrar NEXUS-K8S-CONTROL' asset=NEXUS-K8S-CONTROL severity=CONFLICT conflict=True label=RECOMMENDED ALTERNATIVE policies=['P002', 'P008']
2026-08-20T19:04:35Z | stress_test | decision='migrar NEXUS-MSG-BUS' asset=NEXUS-MSG-BUS severity=CONFLICT conflict=True label=RECOMMENDED ALTERNATIVE policies=['P002', 'P008']
2026-08-20T19:04:35Z | stress_test | decision='migrar NEXUS-SECRETS' asset=NEXUS-SECRETS severity=CONFLICT conflict=True label=RECOMMENDED ALTERNATIVE policies=['P002', 'P008']
2026-08-20T19:04:35Z | stress_test | decision='migrar NEXUS-CODE-SIGN' asset=NEXUS-CODE-SIGN severity=CONFLICT conflict=True label=RECOMMENDED ALTERNATIVE policies=['P002', 'P008']
2026-08-20T19:04:35Z | stress_test | decision='migrar NEXUS-DOC-SIGN' asset=NEXUS-DOC-SIGN severity=CONFLICT conflict=True label=RECOMMENDED ALTERNATIVE policies=['P002', 'P008']
2026-08-20T19:04:35Z | stress_test | decision='migrar NEXUS-BACKUP' asset=NEXUS-BACKUP severity=CONFLICT conflict=True label=RECOMMENDED ALTERNATIVE policies=['P002', 'P008']
2026-08-20T19:04:35Z | stress_test | decision='migrar NEXUS-LEGACY-FTP' asset=NEXUS-LEGACY-FTP severity=WARNING conflict=False label=CONFIRMED DECISION policies=['P010']
2026-08-20T19:04:35Z | stress_test | decision='migrar NEXUS-LEGACY-PAY' asset=NEXUS-LEGACY-PAY severity=CONFLICT conflict=True label=RECOMMENDED ALTERNATIVE policies=['P002', 'P008']
2026-08-20T19:04:35Z | stress_test | decision='migrar NEXUS-LEGACY-SIGN' asset=NEXUS-LEGACY-SIGN severity=CONFLICT conflict=True label=RECOMMENDED ALTERNATIVE policies=['P002', 'P008']
2026-08-20T19:04:35Z | stress_test | decision='migrar NEXUS-INTERNAL-HR' asset=NEXUS-INTERNAL-HR severity=CONFLICT conflict=True label=RECOMMENDED ALTERNATIVE policies=['P002', 'P008']
2026-08-20T19:04:35Z | stress_test | decision='migrar NEXUS-INTERNAL-WIKI' asset=NEXUS-INTERNAL-WIKI severity=CONFLICT conflict=True label=RECOMMENDED ALTERNATIVE policies=['P002', 'P008']
2026-08-20T19:04:35Z | stress_test | decision='migrar NEXUS-CLOUD-OBJ' asset=NEXUS-CLOUD-OBJ severity=CONFLICT conflict=True label=RECOMMENDED ALTERNATIVE policies=['P002', 'P008']
2026-08-20T19:04:35Z | stress_test | decision='migrar NEXUS-PQC-KEM-PILOT' asset=NEXUS-PQC-KEM-PILOT severity=CONFLICT conflict=True label=RECOMMENDED ALTERNATIVE policies=['P002', 'P008']
2026-08-20T19:04:35Z | stress_test | decision='migrar NEXUS-PQC-SIGN-PILOT' asset=NEXUS-PQC-SIGN-PILOT severity=CONFLICT conflict=True label=RECOMMENDED ALTERNATIVE policies=['P002', 'P008']
2026-08-20T19:04:35Z | stress_test | decision='migrar NEXUS-3DES-ATM' asset=NEXUS-3DES-ATM severity=CONFLICT conflict=True label=RECOMMENDED ALTERNATIVE policies=['P002', 'P008', 'P010']
2026-08-20T19:04:35Z | stress_test | decision='migrar NEXUS-ED25519-MESH' asset=NEXUS-ED25519-MESH severity=CONFLICT conflict=True label=RECOMMENDED ALTERNATIVE policies=['P002', 'P007', 'P008']
2026-08-20T19:04:40Z | stress_test | decision='migrar demo-pki' asset=demo-pki severity=WARNING conflict=False label=CONFIRMED DECISION policies=['P011']
2026-08-20T19:04:40Z | stress_test | decision='migrar demo-hsm' asset=demo-hsm severity=CONFLICT conflict=True label=RECOMMENDED ALTERNATIVE policies=['P004']
2026-08-20T19:04:40Z | stress_test | decision='migrar demo-identity' asset=demo-identity severity=CONFLICT conflict=True label=RECOMMENDED ALTERNATIVE policies=['P002', 'P008', 'P009', 'P010', 'P011']
2026-08-20T19:04:40Z | stress_test | decision='migrar demo-sso' asset=demo-sso severity=CONFLICT conflict=True label=RECOMMENDED ALTERNATIVE policies=['P002', 'P008', 'P009', 'P010', 'P011']
2026-08-20T19:04:40Z | stress_test | decision='migrar demo-payment' asset=demo-payment severity=CONFLICT conflict=True label=RECOMMENDED ALTERNATIVE policies=['P002', 'P008', 'P009', 'P010']
2026-08-20T19:04:40Z | stress_test | decision='migrar demo-api' asset=demo-api severity=CONFLICT conflict=True label=RECOMMENDED ALTERNATIVE policies=['P002', 'P008']
2026-08-20T19:04:40Z | stress_test | decision='migrar demo-crm' asset=demo-crm severity=CONFLICT conflict=True label=RECOMMENDED ALTERNATIVE policies=['P002', 'P008', 'P010']
2026-08-20T19:04:40Z | stress_test | decision='migrar demo-legacy-ftp' asset=demo-legacy-ftp severity=WARNING conflict=False label=CONFIRMED DECISION policies=['P009', 'P010']
2026-08-20T19:04:40Z | stress_test | decision='migrar demo-low-wiki' asset=demo-low-wiki severity=CONFLICT conflict=True label=RECOMMENDED ALTERNATIVE policies=['P002', 'P008']
2026-08-20T19:04:40Z | stress_test | decision='migrar demo-cycle-a' asset=demo-cycle-a severity=CONFLICT conflict=True label=DEPENDENCY CYCLE DETECTED policies=['P001', 'P002']
2026-08-20T19:04:40Z | stress_test | decision='migrar demo-cycle-b' asset=demo-cycle-b severity=CONFLICT conflict=True label=DEPENDENCY CYCLE DETECTED policies=['P001', 'P002']
2026-08-20T19:04:40Z | stress_test | decision='migrar demo-ghost' asset=demo-ghost severity=CONFLICT conflict=True label=RECOMMENDED ALTERNATIVE policies=['P002', 'P003', 'P008']
2026-08-20T19:04:40Z | stress_test | decision='migrar demo-migrated' asset=demo-migrated severity=CONFLICT conflict=True label=RECOMMENDED ALTERNATIVE policies=['P004']
2026-08-20T19:04:40Z | stress_test | decision='migrar demo-pqc' asset=demo-pqc severity=CONFLICT conflict=True label=RECOMMENDED ALTERNATIVE policies=['P004']
2026-08-20T19:04:40Z | stress_test | decision='migrar demo-unknown' asset=demo-unknown severity=NO_CONFLICT conflict=False label=CONFIRMED DECISION policies=[]
2026-08-20T19:04:40Z | stress_test | decision='migrar demo-msg' asset=demo-msg severity=CONFLICT conflict=True label=RECOMMENDED ALTERNATIVE policies=['P002', 'P008']
2026-08-20T19:04:40Z | stress_test | decision='migrar demo-portal' asset=demo-portal severity=CONFLICT conflict=True label=RECOMMENDED ALTERNATIVE policies=['P002', 'P008']
2026-08-20T19:05:22Z | stress_test | decision='migrar demo-pki' asset=demo-pki severity=WARNING conflict=False label=CONFIRMED DECISION policies=['P011']
2026-08-20T19:05:22Z | stress_test | decision='migrar demo-hsm' asset=demo-hsm severity=CONFLICT conflict=True label=RECOMMENDED ALTERNATIVE policies=['P004']
2026-08-20T19:05:22Z | stress_test | decision='migrar demo-identity' asset=demo-identity severity=CONFLICT conflict=True label=RECOMMENDED ALTERNATIVE policies=['P002', 'P008', 'P009', 'P010', 'P011']
2026-08-20T19:05:22Z | stress_test | decision='migrar demo-sso' asset=demo-sso severity=CONFLICT conflict=True label=RECOMMENDED ALTERNATIVE policies=['P002', 'P008', 'P009', 'P010', 'P011']
2026-08-20T19:05:22Z | stress_test | decision='migrar demo-payment' asset=demo-payment severity=CONFLICT conflict=True label=RECOMMENDED ALTERNATIVE policies=['P002', 'P008', 'P009', 'P010']
2026-08-20T19:05:22Z | stress_test | decision='migrar demo-api' asset=demo-api severity=CONFLICT conflict=True label=RECOMMENDED ALTERNATIVE policies=['P002', 'P008']
2026-08-20T19:05:22Z | stress_test | decision='migrar demo-crm' asset=demo-crm severity=CONFLICT conflict=True label=RECOMMENDED ALTERNATIVE policies=['P002', 'P008', 'P010']
2026-08-20T19:05:22Z | stress_test | decision='migrar demo-legacy-ftp' asset=demo-legacy-ftp severity=WARNING conflict=False label=CONFIRMED DECISION policies=['P009', 'P010']
2026-08-20T19:05:22Z | stress_test | decision='migrar demo-low-wiki' asset=demo-low-wiki severity=CONFLICT conflict=True label=RECOMMENDED ALTERNATIVE policies=['P002', 'P008']
2026-08-20T19:05:22Z | stress_test | decision='migrar demo-cycle-a' asset=demo-cycle-a severity=CONFLICT conflict=True label=DEPENDENCY CYCLE DETECTED policies=['P001', 'P002']
2026-08-20T19:05:22Z | stress_test | decision='migrar demo-cycle-b' asset=demo-cycle-b severity=CONFLICT conflict=True label=DEPENDENCY CYCLE DETECTED policies=['P001', 'P002']
2026-08-20T19:05:22Z | stress_test | decision='migrar demo-ghost' asset=demo-ghost severity=CONFLICT conflict=True label=RECOMMENDED ALTERNATIVE policies=['P002', 'P003', 'P008']
2026-08-20T19:05:22Z | stress_test | decision='migrar demo-migrated' asset=demo-migrated severity=CONFLICT conflict=True label=RECOMMENDED ALTERNATIVE policies=['P004']
2026-08-20T19:05:22Z | stress_test | decision='migrar demo-pqc' asset=demo-pqc severity=CONFLICT conflict=True label=RECOMMENDED ALTERNATIVE policies=['P004']
2026-08-20T19:05:22Z | stress_test | decision='migrar demo-unknown' asset=demo-unknown severity=NO_CONFLICT conflict=False label=CONFIRMED DECISION policies=[]
2026-08-20T19:05:22Z | stress_test | decision='migrar demo-msg' asset=demo-msg severity=CONFLICT conflict=True label=RECOMMENDED ALTERNATIVE policies=['P002', 'P008']
2026-08-20T19:05:22Z | stress_test | decision='migrar demo-portal' asset=demo-portal severity=CONFLICT conflict=True label=RECOMMENDED ALTERNATIVE policies=['P002', 'P008']
2026-08-20T19:05:24Z | stress_test | decision='migrar NEXUS-PKI-ROOT' asset=NEXUS-PKI-ROOT severity=WARNING conflict=False label=CONFIRMED DECISION policies=['P011']
2026-08-20T19:05:24Z | stress_test | decision='migrar NEXUS-PKI-INT-01' asset=NEXUS-PKI-INT-01 severity=CONFLICT conflict=True label=RECOMMENDED ALTERNATIVE policies=['P002', 'P011']
2026-08-20T19:05:24Z | stress_test | decision='migrar NEXUS-PKI-INT-02' asset=NEXUS-PKI-INT-02 severity=CONFLICT conflict=True label=RECOMMENDED ALTERNATIVE policies=['P002', 'P008', 'P011']
2026-08-20T19:05:24Z | stress_test | decision='migrar NEXUS-HSM-01' asset=NEXUS-HSM-01 severity=CONFLICT conflict=True label=RECOMMENDED ALTERNATIVE policies=['P002', 'P011', 'P012']
2026-08-20T19:05:24Z | stress_test | decision='migrar NEXUS-CERT-MGMT' asset=NEXUS-CERT-MGMT severity=CONFLICT conflict=True label=RECOMMENDED ALTERNATIVE policies=['P002', 'P008', 'P011']
2026-08-20T19:05:24Z | stress_test | decision='migrar NEXUS-IDENTITY-CORE' asset=NEXUS-IDENTITY-CORE severity=CONFLICT conflict=True label=RECOMMENDED ALTERNATIVE policies=['P002', 'P011']
2026-08-20T19:05:24Z | stress_test | decision='migrar NEXUS-SSO-01' asset=NEXUS-SSO-01 severity=CONFLICT conflict=True label=RECOMMENDED ALTERNATIVE policies=['P002', 'P009', 'P010', 'P011']
2026-08-20T19:05:24Z | stress_test | decision='migrar NEXUS-API-GW' asset=NEXUS-API-GW severity=CONFLICT conflict=True label=RECOMMENDED ALTERNATIVE policies=['P002', 'P008', 'P009', 'P010', 'P011']
2026-08-20T19:05:24Z | stress_test | decision='migrar NEXUS-PAYMENT-API' asset=NEXUS-PAYMENT-API severity=CONFLICT conflict=True label=RECOMMENDED ALTERNATIVE policies=['P002', 'P008', 'P009', 'P010', 'P011']
2026-08-20T19:05:24Z | stress_test | decision='migrar NEXUS-PAYMENT-DB' asset=NEXUS-PAYMENT-DB severity=CONFLICT conflict=True label=RECOMMENDED ALTERNATIVE policies=['P002', 'P008']
2026-08-20T19:05:24Z | stress_test | decision='migrar NEXUS-CUSTOMER-PORTAL' asset=NEXUS-CUSTOMER-PORTAL severity=CONFLICT conflict=True label=RECOMMENDED ALTERNATIVE policies=['P002', 'P008']
2026-08-20T19:05:24Z | stress_test | decision='migrar NEXUS-MOBILE-BE' asset=NEXUS-MOBILE-BE severity=CONFLICT conflict=True label=RECOMMENDED ALTERNATIVE policies=['P002', 'P008']
2026-08-20T19:05:24Z | stress_test | decision='migrar NEXUS-CRM' asset=NEXUS-CRM severity=CONFLICT conflict=True label=RECOMMENDED ALTERNATIVE policies=['P002', 'P008']
2026-08-20T19:05:24Z | stress_test | decision='migrar NEXUS-DWH' asset=NEXUS-DWH severity=CONFLICT conflict=True label=RECOMMENDED ALTERNATIVE policies=['P002', 'P008']
2026-08-20T19:05:24Z | stress_test | decision='migrar NEXUS-VPN-GW' asset=NEXUS-VPN-GW severity=CONFLICT conflict=True label=RECOMMENDED ALTERNATIVE policies=['P002', 'P008']
2026-08-20T19:05:24Z | stress_test | decision='migrar NEXUS-SIEM' asset=NEXUS-SIEM severity=CONFLICT conflict=True label=RECOMMENDED ALTERNATIVE policies=['P002', 'P008']
2026-08-20T19:05:24Z | stress_test | decision='migrar NEXUS-K8S-CONTROL' asset=NEXUS-K8S-CONTROL severity=CONFLICT conflict=True label=RECOMMENDED ALTERNATIVE policies=['P002', 'P008']
2026-08-20T19:05:24Z | stress_test | decision='migrar NEXUS-MSG-BUS' asset=NEXUS-MSG-BUS severity=CONFLICT conflict=True label=RECOMMENDED ALTERNATIVE policies=['P002', 'P008']
2026-08-20T19:05:24Z | stress_test | decision='migrar NEXUS-SECRETS' asset=NEXUS-SECRETS severity=CONFLICT conflict=True label=RECOMMENDED ALTERNATIVE policies=['P002', 'P008']
2026-08-20T19:05:24Z | stress_test | decision='migrar NEXUS-CODE-SIGN' asset=NEXUS-CODE-SIGN severity=CONFLICT conflict=True label=RECOMMENDED ALTERNATIVE policies=['P002', 'P008']
2026-08-20T19:05:24Z | stress_test | decision='migrar NEXUS-DOC-SIGN' asset=NEXUS-DOC-SIGN severity=CONFLICT conflict=True label=RECOMMENDED ALTERNATIVE policies=['P002', 'P008']
2026-08-20T19:05:24Z | stress_test | decision='migrar NEXUS-BACKUP' asset=NEXUS-BACKUP severity=CONFLICT conflict=True label=RECOMMENDED ALTERNATIVE policies=['P002', 'P008']
2026-08-20T19:05:24Z | stress_test | decision='migrar NEXUS-LEGACY-FTP' asset=NEXUS-LEGACY-FTP severity=WARNING conflict=False label=CONFIRMED DECISION policies=['P010']
2026-08-20T19:05:24Z | stress_test | decision='migrar NEXUS-LEGACY-PAY' asset=NEXUS-LEGACY-PAY severity=CONFLICT conflict=True label=RECOMMENDED ALTERNATIVE policies=['P002', 'P008']
2026-08-20T19:05:24Z | stress_test | decision='migrar NEXUS-LEGACY-SIGN' asset=NEXUS-LEGACY-SIGN severity=CONFLICT conflict=True label=RECOMMENDED ALTERNATIVE policies=['P002', 'P008']
2026-08-20T19:05:24Z | stress_test | decision='migrar NEXUS-INTERNAL-HR' asset=NEXUS-INTERNAL-HR severity=CONFLICT conflict=True label=RECOMMENDED ALTERNATIVE policies=['P002', 'P008']
2026-08-20T19:05:24Z | stress_test | decision='migrar NEXUS-INTERNAL-WIKI' asset=NEXUS-INTERNAL-WIKI severity=CONFLICT conflict=True label=RECOMMENDED ALTERNATIVE policies=['P002', 'P008']
2026-08-20T19:05:24Z | stress_test | decision='migrar NEXUS-CLOUD-OBJ' asset=NEXUS-CLOUD-OBJ severity=CONFLICT conflict=True label=RECOMMENDED ALTERNATIVE policies=['P002', 'P008']
2026-08-20T19:05:24Z | stress_test | decision='migrar NEXUS-PQC-KEM-PILOT' asset=NEXUS-PQC-KEM-PILOT severity=CONFLICT conflict=True label=RECOMMENDED ALTERNATIVE policies=['P002', 'P008']
2026-08-20T19:05:24Z | stress_test | decision='migrar NEXUS-PQC-SIGN-PILOT' asset=NEXUS-PQC-SIGN-PILOT severity=CONFLICT conflict=True label=RECOMMENDED ALTERNATIVE policies=['P002', 'P008']
2026-08-20T19:05:24Z | stress_test | decision='migrar NEXUS-3DES-ATM' asset=NEXUS-3DES-ATM severity=CONFLICT conflict=True label=RECOMMENDED ALTERNATIVE policies=['P002', 'P008', 'P010']
2026-08-20T19:05:24Z | stress_test | decision='migrar NEXUS-ED25519-MESH' asset=NEXUS-ED25519-MESH severity=CONFLICT conflict=True label=RECOMMENDED ALTERNATIVE policies=['P002', 'P007', 'P008']
2026-08-20T22:11:47Z | stress_test | decision='migrar PKI-ISSUING-CA' asset=PKI-ISSUING-CA severity=CONFLICT conflict=True label=DEPENDENCY CYCLE DETECTED policies=['P001', 'P002', 'P011', 'P012']
2026-08-20T22:11:47Z | stress_test | decision='migrar PKI-ROOT-CA' asset=PKI-ROOT-CA severity=CONFLICT conflict=True label=DEPENDENCY CYCLE DETECTED policies=['P001', 'P002', 'P008', 'P011']
2026-08-20T22:11:47Z | stress_test | decision='migrar IDENTITY-CORE' asset=IDENTITY-CORE severity=CONFLICT conflict=True label=RECOMMENDED ALTERNATIVE policies=['P003', 'P011', 'P012']
2026-08-20T22:11:47Z | stress_test | decision='migrar HSM-GLOBAL-01' asset=HSM-GLOBAL-01 severity=NO_CONFLICT conflict=False label=CONFIRMED DECISION policies=[]
2026-08-20T22:11:47Z | stress_test | decision='migrar HSM-GLOBAL-02' asset=HSM-GLOBAL-02 severity=CONFLICT conflict=True label=DEPENDENCY CYCLE DETECTED policies=['P001', 'P002', 'P008']
2026-08-20T22:11:47Z | stress_test | decision='migrar PAYMENTS-CORE' asset=PAYMENTS-CORE severity=CONFLICT conflict=True label=DEPENDENCY CYCLE DETECTED policies=['P001', 'P002', 'P008', 'P011', 'P012']
2026-08-20T22:11:47Z | stress_test | decision='migrar TREASURY-SYSTEM' asset=TREASURY-SYSTEM severity=CONFLICT conflict=True label=DEPENDENCY CYCLE DETECTED policies=['P001', 'P002', 'P003', 'P008', 'P011', 'P012']
2026-08-20T22:11:47Z | stress_test | decision='migrar ERP-GLOBAL' asset=ERP-GLOBAL severity=CONFLICT conflict=True label=DEPENDENCY CYCLE DETECTED policies=['P001', 'P002', 'P003', 'P008', 'P011', 'P012']
2026-08-20T22:11:47Z | stress_test | decision='migrar MISSION-CONTROL' asset=MISSION-CONTROL severity=CONFLICT conflict=True label=DEPENDENCY CYCLE DETECTED policies=['P001', 'P002', 'P003', 'P011', 'P012']
2026-08-20T22:11:47Z | stress_test | decision='migrar GROUND-STATION-EAST' asset=GROUND-STATION-EAST severity=CONFLICT conflict=True label=DEPENDENCY CYCLE DETECTED policies=['P001', 'P002', 'P003', 'P008', 'P011', 'P012']
2026-08-20T22:11:47Z | stress_test | decision='migrar GROUND-STATION-WEST' asset=GROUND-STATION-WEST severity=CONFLICT conflict=True label=DEPENDENCY CYCLE DETECTED policies=['P001', 'P002', 'P003', 'P008', 'P011', 'P012']
2026-08-20T22:11:47Z | stress_test | decision='migrar CUSTOMER-PORTAL' asset=CUSTOMER-PORTAL severity=CONFLICT conflict=True label=DEPENDENCY CYCLE DETECTED policies=['P001', 'P002', 'P003', 'P008']
2026-08-20T22:11:47Z | stress_test | decision='migrar CUSTOMER-API' asset=CUSTOMER-API severity=CONFLICT conflict=True label=DEPENDENCY CYCLE DETECTED policies=['P001', 'P002', 'P003', 'P008', 'P011', 'P012']
2026-08-20T22:11:47Z | stress_test | decision='migrar CODE-SIGNING' asset=CODE-SIGNING severity=CONFLICT conflict=True label=DEPENDENCY CYCLE DETECTED policies=['P001', 'P002', 'P003', 'P008', 'P011', 'P012']
2026-08-20T22:11:47Z | stress_test | decision='migrar API-GATEWAY' asset=API-GATEWAY severity=CONFLICT conflict=True label=DEPENDENCY CYCLE DETECTED policies=['P001', 'P002', 'P003', 'P008']
2026-08-20T22:11:47Z | stress_test | decision='migrar TELEMETRY-CORE' asset=TELEMETRY-CORE severity=CONFLICT conflict=True label=DEPENDENCY CYCLE DETECTED policies=['P001', 'P002', 'P003', 'P008', 'P011', 'P012']
2026-08-20T22:11:47Z | stress_test | decision='migrar LEGACY-SATCOM' asset=LEGACY-SATCOM severity=CONFLICT conflict=True label=DEPENDENCY CYCLE DETECTED policies=['P001', 'P002', 'P003', 'P008', 'P011']
2026-08-20T22:11:47Z | stress_test | decision='migrar FLIGHT-DATA' asset=FLIGHT-DATA severity=CONFLICT conflict=True label=DEPENDENCY CYCLE DETECTED policies=['P001', 'P002', 'P003', 'P008']
2026-08-20T22:11:47Z | stress_test | decision='migrar SECURITY-SIEM' asset=SECURITY-SIEM severity=CONFLICT conflict=True label=DEPENDENCY CYCLE DETECTED policies=['P001', 'P002', 'P003', 'P008']
2026-08-20T22:11:47Z | stress_test | decision='migrar SOC-PLATFORM' asset=SOC-PLATFORM severity=CONFLICT conflict=True label=DEPENDENCY CYCLE DETECTED policies=['P001', 'P002', 'P003', 'P008']
2026-08-20T22:11:47Z | stress_test | decision='migrar LEGACY-FTP' asset=LEGACY-FTP severity=NO_CONFLICT conflict=False label=CONFIRMED DECISION policies=[]
2026-08-20T22:11:47Z | stress_test | decision='migrar ENGINEERING-PORTAL' asset=ENGINEERING-PORTAL severity=NO_CONFLICT conflict=False label=CONFIRMED DECISION policies=[]
2026-08-20T22:12:05Z | stress_test | decision='migrar PKI-ISSUING-CA' asset=PKI-ISSUING-CA severity=CONFLICT conflict=True label=DEPENDENCY CYCLE DETECTED policies=['P001', 'P002', 'P011', 'P012']
2026-08-20T22:12:05Z | stress_test | decision='migrar PKI-ROOT-CA' asset=PKI-ROOT-CA severity=CONFLICT conflict=True label=DEPENDENCY CYCLE DETECTED policies=['P001', 'P002', 'P008', 'P011']
2026-08-20T22:12:05Z | stress_test | decision='migrar IDENTITY-CORE' asset=IDENTITY-CORE severity=CONFLICT conflict=True label=RECOMMENDED ALTERNATIVE policies=['P003', 'P011', 'P012']
2026-08-20T22:12:05Z | stress_test | decision='migrar HSM-GLOBAL-01' asset=HSM-GLOBAL-01 severity=NO_CONFLICT conflict=False label=CONFIRMED DECISION policies=[]
2026-08-20T22:12:05Z | stress_test | decision='migrar HSM-GLOBAL-02' asset=HSM-GLOBAL-02 severity=CONFLICT conflict=True label=DEPENDENCY CYCLE DETECTED policies=['P001', 'P002', 'P008']
2026-08-20T22:12:05Z | stress_test | decision='migrar PAYMENTS-CORE' asset=PAYMENTS-CORE severity=CONFLICT conflict=True label=DEPENDENCY CYCLE DETECTED policies=['P001', 'P002', 'P008', 'P011', 'P012']
2026-08-20T22:12:05Z | stress_test | decision='migrar TREASURY-SYSTEM' asset=TREASURY-SYSTEM severity=CONFLICT conflict=True label=DEPENDENCY CYCLE DETECTED policies=['P001', 'P002', 'P003', 'P008', 'P011', 'P012']
2026-08-20T22:12:05Z | stress_test | decision='migrar ERP-GLOBAL' asset=ERP-GLOBAL severity=CONFLICT conflict=True label=DEPENDENCY CYCLE DETECTED policies=['P001', 'P002', 'P003', 'P008', 'P011', 'P012']
2026-08-20T22:12:05Z | stress_test | decision='migrar MISSION-CONTROL' asset=MISSION-CONTROL severity=CONFLICT conflict=True label=DEPENDENCY CYCLE DETECTED policies=['P001', 'P002', 'P003', 'P011', 'P012']
2026-08-20T22:12:05Z | stress_test | decision='migrar GROUND-STATION-EAST' asset=GROUND-STATION-EAST severity=CONFLICT conflict=True label=DEPENDENCY CYCLE DETECTED policies=['P001', 'P002', 'P003', 'P008', 'P011', 'P012']
2026-08-20T22:12:05Z | stress_test | decision='migrar GROUND-STATION-WEST' asset=GROUND-STATION-WEST severity=CONFLICT conflict=True label=DEPENDENCY CYCLE DETECTED policies=['P001', 'P002', 'P003', 'P008', 'P011', 'P012']
2026-08-20T22:12:05Z | stress_test | decision='migrar CUSTOMER-PORTAL' asset=CUSTOMER-PORTAL severity=CONFLICT conflict=True label=DEPENDENCY CYCLE DETECTED policies=['P001', 'P002', 'P003', 'P008']
2026-08-20T22:12:05Z | stress_test | decision='migrar CUSTOMER-API' asset=CUSTOMER-API severity=CONFLICT conflict=True label=DEPENDENCY CYCLE DETECTED policies=['P001', 'P002', 'P003', 'P008', 'P011', 'P012']
2026-08-20T22:12:05Z | stress_test | decision='migrar CODE-SIGNING' asset=CODE-SIGNING severity=CONFLICT conflict=True label=DEPENDENCY CYCLE DETECTED policies=['P001', 'P002', 'P003', 'P008', 'P011', 'P012']
2026-08-20T22:12:05Z | stress_test | decision='migrar API-GATEWAY' asset=API-GATEWAY severity=CONFLICT conflict=True label=DEPENDENCY CYCLE DETECTED policies=['P001', 'P002', 'P003', 'P008']
2026-08-20T22:12:05Z | stress_test | decision='migrar TELEMETRY-CORE' asset=TELEMETRY-CORE severity=CONFLICT conflict=True label=DEPENDENCY CYCLE DETECTED policies=['P001', 'P002', 'P003', 'P008', 'P011', 'P012']
2026-08-20T22:12:05Z | stress_test | decision='migrar LEGACY-SATCOM' asset=LEGACY-SATCOM severity=CONFLICT conflict=True label=DEPENDENCY CYCLE DETECTED policies=['P001', 'P002', 'P003', 'P008', 'P011']
2026-08-20T22:12:05Z | stress_test | decision='migrar FLIGHT-DATA' asset=FLIGHT-DATA severity=CONFLICT conflict=True label=DEPENDENCY CYCLE DETECTED policies=['P001', 'P002', 'P003', 'P008']
2026-08-20T22:12:05Z | stress_test | decision='migrar SECURITY-SIEM' asset=SECURITY-SIEM severity=CONFLICT conflict=True label=DEPENDENCY CYCLE DETECTED policies=['P001', 'P002', 'P003', 'P008']
2026-08-20T22:12:05Z | stress_test | decision='migrar SOC-PLATFORM' asset=SOC-PLATFORM severity=CONFLICT conflict=True label=DEPENDENCY CYCLE DETECTED policies=['P001', 'P002', 'P003', 'P008']
2026-08-20T22:12:05Z | stress_test | decision='migrar LEGACY-FTP' asset=LEGACY-FTP severity=NO_CONFLICT conflict=False label=CONFIRMED DECISION policies=[]
2026-08-20T22:12:05Z | stress_test | decision='migrar ENGINEERING-PORTAL' asset=ENGINEERING-PORTAL severity=NO_CONFLICT conflict=False label=CONFIRMED DECISION policies=[]
2026-08-20T22:12:06Z | stress_test | decision='migrar PKI-ISSUING-CA' asset=PKI-ISSUING-CA severity=CONFLICT conflict=True label=DEPENDENCY CYCLE DETECTED policies=['P001', 'P002', 'P011', 'P012']
2026-08-20T22:12:06Z | stress_test | decision='migrar PKI-ROOT-CA' asset=PKI-ROOT-CA severity=CONFLICT conflict=True label=DEPENDENCY CYCLE DETECTED policies=['P001', 'P002', 'P008', 'P011']
2026-08-20T22:12:06Z | stress_test | decision='migrar IDENTITY-CORE' asset=IDENTITY-CORE severity=CONFLICT conflict=True label=RECOMMENDED ALTERNATIVE policies=['P003', 'P011', 'P012']
2026-08-20T22:12:06Z | stress_test | decision='migrar HSM-GLOBAL-01' asset=HSM-GLOBAL-01 severity=NO_CONFLICT conflict=False label=CONFIRMED DECISION policies=[]
2026-08-20T22:12:06Z | stress_test | decision='migrar HSM-GLOBAL-02' asset=HSM-GLOBAL-02 severity=CONFLICT conflict=True label=DEPENDENCY CYCLE DETECTED policies=['P001', 'P002', 'P008']
2026-08-20T22:12:06Z | stress_test | decision='migrar PAYMENTS-CORE' asset=PAYMENTS-CORE severity=CONFLICT conflict=True label=DEPENDENCY CYCLE DETECTED policies=['P001', 'P002', 'P008', 'P011', 'P012']
2026-08-20T22:12:06Z | stress_test | decision='migrar TREASURY-SYSTEM' asset=TREASURY-SYSTEM severity=CONFLICT conflict=True label=DEPENDENCY CYCLE DETECTED policies=['P001', 'P002', 'P003', 'P008', 'P011', 'P012']
2026-08-20T22:12:06Z | stress_test | decision='migrar ERP-GLOBAL' asset=ERP-GLOBAL severity=CONFLICT conflict=True label=DEPENDENCY CYCLE DETECTED policies=['P001', 'P002', 'P003', 'P008', 'P011', 'P012']
2026-08-20T22:12:06Z | stress_test | decision='migrar MISSION-CONTROL' asset=MISSION-CONTROL severity=CONFLICT conflict=True label=DEPENDENCY CYCLE DETECTED policies=['P001', 'P002', 'P003', 'P011', 'P012']
2026-08-20T22:12:06Z | stress_test | decision='migrar GROUND-STATION-EAST' asset=GROUND-STATION-EAST severity=CONFLICT conflict=True label=DEPENDENCY CYCLE DETECTED policies=['P001', 'P002', 'P003', 'P008', 'P011', 'P012']
2026-08-20T22:12:06Z | stress_test | decision='migrar GROUND-STATION-WEST' asset=GROUND-STATION-WEST severity=CONFLICT conflict=True label=DEPENDENCY CYCLE DETECTED policies=['P001', 'P002', 'P003', 'P008', 'P011', 'P012']
2026-08-20T22:12:06Z | stress_test | decision='migrar CUSTOMER-PORTAL' asset=CUSTOMER-PORTAL severity=CONFLICT conflict=True label=DEPENDENCY CYCLE DETECTED policies=['P001', 'P002', 'P003', 'P008']
2026-08-20T22:12:06Z | stress_test | decision='migrar CUSTOMER-API' asset=CUSTOMER-API severity=CONFLICT conflict=True label=DEPENDENCY CYCLE DETECTED policies=['P001', 'P002', 'P003', 'P008', 'P011', 'P012']
2026-08-20T22:12:06Z | stress_test | decision='migrar CODE-SIGNING' asset=CODE-SIGNING severity=CONFLICT conflict=True label=DEPENDENCY CYCLE DETECTED policies=['P001', 'P002', 'P003', 'P008', 'P011', 'P012']
2026-08-20T22:12:06Z | stress_test | decision='migrar API-GATEWAY' asset=API-GATEWAY severity=CONFLICT conflict=True label=DEPENDENCY CYCLE DETECTED policies=['P001', 'P002', 'P003', 'P008']
2026-08-20T22:12:06Z | stress_test | decision='migrar TELEMETRY-CORE' asset=TELEMETRY-CORE severity=CONFLICT conflict=True label=DEPENDENCY CYCLE DETECTED policies=['P001', 'P002', 'P003', 'P008', 'P011', 'P012']
2026-08-20T22:12:06Z | stress_test | decision='migrar LEGACY-SATCOM' asset=LEGACY-SATCOM severity=CONFLICT conflict=True label=DEPENDENCY CYCLE DETECTED policies=['P001', 'P002', 'P003', 'P008', 'P011']
2026-08-20T22:12:06Z | stress_test | decision='migrar FLIGHT-DATA' asset=FLIGHT-DATA severity=CONFLICT conflict=True label=DEPENDENCY CYCLE DETECTED policies=['P001', 'P002', 'P003', 'P008']
2026-08-20T22:12:06Z | stress_test | decision='migrar SECURITY-SIEM' asset=SECURITY-SIEM severity=CONFLICT conflict=True label=DEPENDENCY CYCLE DETECTED policies=['P001', 'P002', 'P003', 'P008']
2026-08-20T22:12:06Z | stress_test | decision='migrar SOC-PLATFORM' asset=SOC-PLATFORM severity=CONFLICT conflict=True label=DEPENDENCY CYCLE DETECTED policies=['P001', 'P002', 'P003', 'P008']
2026-08-20T22:12:06Z | stress_test | decision='migrar LEGACY-FTP' asset=LEGACY-FTP severity=NO_CONFLICT conflict=False label=CONFIRMED DECISION policies=[]
2026-08-20T22:12:06Z | stress_test | decision='migrar ENGINEERING-PORTAL' asset=ENGINEERING-PORTAL severity=NO_CONFLICT conflict=False label=CONFIRMED DECISION policies=[]
2026-08-20T22:12:35Z | stress_test | decision='migrar PKI-ISSUING-CA' asset=PKI-ISSUING-CA severity=CONFLICT conflict=True label=DEPENDENCY CYCLE DETECTED policies=['P001', 'P002', 'P011', 'P012']
2026-08-20T22:12:35Z | stress_test | decision='migrar PKI-ROOT-CA' asset=PKI-ROOT-CA severity=CONFLICT conflict=True label=DEPENDENCY CYCLE DETECTED policies=['P001', 'P002', 'P008', 'P011']
2026-08-20T22:12:35Z | stress_test | decision='migrar IDENTITY-CORE' asset=IDENTITY-CORE severity=CONFLICT conflict=True label=RECOMMENDED ALTERNATIVE policies=['P003', 'P011', 'P012']
2026-08-20T22:12:35Z | stress_test | decision='migrar HSM-GLOBAL-01' asset=HSM-GLOBAL-01 severity=NO_CONFLICT conflict=False label=CONFIRMED DECISION policies=[]
2026-08-20T22:12:35Z | stress_test | decision='migrar HSM-GLOBAL-02' asset=HSM-GLOBAL-02 severity=CONFLICT conflict=True label=DEPENDENCY CYCLE DETECTED policies=['P001', 'P002', 'P008']
2026-08-20T22:12:35Z | stress_test | decision='migrar PAYMENTS-CORE' asset=PAYMENTS-CORE severity=CONFLICT conflict=True label=DEPENDENCY CYCLE DETECTED policies=['P001', 'P002', 'P008', 'P011', 'P012']
2026-08-20T22:12:35Z | stress_test | decision='migrar TREASURY-SYSTEM' asset=TREASURY-SYSTEM severity=CONFLICT conflict=True label=DEPENDENCY CYCLE DETECTED policies=['P001', 'P002', 'P003', 'P008', 'P011', 'P012']
2026-08-20T22:12:35Z | stress_test | decision='migrar ERP-GLOBAL' asset=ERP-GLOBAL severity=CONFLICT conflict=True label=DEPENDENCY CYCLE DETECTED policies=['P001', 'P002', 'P003', 'P008', 'P011', 'P012']
2026-08-20T22:12:35Z | stress_test | decision='migrar MISSION-CONTROL' asset=MISSION-CONTROL severity=CONFLICT conflict=True label=DEPENDENCY CYCLE DETECTED policies=['P001', 'P002', 'P003', 'P011', 'P012']
2026-08-20T22:12:35Z | stress_test | decision='migrar GROUND-STATION-EAST' asset=GROUND-STATION-EAST severity=CONFLICT conflict=True label=DEPENDENCY CYCLE DETECTED policies=['P001', 'P002', 'P003', 'P008', 'P011', 'P012']
2026-08-20T22:12:35Z | stress_test | decision='migrar GROUND-STATION-WEST' asset=GROUND-STATION-WEST severity=CONFLICT conflict=True label=DEPENDENCY CYCLE DETECTED policies=['P001', 'P002', 'P003', 'P008', 'P011', 'P012']
2026-08-20T22:12:35Z | stress_test | decision='migrar CUSTOMER-PORTAL' asset=CUSTOMER-PORTAL severity=CONFLICT conflict=True label=DEPENDENCY CYCLE DETECTED policies=['P001', 'P002', 'P003', 'P008']
2026-08-20T22:12:35Z | stress_test | decision='migrar CUSTOMER-API' asset=CUSTOMER-API severity=CONFLICT conflict=True label=DEPENDENCY CYCLE DETECTED policies=['P001', 'P002', 'P003', 'P008', 'P011', 'P012']
2026-08-20T22:12:35Z | stress_test | decision='migrar CODE-SIGNING' asset=CODE-SIGNING severity=CONFLICT conflict=True label=DEPENDENCY CYCLE DETECTED policies=['P001', 'P002', 'P003', 'P008', 'P011', 'P012']
2026-08-20T22:12:35Z | stress_test | decision='migrar API-GATEWAY' asset=API-GATEWAY severity=CONFLICT conflict=True label=DEPENDENCY CYCLE DETECTED policies=['P001', 'P002', 'P003', 'P008']
2026-08-20T22:12:35Z | stress_test | decision='migrar TELEMETRY-CORE' asset=TELEMETRY-CORE severity=CONFLICT conflict=True label=DEPENDENCY CYCLE DETECTED policies=['P001', 'P002', 'P003', 'P008', 'P011', 'P012']
2026-08-20T22:12:35Z | stress_test | decision='migrar LEGACY-SATCOM' asset=LEGACY-SATCOM severity=CONFLICT conflict=True label=DEPENDENCY CYCLE DETECTED policies=['P001', 'P002', 'P003', 'P008', 'P011']
2026-08-20T22:12:35Z | stress_test | decision='migrar FLIGHT-DATA' asset=FLIGHT-DATA severity=CONFLICT conflict=True label=DEPENDENCY CYCLE DETECTED policies=['P001', 'P002', 'P003', 'P008']
2026-08-20T22:12:35Z | stress_test | decision='migrar SECURITY-SIEM' asset=SECURITY-SIEM severity=CONFLICT conflict=True label=DEPENDENCY CYCLE DETECTED policies=['P001', 'P002', 'P003', 'P008']
2026-08-20T22:12:35Z | stress_test | decision='migrar SOC-PLATFORM' asset=SOC-PLATFORM severity=CONFLICT conflict=True label=DEPENDENCY CYCLE DETECTED policies=['P001', 'P002', 'P003', 'P008']
2026-08-20T22:12:35Z | stress_test | decision='migrar LEGACY-FTP' asset=LEGACY-FTP severity=NO_CONFLICT conflict=False label=CONFIRMED DECISION policies=[]
2026-08-20T22:12:35Z | stress_test | decision='migrar ENGINEERING-PORTAL' asset=ENGINEERING-PORTAL severity=NO_CONFLICT conflict=False label=CONFIRMED DECISION policies=[]
2026-08-20T22:12:36Z | stress_test | decision='migrar PKI-ISSUING-CA' asset=PKI-ISSUING-CA severity=CONFLICT conflict=True label=DEPENDENCY CYCLE DETECTED policies=['P001', 'P002', 'P011', 'P012']
2026-08-20T22:12:36Z | stress_test | decision='migrar PKI-ROOT-CA' asset=PKI-ROOT-CA severity=CONFLICT conflict=True label=DEPENDENCY CYCLE DETECTED policies=['P001', 'P002', 'P008', 'P011']
2026-08-20T22:12:36Z | stress_test | decision='migrar IDENTITY-CORE' asset=IDENTITY-CORE severity=CONFLICT conflict=True label=RECOMMENDED ALTERNATIVE policies=['P003', 'P011', 'P012']
2026-08-20T22:12:36Z | stress_test | decision='migrar HSM-GLOBAL-01' asset=HSM-GLOBAL-01 severity=NO_CONFLICT conflict=False label=CONFIRMED DECISION policies=[]
2026-08-20T22:12:36Z | stress_test | decision='migrar HSM-GLOBAL-02' asset=HSM-GLOBAL-02 severity=CONFLICT conflict=True label=DEPENDENCY CYCLE DETECTED policies=['P001', 'P002', 'P008']
2026-08-20T22:12:36Z | stress_test | decision='migrar PAYMENTS-CORE' asset=PAYMENTS-CORE severity=CONFLICT conflict=True label=DEPENDENCY CYCLE DETECTED policies=['P001', 'P002', 'P008', 'P011', 'P012']
2026-08-20T22:12:36Z | stress_test | decision='migrar TREASURY-SYSTEM' asset=TREASURY-SYSTEM severity=CONFLICT conflict=True label=DEPENDENCY CYCLE DETECTED policies=['P001', 'P002', 'P003', 'P008', 'P011', 'P012']
2026-08-20T22:12:36Z | stress_test | decision='migrar ERP-GLOBAL' asset=ERP-GLOBAL severity=CONFLICT conflict=True label=DEPENDENCY CYCLE DETECTED policies=['P001', 'P002', 'P003', 'P008', 'P011', 'P012']
2026-08-20T22:12:36Z | stress_test | decision='migrar MISSION-CONTROL' asset=MISSION-CONTROL severity=CONFLICT conflict=True label=DEPENDENCY CYCLE DETECTED policies=['P001', 'P002', 'P003', 'P011', 'P012']
2026-08-20T22:12:36Z | stress_test | decision='migrar GROUND-STATION-EAST' asset=GROUND-STATION-EAST severity=CONFLICT conflict=True label=DEPENDENCY CYCLE DETECTED policies=['P001', 'P002', 'P003', 'P008', 'P011', 'P012']
2026-08-20T22:12:36Z | stress_test | decision='migrar GROUND-STATION-WEST' asset=GROUND-STATION-WEST severity=CONFLICT conflict=True label=DEPENDENCY CYCLE DETECTED policies=['P001', 'P002', 'P003', 'P008', 'P011', 'P012']
2026-08-20T22:12:36Z | stress_test | decision='migrar CUSTOMER-PORTAL' asset=CUSTOMER-PORTAL severity=CONFLICT conflict=True label=DEPENDENCY CYCLE DETECTED policies=['P001', 'P002', 'P003', 'P008']
2026-08-20T22:12:36Z | stress_test | decision='migrar CUSTOMER-API' asset=CUSTOMER-API severity=CONFLICT conflict=True label=DEPENDENCY CYCLE DETECTED policies=['P001', 'P002', 'P003', 'P008', 'P011', 'P012']
2026-08-20T22:12:36Z | stress_test | decision='migrar CODE-SIGNING' asset=CODE-SIGNING severity=CONFLICT conflict=True label=DEPENDENCY CYCLE DETECTED policies=['P001', 'P002', 'P003', 'P008', 'P011', 'P012']
2026-08-20T22:12:36Z | stress_test | decision='migrar API-GATEWAY' asset=API-GATEWAY severity=CONFLICT conflict=True label=DEPENDENCY CYCLE DETECTED policies=['P001', 'P002', 'P003', 'P008']
2026-08-20T22:12:36Z | stress_test | decision='migrar TELEMETRY-CORE' asset=TELEMETRY-CORE severity=CONFLICT conflict=True label=DEPENDENCY CYCLE DETECTED policies=['P001', 'P002', 'P003', 'P008', 'P011', 'P012']
2026-08-20T22:12:36Z | stress_test | decision='migrar LEGACY-SATCOM' asset=LEGACY-SATCOM severity=CONFLICT conflict=True label=DEPENDENCY CYCLE DETECTED policies=['P001', 'P002', 'P003', 'P008', 'P011']
2026-08-20T22:12:36Z | stress_test | decision='migrar FLIGHT-DATA' asset=FLIGHT-DATA severity=CONFLICT conflict=True label=DEPENDENCY CYCLE DETECTED policies=['P001', 'P002', 'P003', 'P008']
2026-08-20T22:12:36Z | stress_test | decision='migrar SECURITY-SIEM' asset=SECURITY-SIEM severity=CONFLICT conflict=True label=DEPENDENCY CYCLE DETECTED policies=['P001', 'P002', 'P003', 'P008']
2026-08-20T22:12:36Z | stress_test | decision='migrar SOC-PLATFORM' asset=SOC-PLATFORM severity=CONFLICT conflict=True label=DEPENDENCY CYCLE DETECTED policies=['P001', 'P002', 'P003', 'P008']
2026-08-20T22:12:36Z | stress_test | decision='migrar LEGACY-FTP' asset=LEGACY-FTP severity=NO_CONFLICT conflict=False label=CONFIRMED DECISION policies=[]
2026-08-20T22:12:36Z | stress_test | decision='migrar ENGINEERING-PORTAL' asset=ENGINEERING-PORTAL severity=NO_CONFLICT conflict=False label=CONFIRMED DECISION policies=[]
2026-08-20T22:14:21Z | stress_test | decision='migrar PKI-ISSUING-CA' asset=PKI-ISSUING-CA severity=CONFLICT conflict=True label=DEPENDENCY CYCLE DETECTED policies=['P001', 'P002', 'P011', 'P012']
2026-08-20T22:14:21Z | stress_test | decision='migrar PKI-ROOT-CA' asset=PKI-ROOT-CA severity=CONFLICT conflict=True label=DEPENDENCY CYCLE DETECTED policies=['P001', 'P002', 'P008', 'P011']
2026-08-20T22:14:21Z | stress_test | decision='migrar IDENTITY-CORE' asset=IDENTITY-CORE severity=CONFLICT conflict=True label=RECOMMENDED ALTERNATIVE policies=['P003', 'P011', 'P012']
2026-08-20T22:14:21Z | stress_test | decision='migrar HSM-GLOBAL-01' asset=HSM-GLOBAL-01 severity=NO_CONFLICT conflict=False label=CONFIRMED DECISION policies=[]
2026-08-20T22:14:21Z | stress_test | decision='migrar HSM-GLOBAL-02' asset=HSM-GLOBAL-02 severity=CONFLICT conflict=True label=DEPENDENCY CYCLE DETECTED policies=['P001', 'P002', 'P008']
2026-08-20T22:14:21Z | stress_test | decision='migrar PAYMENTS-CORE' asset=PAYMENTS-CORE severity=CONFLICT conflict=True label=DEPENDENCY CYCLE DETECTED policies=['P001', 'P002', 'P008', 'P011', 'P012']
2026-08-20T22:14:21Z | stress_test | decision='migrar TREASURY-SYSTEM' asset=TREASURY-SYSTEM severity=CONFLICT conflict=True label=DEPENDENCY CYCLE DETECTED policies=['P001', 'P002', 'P003', 'P008', 'P011', 'P012']
2026-08-20T22:14:21Z | stress_test | decision='migrar ERP-GLOBAL' asset=ERP-GLOBAL severity=CONFLICT conflict=True label=DEPENDENCY CYCLE DETECTED policies=['P001', 'P002', 'P003', 'P008', 'P011', 'P012']
2026-08-20T22:14:21Z | stress_test | decision='migrar MISSION-CONTROL' asset=MISSION-CONTROL severity=CONFLICT conflict=True label=DEPENDENCY CYCLE DETECTED policies=['P001', 'P002', 'P003', 'P011', 'P012']
2026-08-20T22:14:21Z | stress_test | decision='migrar GROUND-STATION-EAST' asset=GROUND-STATION-EAST severity=CONFLICT conflict=True label=DEPENDENCY CYCLE DETECTED policies=['P001', 'P002', 'P003', 'P008', 'P011', 'P012']
2026-08-20T22:14:21Z | stress_test | decision='migrar GROUND-STATION-WEST' asset=GROUND-STATION-WEST severity=CONFLICT conflict=True label=DEPENDENCY CYCLE DETECTED policies=['P001', 'P002', 'P003', 'P008', 'P011', 'P012']
2026-08-20T22:14:21Z | stress_test | decision='migrar CUSTOMER-PORTAL' asset=CUSTOMER-PORTAL severity=CONFLICT conflict=True label=DEPENDENCY CYCLE DETECTED policies=['P001', 'P002', 'P003', 'P008']
2026-08-20T22:14:21Z | stress_test | decision='migrar CUSTOMER-API' asset=CUSTOMER-API severity=CONFLICT conflict=True label=DEPENDENCY CYCLE DETECTED policies=['P001', 'P002', 'P003', 'P008', 'P011', 'P012']
2026-08-20T22:14:21Z | stress_test | decision='migrar CODE-SIGNING' asset=CODE-SIGNING severity=CONFLICT conflict=True label=DEPENDENCY CYCLE DETECTED policies=['P001', 'P002', 'P003', 'P008', 'P011', 'P012']
2026-08-20T22:14:21Z | stress_test | decision='migrar API-GATEWAY' asset=API-GATEWAY severity=CONFLICT conflict=True label=DEPENDENCY CYCLE DETECTED policies=['P001', 'P002', 'P003', 'P008']
2026-08-20T22:14:21Z | stress_test | decision='migrar TELEMETRY-CORE' asset=TELEMETRY-CORE severity=CONFLICT conflict=True label=DEPENDENCY CYCLE DETECTED policies=['P001', 'P002', 'P003', 'P008', 'P011', 'P012']
2026-08-20T22:14:21Z | stress_test | decision='migrar LEGACY-SATCOM' asset=LEGACY-SATCOM severity=CONFLICT conflict=True label=DEPENDENCY CYCLE DETECTED policies=['P001', 'P002', 'P003', 'P008', 'P011']
2026-08-20T22:14:21Z | stress_test | decision='migrar FLIGHT-DATA' asset=FLIGHT-DATA severity=CONFLICT conflict=True label=DEPENDENCY CYCLE DETECTED policies=['P001', 'P002', 'P003', 'P008']
2026-08-20T22:14:21Z | stress_test | decision='migrar SECURITY-SIEM' asset=SECURITY-SIEM severity=CONFLICT conflict=True label=DEPENDENCY CYCLE DETECTED policies=['P001', 'P002', 'P003', 'P008']
2026-08-20T22:14:21Z | stress_test | decision='migrar SOC-PLATFORM' asset=SOC-PLATFORM severity=CONFLICT conflict=True label=DEPENDENCY CYCLE DETECTED policies=['P001', 'P002', 'P003', 'P008']
2026-08-20T22:14:21Z | stress_test | decision='migrar LEGACY-FTP' asset=LEGACY-FTP severity=NO_CONFLICT conflict=False label=CONFIRMED DECISION policies=[]
2026-08-20T22:14:21Z | stress_test | decision='migrar ENGINEERING-PORTAL' asset=ENGINEERING-PORTAL severity=NO_CONFLICT conflict=False label=CONFIRMED DECISION policies=[]
2026-08-20T22:14:22Z | stress_test | decision='migrar PKI-ISSUING-CA' asset=PKI-ISSUING-CA severity=CONFLICT conflict=True label=DEPENDENCY CYCLE DETECTED policies=['P001', 'P002', 'P011', 'P012']
2026-08-20T22:14:22Z | stress_test | decision='migrar PKI-ROOT-CA' asset=PKI-ROOT-CA severity=CONFLICT conflict=True label=DEPENDENCY CYCLE DETECTED policies=['P001', 'P002', 'P008', 'P011']
2026-08-20T22:14:22Z | stress_test | decision='migrar IDENTITY-CORE' asset=IDENTITY-CORE severity=CONFLICT conflict=True label=RECOMMENDED ALTERNATIVE policies=['P003', 'P011', 'P012']
2026-08-20T22:14:22Z | stress_test | decision='migrar HSM-GLOBAL-01' asset=HSM-GLOBAL-01 severity=NO_CONFLICT conflict=False label=CONFIRMED DECISION policies=[]
2026-08-20T22:14:22Z | stress_test | decision='migrar HSM-GLOBAL-02' asset=HSM-GLOBAL-02 severity=CONFLICT conflict=True label=DEPENDENCY CYCLE DETECTED policies=['P001', 'P002', 'P008']
2026-08-20T22:14:22Z | stress_test | decision='migrar PAYMENTS-CORE' asset=PAYMENTS-CORE severity=CONFLICT conflict=True label=DEPENDENCY CYCLE DETECTED policies=['P001', 'P002', 'P008', 'P011', 'P012']
2026-08-20T22:14:22Z | stress_test | decision='migrar TREASURY-SYSTEM' asset=TREASURY-SYSTEM severity=CONFLICT conflict=True label=DEPENDENCY CYCLE DETECTED policies=['P001', 'P002', 'P003', 'P008', 'P011', 'P012']
2026-08-20T22:14:22Z | stress_test | decision='migrar ERP-GLOBAL' asset=ERP-GLOBAL severity=CONFLICT conflict=True label=DEPENDENCY CYCLE DETECTED policies=['P001', 'P002', 'P003', 'P008', 'P011', 'P012']
2026-08-20T22:14:22Z | stress_test | decision='migrar MISSION-CONTROL' asset=MISSION-CONTROL severity=CONFLICT conflict=True label=DEPENDENCY CYCLE DETECTED policies=['P001', 'P002', 'P003', 'P011', 'P012']
2026-08-20T22:14:22Z | stress_test | decision='migrar GROUND-STATION-EAST' asset=GROUND-STATION-EAST severity=CONFLICT conflict=True label=DEPENDENCY CYCLE DETECTED policies=['P001', 'P002', 'P003', 'P008', 'P011', 'P012']
2026-08-20T22:14:22Z | stress_test | decision='migrar GROUND-STATION-WEST' asset=GROUND-STATION-WEST severity=CONFLICT conflict=True label=DEPENDENCY CYCLE DETECTED policies=['P001', 'P002', 'P003', 'P008', 'P011', 'P012']
2026-08-20T22:14:22Z | stress_test | decision='migrar CUSTOMER-PORTAL' asset=CUSTOMER-PORTAL severity=CONFLICT conflict=True label=DEPENDENCY CYCLE DETECTED policies=['P001', 'P002', 'P003', 'P008']
2026-08-20T22:14:22Z | stress_test | decision='migrar CUSTOMER-API' asset=CUSTOMER-API severity=CONFLICT conflict=True label=DEPENDENCY CYCLE DETECTED policies=['P001', 'P002', 'P003', 'P008', 'P011', 'P012']
2026-08-20T22:14:22Z | stress_test | decision='migrar CODE-SIGNING' asset=CODE-SIGNING severity=CONFLICT conflict=True label=DEPENDENCY CYCLE DETECTED policies=['P001', 'P002', 'P003', 'P008', 'P011', 'P012']
2026-08-20T22:14:22Z | stress_test | decision='migrar API-GATEWAY' asset=API-GATEWAY severity=CONFLICT conflict=True label=DEPENDENCY CYCLE DETECTED policies=['P001', 'P002', 'P003', 'P008']
2026-08-20T22:14:22Z | stress_test | decision='migrar TELEMETRY-CORE' asset=TELEMETRY-CORE severity=CONFLICT conflict=True label=DEPENDENCY CYCLE DETECTED policies=['P001', 'P002', 'P003', 'P008', 'P011', 'P012']
2026-08-20T22:14:22Z | stress_test | decision='migrar LEGACY-SATCOM' asset=LEGACY-SATCOM severity=CONFLICT conflict=True label=DEPENDENCY CYCLE DETECTED policies=['P001', 'P002', 'P003', 'P008', 'P011']
2026-08-20T22:14:22Z | stress_test | decision='migrar FLIGHT-DATA' asset=FLIGHT-DATA severity=CONFLICT conflict=True label=DEPENDENCY CYCLE DETECTED policies=['P001', 'P002', 'P003', 'P008']
2026-08-20T22:14:22Z | stress_test | decision='migrar SECURITY-SIEM' asset=SECURITY-SIEM severity=CONFLICT conflict=True label=DEPENDENCY CYCLE DETECTED policies=['P001', 'P002', 'P003', 'P008']
2026-08-20T22:14:22Z | stress_test | decision='migrar SOC-PLATFORM' asset=SOC-PLATFORM severity=CONFLICT conflict=True label=DEPENDENCY CYCLE DETECTED policies=['P001', 'P002', 'P003', 'P008']
2026-08-20T22:14:22Z | stress_test | decision='migrar LEGACY-FTP' asset=LEGACY-FTP severity=NO_CONFLICT conflict=False label=CONFIRMED DECISION policies=[]
2026-08-20T22:14:22Z | stress_test | decision='migrar ENGINEERING-PORTAL' asset=ENGINEERING-PORTAL severity=NO_CONFLICT conflict=False label=CONFIRMED DECISION policies=[]
2026-08-20T22:35:47Z | stress_test | decision='migrar PKI-ISSUING-CA' asset=PKI-ISSUING-CA severity=CONFLICT conflict=True label=DEPENDENCY CYCLE DETECTED policies=['P001', 'P002', 'P011', 'P012']
2026-08-20T22:35:47Z | stress_test | decision='migrar PKI-ROOT-CA' asset=PKI-ROOT-CA severity=CONFLICT conflict=True label=DEPENDENCY CYCLE DETECTED policies=['P001', 'P002', 'P008', 'P011']
2026-08-20T22:35:47Z | stress_test | decision='migrar IDENTITY-CORE' asset=IDENTITY-CORE severity=CONFLICT conflict=True label=RECOMMENDED ALTERNATIVE policies=['P003', 'P011', 'P012']
2026-08-20T22:35:47Z | stress_test | decision='migrar HSM-GLOBAL-01' asset=HSM-GLOBAL-01 severity=NO_CONFLICT conflict=False label=CONFIRMED DECISION policies=[]
2026-08-20T22:35:47Z | stress_test | decision='migrar HSM-GLOBAL-02' asset=HSM-GLOBAL-02 severity=CONFLICT conflict=True label=DEPENDENCY CYCLE DETECTED policies=['P001', 'P002', 'P008']
2026-08-20T22:35:47Z | stress_test | decision='migrar PAYMENTS-CORE' asset=PAYMENTS-CORE severity=CONFLICT conflict=True label=DEPENDENCY CYCLE DETECTED policies=['P001', 'P002', 'P008', 'P011', 'P012']
2026-08-20T22:35:47Z | stress_test | decision='migrar TREASURY-SYSTEM' asset=TREASURY-SYSTEM severity=CONFLICT conflict=True label=DEPENDENCY CYCLE DETECTED policies=['P001', 'P002', 'P003', 'P008', 'P011', 'P012']
2026-08-20T22:35:47Z | stress_test | decision='migrar ERP-GLOBAL' asset=ERP-GLOBAL severity=CONFLICT conflict=True label=DEPENDENCY CYCLE DETECTED policies=['P001', 'P002', 'P003', 'P008', 'P011', 'P012']
2026-08-20T22:35:47Z | stress_test | decision='migrar MISSION-CONTROL' asset=MISSION-CONTROL severity=CONFLICT conflict=True label=DEPENDENCY CYCLE DETECTED policies=['P001', 'P002', 'P003', 'P011', 'P012']
2026-08-20T22:35:47Z | stress_test | decision='migrar GROUND-STATION-EAST' asset=GROUND-STATION-EAST severity=CONFLICT conflict=True label=DEPENDENCY CYCLE DETECTED policies=['P001', 'P002', 'P003', 'P008', 'P011', 'P012']
2026-08-20T22:35:47Z | stress_test | decision='migrar GROUND-STATION-WEST' asset=GROUND-STATION-WEST severity=CONFLICT conflict=True label=DEPENDENCY CYCLE DETECTED policies=['P001', 'P002', 'P003', 'P008', 'P011', 'P012']
2026-08-20T22:35:47Z | stress_test | decision='migrar CUSTOMER-PORTAL' asset=CUSTOMER-PORTAL severity=CONFLICT conflict=True label=DEPENDENCY CYCLE DETECTED policies=['P001', 'P002', 'P003', 'P008']
2026-08-20T22:35:47Z | stress_test | decision='migrar CUSTOMER-API' asset=CUSTOMER-API severity=CONFLICT conflict=True label=DEPENDENCY CYCLE DETECTED policies=['P001', 'P002', 'P003', 'P008', 'P011', 'P012']
2026-08-20T22:35:47Z | stress_test | decision='migrar CODE-SIGNING' asset=CODE-SIGNING severity=CONFLICT conflict=True label=DEPENDENCY CYCLE DETECTED policies=['P001', 'P002', 'P003', 'P008', 'P011', 'P012']
2026-08-20T22:35:47Z | stress_test | decision='migrar API-GATEWAY' asset=API-GATEWAY severity=CONFLICT conflict=True label=DEPENDENCY CYCLE DETECTED policies=['P001', 'P002', 'P003', 'P008']
2026-08-20T22:35:47Z | stress_test | decision='migrar TELEMETRY-CORE' asset=TELEMETRY-CORE severity=CONFLICT conflict=True label=DEPENDENCY CYCLE DETECTED policies=['P001', 'P002', 'P003', 'P008', 'P011', 'P012']
2026-08-20T22:35:47Z | stress_test | decision='migrar LEGACY-SATCOM' asset=LEGACY-SATCOM severity=CONFLICT conflict=True label=DEPENDENCY CYCLE DETECTED policies=['P001', 'P002', 'P003', 'P008', 'P011']
2026-08-20T22:35:47Z | stress_test | decision='migrar FLIGHT-DATA' asset=FLIGHT-DATA severity=CONFLICT conflict=True label=DEPENDENCY CYCLE DETECTED policies=['P001', 'P002', 'P003', 'P008']
2026-08-20T22:35:47Z | stress_test | decision='migrar SECURITY-SIEM' asset=SECURITY-SIEM severity=CONFLICT conflict=True label=DEPENDENCY CYCLE DETECTED policies=['P001', 'P002', 'P003', 'P008']
2026-08-20T22:35:47Z | stress_test | decision='migrar SOC-PLATFORM' asset=SOC-PLATFORM severity=CONFLICT conflict=True label=DEPENDENCY CYCLE DETECTED policies=['P001', 'P002', 'P003', 'P008']
2026-08-20T22:35:47Z | stress_test | decision='migrar LEGACY-FTP' asset=LEGACY-FTP severity=NO_CONFLICT conflict=False label=CONFIRMED DECISION policies=[]
2026-08-20T22:35:47Z | stress_test | decision='migrar ENGINEERING-PORTAL' asset=ENGINEERING-PORTAL severity=NO_CONFLICT conflict=False label=CONFIRMED DECISION policies=[]
2026-08-20T22:59:12Z | stress_test | decision='migrar PKI-ISSUING-CA' asset=PKI-ISSUING-CA severity=CONFLICT conflict=True label=DEPENDENCY CYCLE DETECTED policies=['P001', 'P002', 'P011', 'P012']
2026-08-20T22:59:12Z | stress_test | decision='migrar PKI-ROOT-CA' asset=PKI-ROOT-CA severity=CONFLICT conflict=True label=DEPENDENCY CYCLE DETECTED policies=['P001', 'P002', 'P008', 'P011']
2026-08-20T22:59:12Z | stress_test | decision='migrar IDENTITY-CORE' asset=IDENTITY-CORE severity=CONFLICT conflict=True label=RECOMMENDED ALTERNATIVE policies=['P003', 'P011', 'P012']
2026-08-20T22:59:12Z | stress_test | decision='migrar HSM-GLOBAL-01' asset=HSM-GLOBAL-01 severity=NO_CONFLICT conflict=False label=CONFIRMED DECISION policies=[]
2026-08-20T22:59:12Z | stress_test | decision='migrar HSM-GLOBAL-02' asset=HSM-GLOBAL-02 severity=CONFLICT conflict=True label=DEPENDENCY CYCLE DETECTED policies=['P001', 'P002', 'P008']
2026-08-20T22:59:12Z | stress_test | decision='migrar PAYMENTS-CORE' asset=PAYMENTS-CORE severity=CONFLICT conflict=True label=DEPENDENCY CYCLE DETECTED policies=['P001', 'P002', 'P008', 'P011', 'P012']
2026-08-20T22:59:12Z | stress_test | decision='migrar TREASURY-SYSTEM' asset=TREASURY-SYSTEM severity=CONFLICT conflict=True label=DEPENDENCY CYCLE DETECTED policies=['P001', 'P002', 'P003', 'P008', 'P011', 'P012']
2026-08-20T22:59:12Z | stress_test | decision='migrar ERP-GLOBAL' asset=ERP-GLOBAL severity=CONFLICT conflict=True label=DEPENDENCY CYCLE DETECTED policies=['P001', 'P002', 'P003', 'P008', 'P011', 'P012']
2026-08-20T22:59:12Z | stress_test | decision='migrar MISSION-CONTROL' asset=MISSION-CONTROL severity=CONFLICT conflict=True label=DEPENDENCY CYCLE DETECTED policies=['P001', 'P002', 'P003', 'P011', 'P012']
2026-08-20T22:59:12Z | stress_test | decision='migrar GROUND-STATION-EAST' asset=GROUND-STATION-EAST severity=CONFLICT conflict=True label=DEPENDENCY CYCLE DETECTED policies=['P001', 'P002', 'P003', 'P008', 'P011', 'P012']
2026-08-20T22:59:12Z | stress_test | decision='migrar GROUND-STATION-WEST' asset=GROUND-STATION-WEST severity=CONFLICT conflict=True label=DEPENDENCY CYCLE DETECTED policies=['P001', 'P002', 'P003', 'P008', 'P011', 'P012']
2026-08-20T22:59:12Z | stress_test | decision='migrar CUSTOMER-PORTAL' asset=CUSTOMER-PORTAL severity=CONFLICT conflict=True label=DEPENDENCY CYCLE DETECTED policies=['P001', 'P002', 'P003', 'P008']
2026-08-20T22:59:12Z | stress_test | decision='migrar CUSTOMER-API' asset=CUSTOMER-API severity=CONFLICT conflict=True label=DEPENDENCY CYCLE DETECTED policies=['P001', 'P002', 'P003', 'P008', 'P011', 'P012']
2026-08-20T22:59:12Z | stress_test | decision='migrar CODE-SIGNING' asset=CODE-SIGNING severity=CONFLICT conflict=True label=DEPENDENCY CYCLE DETECTED policies=['P001', 'P002', 'P003', 'P008', 'P011', 'P012']
2026-08-20T22:59:12Z | stress_test | decision='migrar API-GATEWAY' asset=API-GATEWAY severity=CONFLICT conflict=True label=DEPENDENCY CYCLE DETECTED policies=['P001', 'P002', 'P003', 'P008']
2026-08-20T22:59:12Z | stress_test | decision='migrar TELEMETRY-CORE' asset=TELEMETRY-CORE severity=CONFLICT conflict=True label=DEPENDENCY CYCLE DETECTED policies=['P001', 'P002', 'P003', 'P008', 'P011', 'P012']
2026-08-20T22:59:12Z | stress_test | decision='migrar LEGACY-SATCOM' asset=LEGACY-SATCOM severity=CONFLICT conflict=True label=DEPENDENCY CYCLE DETECTED policies=['P001', 'P002', 'P003', 'P008', 'P011']
2026-08-20T22:59:12Z | stress_test | decision='migrar FLIGHT-DATA' asset=FLIGHT-DATA severity=CONFLICT conflict=True label=DEPENDENCY CYCLE DETECTED policies=['P001', 'P002', 'P003', 'P008']
2026-08-20T22:59:12Z | stress_test | decision='migrar SECURITY-SIEM' asset=SECURITY-SIEM severity=CONFLICT conflict=True label=DEPENDENCY CYCLE DETECTED policies=['P001', 'P002', 'P003', 'P008']
2026-08-20T22:59:12Z | stress_test | decision='migrar SOC-PLATFORM' asset=SOC-PLATFORM severity=CONFLICT conflict=True label=DEPENDENCY CYCLE DETECTED policies=['P001', 'P002', 'P003', 'P008']
2026-08-20T22:59:12Z | stress_test | decision='migrar LEGACY-FTP' asset=LEGACY-FTP severity=NO_CONFLICT conflict=False label=CONFIRMED DECISION policies=[]
2026-08-20T22:59:12Z | stress_test | decision='migrar ENGINEERING-PORTAL' asset=ENGINEERING-PORTAL severity=NO_CONFLICT conflict=False label=CONFIRMED DECISION policies=[]
2026-08-20T22:59:19Z | stress_test | decision='migrar MISSION-CONTROL' asset=MISSION-CONTROL severity=CONFLICT conflict=True label=DEPENDENCY CYCLE DETECTED policies=['P001', 'P002', 'P003', 'P011', 'P012']
2026-08-20T23:18:34Z | stress_test | decision='migrar PKI-ISSUING-CA' asset=PKI-ISSUING-CA severity=CONFLICT conflict=True label=DEPENDENCY CYCLE DETECTED policies=['P001', 'P002', 'P011', 'P012']
2026-08-20T23:18:34Z | stress_test | decision='migrar PKI-ROOT-CA' asset=PKI-ROOT-CA severity=CONFLICT conflict=True label=DEPENDENCY CYCLE DETECTED policies=['P001', 'P002', 'P008', 'P011']
2026-08-20T23:18:34Z | stress_test | decision='migrar IDENTITY-CORE' asset=IDENTITY-CORE severity=CONFLICT conflict=True label=RECOMMENDED ALTERNATIVE policies=['P003', 'P011', 'P012']
2026-08-20T23:18:34Z | stress_test | decision='migrar HSM-GLOBAL-01' asset=HSM-GLOBAL-01 severity=NO_CONFLICT conflict=False label=CONFIRMED DECISION policies=[]
2026-08-20T23:18:34Z | stress_test | decision='migrar HSM-GLOBAL-02' asset=HSM-GLOBAL-02 severity=CONFLICT conflict=True label=DEPENDENCY CYCLE DETECTED policies=['P001', 'P002', 'P008']
2026-08-20T23:18:34Z | stress_test | decision='migrar PAYMENTS-CORE' asset=PAYMENTS-CORE severity=CONFLICT conflict=True label=DEPENDENCY CYCLE DETECTED policies=['P001', 'P002', 'P008', 'P011', 'P012']
2026-08-20T23:18:34Z | stress_test | decision='migrar TREASURY-SYSTEM' asset=TREASURY-SYSTEM severity=CONFLICT conflict=True label=DEPENDENCY CYCLE DETECTED policies=['P001', 'P002', 'P003', 'P008', 'P011', 'P012']
2026-08-20T23:18:34Z | stress_test | decision='migrar ERP-GLOBAL' asset=ERP-GLOBAL severity=CONFLICT conflict=True label=DEPENDENCY CYCLE DETECTED policies=['P001', 'P002', 'P003', 'P008', 'P011', 'P012']
2026-08-20T23:18:34Z | stress_test | decision='migrar MISSION-CONTROL' asset=MISSION-CONTROL severity=CONFLICT conflict=True label=DEPENDENCY CYCLE DETECTED policies=['P001', 'P002', 'P003', 'P011', 'P012']
2026-08-20T23:18:34Z | stress_test | decision='migrar GROUND-STATION-EAST' asset=GROUND-STATION-EAST severity=CONFLICT conflict=True label=DEPENDENCY CYCLE DETECTED policies=['P001', 'P002', 'P003', 'P008', 'P011', 'P012']
2026-08-20T23:18:34Z | stress_test | decision='migrar GROUND-STATION-WEST' asset=GROUND-STATION-WEST severity=CONFLICT conflict=True label=DEPENDENCY CYCLE DETECTED policies=['P001', 'P002', 'P003', 'P008', 'P011', 'P012']
2026-08-20T23:18:34Z | stress_test | decision='migrar CUSTOMER-PORTAL' asset=CUSTOMER-PORTAL severity=CONFLICT conflict=True label=DEPENDENCY CYCLE DETECTED policies=['P001', 'P002', 'P003', 'P008']
2026-08-20T23:18:34Z | stress_test | decision='migrar CUSTOMER-API' asset=CUSTOMER-API severity=CONFLICT conflict=True label=DEPENDENCY CYCLE DETECTED policies=['P001', 'P002', 'P003', 'P008', 'P011', 'P012']
2026-08-20T23:18:34Z | stress_test | decision='migrar CODE-SIGNING' asset=CODE-SIGNING severity=CONFLICT conflict=True label=DEPENDENCY CYCLE DETECTED policies=['P001', 'P002', 'P003', 'P008', 'P011', 'P012']
2026-08-20T23:18:34Z | stress_test | decision='migrar API-GATEWAY' asset=API-GATEWAY severity=CONFLICT conflict=True label=DEPENDENCY CYCLE DETECTED policies=['P001', 'P002', 'P003', 'P008']
2026-08-20T23:18:34Z | stress_test | decision='migrar TELEMETRY-CORE' asset=TELEMETRY-CORE severity=CONFLICT conflict=True label=DEPENDENCY CYCLE DETECTED policies=['P001', 'P002', 'P003', 'P008', 'P011', 'P012']
2026-08-20T23:18:34Z | stress_test | decision='migrar LEGACY-SATCOM' asset=LEGACY-SATCOM severity=CONFLICT conflict=True label=DEPENDENCY CYCLE DETECTED policies=['P001', 'P002', 'P003', 'P008', 'P011']
2026-08-20T23:18:34Z | stress_test | decision='migrar FLIGHT-DATA' asset=FLIGHT-DATA severity=CONFLICT conflict=True label=DEPENDENCY CYCLE DETECTED policies=['P001', 'P002', 'P003', 'P008']
2026-08-20T23:18:34Z | stress_test | decision='migrar SECURITY-SIEM' asset=SECURITY-SIEM severity=CONFLICT conflict=True label=DEPENDENCY CYCLE DETECTED policies=['P001', 'P002', 'P003', 'P008']
2026-08-20T23:18:34Z | stress_test | decision='migrar SOC-PLATFORM' asset=SOC-PLATFORM severity=CONFLICT conflict=True label=DEPENDENCY CYCLE DETECTED policies=['P001', 'P002', 'P003', 'P008']
2026-08-20T23:18:34Z | stress_test | decision='migrar LEGACY-FTP' asset=LEGACY-FTP severity=NO_CONFLICT conflict=False label=CONFIRMED DECISION policies=[]
2026-08-20T23:18:34Z | stress_test | decision='migrar ENGINEERING-PORTAL' asset=ENGINEERING-PORTAL severity=NO_CONFLICT conflict=False label=CONFIRMED DECISION policies=[]
2026-08-20T23:18:56Z | stress_test | decision='migrar PKI-ISSUING-CA' asset=PKI-ISSUING-CA severity=CONFLICT conflict=True label=DEPENDENCY CYCLE DETECTED policies=['P001', 'P002', 'P011', 'P012']
2026-08-20T23:18:56Z | stress_test | decision='migrar PKI-ROOT-CA' asset=PKI-ROOT-CA severity=CONFLICT conflict=True label=DEPENDENCY CYCLE DETECTED policies=['P001', 'P002', 'P008', 'P011']
2026-08-20T23:18:56Z | stress_test | decision='migrar IDENTITY-CORE' asset=IDENTITY-CORE severity=CONFLICT conflict=True label=RECOMMENDED ALTERNATIVE policies=['P003', 'P011', 'P012']
2026-08-20T23:18:56Z | stress_test | decision='migrar HSM-GLOBAL-01' asset=HSM-GLOBAL-01 severity=NO_CONFLICT conflict=False label=CONFIRMED DECISION policies=[]
2026-08-20T23:18:56Z | stress_test | decision='migrar HSM-GLOBAL-02' asset=HSM-GLOBAL-02 severity=CONFLICT conflict=True label=DEPENDENCY CYCLE DETECTED policies=['P001', 'P002', 'P008']
2026-08-20T23:18:56Z | stress_test | decision='migrar PAYMENTS-CORE' asset=PAYMENTS-CORE severity=CONFLICT conflict=True label=DEPENDENCY CYCLE DETECTED policies=['P001', 'P002', 'P008', 'P011', 'P012']
2026-08-20T23:18:56Z | stress_test | decision='migrar TREASURY-SYSTEM' asset=TREASURY-SYSTEM severity=CONFLICT conflict=True label=DEPENDENCY CYCLE DETECTED policies=['P001', 'P002', 'P003', 'P008', 'P011', 'P012']
2026-08-20T23:18:56Z | stress_test | decision='migrar ERP-GLOBAL' asset=ERP-GLOBAL severity=CONFLICT conflict=True label=DEPENDENCY CYCLE DETECTED policies=['P001', 'P002', 'P003', 'P008', 'P011', 'P012']
2026-08-20T23:18:56Z | stress_test | decision='migrar MISSION-CONTROL' asset=MISSION-CONTROL severity=CONFLICT conflict=True label=DEPENDENCY CYCLE DETECTED policies=['P001', 'P002', 'P003', 'P011', 'P012']
2026-08-20T23:18:56Z | stress_test | decision='migrar GROUND-STATION-EAST' asset=GROUND-STATION-EAST severity=CONFLICT conflict=True label=DEPENDENCY CYCLE DETECTED policies=['P001', 'P002', 'P003', 'P008', 'P011', 'P012']
2026-08-20T23:18:56Z | stress_test | decision='migrar GROUND-STATION-WEST' asset=GROUND-STATION-WEST severity=CONFLICT conflict=True label=DEPENDENCY CYCLE DETECTED policies=['P001', 'P002', 'P003', 'P008', 'P011', 'P012']
2026-08-20T23:18:56Z | stress_test | decision='migrar CUSTOMER-PORTAL' asset=CUSTOMER-PORTAL severity=CONFLICT conflict=True label=DEPENDENCY CYCLE DETECTED policies=['P001', 'P002', 'P003', 'P008']
2026-08-20T23:18:56Z | stress_test | decision='migrar CUSTOMER-API' asset=CUSTOMER-API severity=CONFLICT conflict=True label=DEPENDENCY CYCLE DETECTED policies=['P001', 'P002', 'P003', 'P008', 'P011', 'P012']
2026-08-20T23:18:56Z | stress_test | decision='migrar CODE-SIGNING' asset=CODE-SIGNING severity=CONFLICT conflict=True label=DEPENDENCY CYCLE DETECTED policies=['P001', 'P002', 'P003', 'P008', 'P011', 'P012']
2026-08-20T23:18:56Z | stress_test | decision='migrar API-GATEWAY' asset=API-GATEWAY severity=CONFLICT conflict=True label=DEPENDENCY CYCLE DETECTED policies=['P001', 'P002', 'P003', 'P008']
2026-08-20T23:18:56Z | stress_test | decision='migrar TELEMETRY-CORE' asset=TELEMETRY-CORE severity=CONFLICT conflict=True label=DEPENDENCY CYCLE DETECTED policies=['P001', 'P002', 'P003', 'P008', 'P011', 'P012']
2026-08-20T23:18:56Z | stress_test | decision='migrar LEGACY-SATCOM' asset=LEGACY-SATCOM severity=CONFLICT conflict=True label=DEPENDENCY CYCLE DETECTED policies=['P001', 'P002', 'P003', 'P008', 'P011']
2026-08-20T23:18:56Z | stress_test | decision='migrar FLIGHT-DATA' asset=FLIGHT-DATA severity=CONFLICT conflict=True label=DEPENDENCY CYCLE DETECTED policies=['P001', 'P002', 'P003', 'P008']
2026-08-20T23:18:56Z | stress_test | decision='migrar SECURITY-SIEM' asset=SECURITY-SIEM severity=CONFLICT conflict=True label=DEPENDENCY CYCLE DETECTED policies=['P001', 'P002', 'P003', 'P008']
2026-08-20T23:18:56Z | stress_test | decision='migrar SOC-PLATFORM' asset=SOC-PLATFORM severity=CONFLICT conflict=True label=DEPENDENCY CYCLE DETECTED policies=['P001', 'P002', 'P003', 'P008']
2026-08-20T23:18:56Z | stress_test | decision='migrar LEGACY-FTP' asset=LEGACY-FTP severity=NO_CONFLICT conflict=False label=CONFIRMED DECISION policies=[]
2026-08-20T23:18:56Z | stress_test | decision='migrar ENGINEERING-PORTAL' asset=ENGINEERING-PORTAL severity=NO_CONFLICT conflict=False label=CONFIRMED DECISION policies=[]
2026-08-20T23:19:02Z | stress_test | decision='migrar PKI-ISSUING-CA' asset=PKI-ISSUING-CA severity=CONFLICT conflict=True label=DEPENDENCY CYCLE DETECTED policies=['P001', 'P002', 'P011', 'P012']
2026-08-20T23:29:15Z | stress_test | decision='migrar PKI-ISSUING-CA' asset=PKI-ISSUING-CA severity=CONFLICT conflict=True label=DEPENDENCY CYCLE DETECTED policies=['P001', 'P002', 'P011', 'P012']
2026-08-20T23:29:15Z | stress_test | decision='migrar PKI-ROOT-CA' asset=PKI-ROOT-CA severity=CONFLICT conflict=True label=DEPENDENCY CYCLE DETECTED policies=['P001', 'P002', 'P008', 'P011']
2026-08-20T23:29:15Z | stress_test | decision='migrar IDENTITY-CORE' asset=IDENTITY-CORE severity=CONFLICT conflict=True label=RECOMMENDED ALTERNATIVE policies=['P003', 'P011', 'P012']
2026-08-20T23:29:15Z | stress_test | decision='migrar HSM-GLOBAL-01' asset=HSM-GLOBAL-01 severity=NO_CONFLICT conflict=False label=CONFIRMED DECISION policies=[]
2026-08-20T23:29:15Z | stress_test | decision='migrar HSM-GLOBAL-02' asset=HSM-GLOBAL-02 severity=CONFLICT conflict=True label=DEPENDENCY CYCLE DETECTED policies=['P001', 'P002', 'P008']
2026-08-20T23:29:15Z | stress_test | decision='migrar PAYMENTS-CORE' asset=PAYMENTS-CORE severity=CONFLICT conflict=True label=DEPENDENCY CYCLE DETECTED policies=['P001', 'P002', 'P008', 'P011', 'P012']
2026-08-20T23:29:15Z | stress_test | decision='migrar TREASURY-SYSTEM' asset=TREASURY-SYSTEM severity=CONFLICT conflict=True label=DEPENDENCY CYCLE DETECTED policies=['P001', 'P002', 'P003', 'P008', 'P011', 'P012']
2026-08-20T23:29:15Z | stress_test | decision='migrar ERP-GLOBAL' asset=ERP-GLOBAL severity=CONFLICT conflict=True label=DEPENDENCY CYCLE DETECTED policies=['P001', 'P002', 'P003', 'P008', 'P011', 'P012']
2026-08-20T23:29:15Z | stress_test | decision='migrar MISSION-CONTROL' asset=MISSION-CONTROL severity=CONFLICT conflict=True label=DEPENDENCY CYCLE DETECTED policies=['P001', 'P002', 'P003', 'P011', 'P012']
2026-08-20T23:29:15Z | stress_test | decision='migrar GROUND-STATION-EAST' asset=GROUND-STATION-EAST severity=CONFLICT conflict=True label=DEPENDENCY CYCLE DETECTED policies=['P001', 'P002', 'P003', 'P008', 'P011', 'P012']
2026-08-20T23:29:15Z | stress_test | decision='migrar GROUND-STATION-WEST' asset=GROUND-STATION-WEST severity=CONFLICT conflict=True label=DEPENDENCY CYCLE DETECTED policies=['P001', 'P002', 'P003', 'P008', 'P011', 'P012']
2026-08-20T23:29:15Z | stress_test | decision='migrar CUSTOMER-PORTAL' asset=CUSTOMER-PORTAL severity=CONFLICT conflict=True label=DEPENDENCY CYCLE DETECTED policies=['P001', 'P002', 'P003', 'P008']
2026-08-20T23:29:15Z | stress_test | decision='migrar CUSTOMER-API' asset=CUSTOMER-API severity=CONFLICT conflict=True label=DEPENDENCY CYCLE DETECTED policies=['P001', 'P002', 'P003', 'P008', 'P011', 'P012']
2026-08-20T23:29:15Z | stress_test | decision='migrar CODE-SIGNING' asset=CODE-SIGNING severity=CONFLICT conflict=True label=DEPENDENCY CYCLE DETECTED policies=['P001', 'P002', 'P003', 'P008', 'P011', 'P012']
2026-08-20T23:29:15Z | stress_test | decision='migrar API-GATEWAY' asset=API-GATEWAY severity=CONFLICT conflict=True label=DEPENDENCY CYCLE DETECTED policies=['P001', 'P002', 'P003', 'P008']
2026-08-20T23:29:15Z | stress_test | decision='migrar TELEMETRY-CORE' asset=TELEMETRY-CORE severity=CONFLICT conflict=True label=DEPENDENCY CYCLE DETECTED policies=['P001', 'P002', 'P003', 'P008', 'P011', 'P012']
2026-08-20T23:29:15Z | stress_test | decision='migrar LEGACY-SATCOM' asset=LEGACY-SATCOM severity=CONFLICT conflict=True label=DEPENDENCY CYCLE DETECTED policies=['P001', 'P002', 'P003', 'P008', 'P011']
2026-08-20T23:29:15Z | stress_test | decision='migrar FLIGHT-DATA' asset=FLIGHT-DATA severity=CONFLICT conflict=True label=DEPENDENCY CYCLE DETECTED policies=['P001', 'P002', 'P003', 'P008']
2026-08-20T23:29:15Z | stress_test | decision='migrar SECURITY-SIEM' asset=SECURITY-SIEM severity=CONFLICT conflict=True label=DEPENDENCY CYCLE DETECTED policies=['P001', 'P002', 'P003', 'P008']
2026-08-20T23:29:15Z | stress_test | decision='migrar SOC-PLATFORM' asset=SOC-PLATFORM severity=CONFLICT conflict=True label=DEPENDENCY CYCLE DETECTED policies=['P001', 'P002', 'P003', 'P008']
2026-08-20T23:29:15Z | stress_test | decision='migrar LEGACY-FTP' asset=LEGACY-FTP severity=NO_CONFLICT conflict=False label=CONFIRMED DECISION policies=[]
2026-08-20T23:29:15Z | stress_test | decision='migrar ENGINEERING-PORTAL' asset=ENGINEERING-PORTAL severity=NO_CONFLICT conflict=False label=CONFIRMED DECISION policies=[]
2026-08-20T23:29:21Z | stress_test | decision='migrar PKI-ISSUING-CA' asset=PKI-ISSUING-CA severity=CONFLICT conflict=True label=DEPENDENCY CYCLE DETECTED policies=['P001', 'P002', 'P011', 'P012']
2026-08-21T00:19:11Z | stress_test | decision='migrar TEST-A-ALPHA' asset=TEST-A-ALPHA severity=WARNING conflict=False label=CONFIRMED DECISION policies=['P011']
2026-08-21T00:19:11Z | stress_test | decision='migrar TEST-A-BETA' asset=TEST-A-BETA severity=CONFLICT conflict=True label=RECOMMENDED ALTERNATIVE policies=['P002', 'P008']
2026-08-21T00:19:11Z | stress_test | decision='migrar TEST-A-GAMMA' asset=TEST-A-GAMMA severity=CONFLICT conflict=True label=RECOMMENDED ALTERNATIVE policies=['P002', 'P008']
2026-08-21T00:19:11Z | stress_test | decision='migrar TEST-A-DELTA' asset=TEST-A-DELTA severity=CONFLICT conflict=True label=RECOMMENDED ALTERNATIVE policies=['P002', 'P008']
2026-08-21T00:19:11Z | stress_test | decision='migrar TEST-A-EPSILON' asset=TEST-A-EPSILON severity=CONFLICT conflict=True label=RECOMMENDED ALTERNATIVE policies=['P002', 'P008']
2026-08-21T00:19:15Z | stress_test | decision='migrar TEST-B-OMEGA' asset=TEST-B-OMEGA severity=WARNING conflict=False label=CONFIRMED DECISION policies=['P010', 'P011']
2026-08-21T00:19:15Z | stress_test | decision='migrar TEST-B-SATURN' asset=TEST-B-SATURN severity=CONFLICT conflict=True label=RECOMMENDED ALTERNATIVE policies=['P002', 'P008']
2026-08-21T00:19:15Z | stress_test | decision='migrar TEST-B-NOVA' asset=TEST-B-NOVA severity=CONFLICT conflict=True label=RECOMMENDED ALTERNATIVE policies=['P002', 'P008']
2026-08-21T00:19:15Z | stress_test | decision='migrar TEST-B-ORBIT' asset=TEST-B-ORBIT severity=CONFLICT conflict=True label=RECOMMENDED ALTERNATIVE policies=['P002', 'P008']
2026-08-21T00:19:15Z | stress_test | decision='migrar TEST-B-ZENITH' asset=TEST-B-ZENITH severity=CONFLICT conflict=True label=RECOMMENDED ALTERNATIVE policies=['P002', 'P008']
2026-08-21T00:19:15Z | stress_test | decision='migrar TEST-B-PULSE' asset=TEST-B-PULSE severity=CONFLICT conflict=True label=RECOMMENDED ALTERNATIVE policies=['P002', 'P008']
2026-08-21T00:19:15Z | stress_test | decision='migrar TEST-B-QUASAR' asset=TEST-B-QUASAR severity=CONFLICT conflict=True label=RECOMMENDED ALTERNATIVE policies=['P002', 'P008']
2026-08-21T00:19:15Z | stress_test | decision='migrar TEST-B-COMET' asset=TEST-B-COMET severity=CONFLICT conflict=True label=RECOMMENDED ALTERNATIVE policies=['P002', 'P008']
2026-08-21T00:19:21Z | stress_test | decision='migrar TEST-A-ALPHA' asset=TEST-A-ALPHA severity=WARNING conflict=False label=CONFIRMED DECISION policies=['P011']
2026-08-21T00:19:21Z | stress_test | decision='migrar TEST-A-BETA' asset=TEST-A-BETA severity=CONFLICT conflict=True label=RECOMMENDED ALTERNATIVE policies=['P002', 'P008']
2026-08-21T00:19:21Z | stress_test | decision='migrar TEST-A-GAMMA' asset=TEST-A-GAMMA severity=CONFLICT conflict=True label=RECOMMENDED ALTERNATIVE policies=['P002', 'P008']
2026-08-21T00:19:21Z | stress_test | decision='migrar TEST-A-DELTA' asset=TEST-A-DELTA severity=CONFLICT conflict=True label=RECOMMENDED ALTERNATIVE policies=['P002', 'P008']
2026-08-21T00:19:21Z | stress_test | decision='migrar TEST-A-EPSILON' asset=TEST-A-EPSILON severity=CONFLICT conflict=True label=RECOMMENDED ALTERNATIVE policies=['P002', 'P008']
2026-08-21T00:19:23Z | stress_test | decision='migrar TEST-A-ALPHA' asset=TEST-A-ALPHA severity=WARNING conflict=False label=CONFIRMED DECISION policies=['P011']
2026-08-21T00:19:23Z | stress_test | decision='migrar TEST-A-BETA' asset=TEST-A-BETA severity=CONFLICT conflict=True label=RECOMMENDED ALTERNATIVE policies=['P002', 'P008']
2026-08-21T00:19:23Z | stress_test | decision='migrar TEST-A-GAMMA' asset=TEST-A-GAMMA severity=CONFLICT conflict=True label=RECOMMENDED ALTERNATIVE policies=['P002', 'P008']
2026-08-21T00:19:23Z | stress_test | decision='migrar TEST-A-DELTA' asset=TEST-A-DELTA severity=CONFLICT conflict=True label=RECOMMENDED ALTERNATIVE policies=['P002', 'P008']
2026-08-21T00:19:23Z | stress_test | decision='migrar TEST-A-EPSILON' asset=TEST-A-EPSILON severity=CONFLICT conflict=True label=RECOMMENDED ALTERNATIVE policies=['P002', 'P008']
2026-08-21T00:19:44Z | stress_test | decision='migrar TEST-A-ALPHA' asset=TEST-A-ALPHA severity=WARNING conflict=False label=CONFIRMED DECISION policies=['P011']
2026-08-21T00:19:44Z | stress_test | decision='migrar TEST-A-BETA' asset=TEST-A-BETA severity=CONFLICT conflict=True label=RECOMMENDED ALTERNATIVE policies=['P002', 'P008']
2026-08-21T00:19:44Z | stress_test | decision='migrar TEST-A-GAMMA' asset=TEST-A-GAMMA severity=CONFLICT conflict=True label=RECOMMENDED ALTERNATIVE policies=['P002', 'P008']
2026-08-21T00:19:44Z | stress_test | decision='migrar TEST-A-DELTA' asset=TEST-A-DELTA severity=CONFLICT conflict=True label=RECOMMENDED ALTERNATIVE policies=['P002', 'P008']
2026-08-21T00:19:44Z | stress_test | decision='migrar TEST-A-EPSILON' asset=TEST-A-EPSILON severity=CONFLICT conflict=True label=RECOMMENDED ALTERNATIVE policies=['P002', 'P008']
2026-08-21T00:19:46Z | stress_test | decision='migrar TEST-B-OMEGA' asset=TEST-B-OMEGA severity=WARNING conflict=False label=CONFIRMED DECISION policies=['P010', 'P011']
2026-08-21T00:19:46Z | stress_test | decision='migrar TEST-B-SATURN' asset=TEST-B-SATURN severity=CONFLICT conflict=True label=RECOMMENDED ALTERNATIVE policies=['P002', 'P008']
2026-08-21T00:19:46Z | stress_test | decision='migrar TEST-B-NOVA' asset=TEST-B-NOVA severity=CONFLICT conflict=True label=RECOMMENDED ALTERNATIVE policies=['P002', 'P008']
2026-08-21T00:19:46Z | stress_test | decision='migrar TEST-B-ORBIT' asset=TEST-B-ORBIT severity=CONFLICT conflict=True label=RECOMMENDED ALTERNATIVE policies=['P002', 'P008']
2026-08-21T00:19:46Z | stress_test | decision='migrar TEST-B-ZENITH' asset=TEST-B-ZENITH severity=CONFLICT conflict=True label=RECOMMENDED ALTERNATIVE policies=['P002', 'P008']
2026-08-21T00:19:46Z | stress_test | decision='migrar TEST-B-PULSE' asset=TEST-B-PULSE severity=CONFLICT conflict=True label=RECOMMENDED ALTERNATIVE policies=['P002', 'P008']
2026-08-21T00:19:46Z | stress_test | decision='migrar TEST-B-QUASAR' asset=TEST-B-QUASAR severity=CONFLICT conflict=True label=RECOMMENDED ALTERNATIVE policies=['P002', 'P008']
2026-08-21T00:19:46Z | stress_test | decision='migrar TEST-B-COMET' asset=TEST-B-COMET severity=CONFLICT conflict=True label=RECOMMENDED ALTERNATIVE policies=['P002', 'P008']
2026-08-21T00:19:50Z | stress_test | decision='migrar TEST-A-ALPHA' asset=TEST-A-ALPHA severity=WARNING conflict=False label=CONFIRMED DECISION policies=['P011']
2026-08-21T00:19:50Z | stress_test | decision='migrar TEST-A-BETA' asset=TEST-A-BETA severity=CONFLICT conflict=True label=RECOMMENDED ALTERNATIVE policies=['P002', 'P008']
2026-08-21T00:19:50Z | stress_test | decision='migrar TEST-A-GAMMA' asset=TEST-A-GAMMA severity=CONFLICT conflict=True label=RECOMMENDED ALTERNATIVE policies=['P002', 'P008']
2026-08-21T00:19:50Z | stress_test | decision='migrar TEST-A-DELTA' asset=TEST-A-DELTA severity=CONFLICT conflict=True label=RECOMMENDED ALTERNATIVE policies=['P002', 'P008']
2026-08-21T00:19:50Z | stress_test | decision='migrar TEST-A-EPSILON' asset=TEST-A-EPSILON severity=CONFLICT conflict=True label=RECOMMENDED ALTERNATIVE policies=['P002', 'P008']
2026-08-21T00:19:52Z | stress_test | decision='migrar TEST-A-ALPHA' asset=TEST-A-ALPHA severity=WARNING conflict=False label=CONFIRMED DECISION policies=['P011']
2026-08-21T00:19:52Z | stress_test | decision='migrar TEST-A-BETA' asset=TEST-A-BETA severity=CONFLICT conflict=True label=RECOMMENDED ALTERNATIVE policies=['P002', 'P008']
2026-08-21T00:19:52Z | stress_test | decision='migrar TEST-A-GAMMA' asset=TEST-A-GAMMA severity=CONFLICT conflict=True label=RECOMMENDED ALTERNATIVE policies=['P002', 'P008']
2026-08-21T00:19:52Z | stress_test | decision='migrar TEST-A-DELTA' asset=TEST-A-DELTA severity=CONFLICT conflict=True label=RECOMMENDED ALTERNATIVE policies=['P002', 'P008']
2026-08-21T00:19:52Z | stress_test | decision='migrar TEST-A-EPSILON' asset=TEST-A-EPSILON severity=CONFLICT conflict=True label=RECOMMENDED ALTERNATIVE policies=['P002', 'P008']
2026-08-21T00:19:54Z | stress_test | decision='migrar TEST-C-01' asset=TEST-C-01 severity=WARNING conflict=False label=CONFIRMED DECISION policies=['P011']
2026-08-21T00:19:54Z | stress_test | decision='migrar TEST-C-02' asset=TEST-C-02 severity=CONFLICT conflict=True label=RECOMMENDED ALTERNATIVE policies=['P002', 'P008']
2026-08-21T00:19:54Z | stress_test | decision='migrar TEST-C-03' asset=TEST-C-03 severity=CONFLICT conflict=True label=RECOMMENDED ALTERNATIVE policies=['P002', 'P008']
2026-08-21T00:19:54Z | stress_test | decision='migrar TEST-C-04' asset=TEST-C-04 severity=CONFLICT conflict=True label=RECOMMENDED ALTERNATIVE policies=['P002', 'P008']
2026-08-21T00:19:54Z | stress_test | decision='migrar TEST-C-05' asset=TEST-C-05 severity=CONFLICT conflict=True label=RECOMMENDED ALTERNATIVE policies=['P002', 'P008']
2026-08-21T00:19:54Z | stress_test | decision='migrar TEST-C-06' asset=TEST-C-06 severity=CONFLICT conflict=True label=RECOMMENDED ALTERNATIVE policies=['P002', 'P008']
2026-08-21T00:19:54Z | stress_test | decision='migrar TEST-C-07' asset=TEST-C-07 severity=CONFLICT conflict=True label=RECOMMENDED ALTERNATIVE policies=['P002', 'P008']
2026-08-21T00:19:54Z | stress_test | decision='migrar TEST-C-08' asset=TEST-C-08 severity=CONFLICT conflict=True label=RECOMMENDED ALTERNATIVE policies=['P002', 'P008']
2026-08-21T00:19:54Z | stress_test | decision='migrar TEST-C-09' asset=TEST-C-09 severity=CONFLICT conflict=True label=RECOMMENDED ALTERNATIVE policies=['P002', 'P008']
2026-08-21T00:19:54Z | stress_test | decision='migrar TEST-C-10' asset=TEST-C-10 severity=CONFLICT conflict=True label=RECOMMENDED ALTERNATIVE policies=['P002', 'P008']
2026-08-21T00:19:54Z | stress_test | decision='migrar TEST-C-11' asset=TEST-C-11 severity=CONFLICT conflict=True label=RECOMMENDED ALTERNATIVE policies=['P002', 'P008']
2026-08-21T00:19:54Z | stress_test | decision='migrar TEST-C-12' asset=TEST-C-12 severity=CONFLICT conflict=True label=RECOMMENDED ALTERNATIVE policies=['P002', 'P008']
2026-08-21T00:20:21Z | stress_test | decision='migrar TEST-C-01' asset=TEST-C-01 severity=WARNING conflict=False label=CONFIRMED DECISION policies=['P011']
2026-08-21T00:20:21Z | stress_test | decision='migrar TEST-C-02' asset=TEST-C-02 severity=CONFLICT conflict=True label=RECOMMENDED ALTERNATIVE policies=['P002', 'P008']
2026-08-21T00:20:21Z | stress_test | decision='migrar TEST-C-03' asset=TEST-C-03 severity=CONFLICT conflict=True label=RECOMMENDED ALTERNATIVE policies=['P002', 'P008']
2026-08-21T00:20:21Z | stress_test | decision='migrar TEST-C-04' asset=TEST-C-04 severity=CONFLICT conflict=True label=RECOMMENDED ALTERNATIVE policies=['P002', 'P008']
2026-08-21T00:20:21Z | stress_test | decision='migrar TEST-C-05' asset=TEST-C-05 severity=CONFLICT conflict=True label=RECOMMENDED ALTERNATIVE policies=['P002', 'P008']
2026-08-21T00:20:21Z | stress_test | decision='migrar TEST-C-06' asset=TEST-C-06 severity=CONFLICT conflict=True label=RECOMMENDED ALTERNATIVE policies=['P002', 'P008']
2026-08-21T00:20:21Z | stress_test | decision='migrar TEST-C-07' asset=TEST-C-07 severity=CONFLICT conflict=True label=RECOMMENDED ALTERNATIVE policies=['P002', 'P008']
2026-08-21T00:20:21Z | stress_test | decision='migrar TEST-C-08' asset=TEST-C-08 severity=CONFLICT conflict=True label=RECOMMENDED ALTERNATIVE policies=['P002', 'P008']
2026-08-21T00:20:21Z | stress_test | decision='migrar TEST-C-09' asset=TEST-C-09 severity=CONFLICT conflict=True label=RECOMMENDED ALTERNATIVE policies=['P002', 'P008']
2026-08-21T00:20:21Z | stress_test | decision='migrar TEST-C-10' asset=TEST-C-10 severity=CONFLICT conflict=True label=RECOMMENDED ALTERNATIVE policies=['P002', 'P008']
2026-08-21T00:20:21Z | stress_test | decision='migrar TEST-C-11' asset=TEST-C-11 severity=CONFLICT conflict=True label=RECOMMENDED ALTERNATIVE policies=['P002', 'P008']
2026-08-21T00:20:21Z | stress_test | decision='migrar TEST-C-12' asset=TEST-C-12 severity=CONFLICT conflict=True label=RECOMMENDED ALTERNATIVE policies=['P002', 'P008']
2026-08-21T00:20:22Z | stress_test | decision='migrar TEST-B-OMEGA' asset=TEST-B-OMEGA severity=WARNING conflict=False label=CONFIRMED DECISION policies=['P010', 'P011']
2026-08-21T00:20:22Z | stress_test | decision='migrar TEST-B-SATURN' asset=TEST-B-SATURN severity=CONFLICT conflict=True label=RECOMMENDED ALTERNATIVE policies=['P002', 'P008']
2026-08-21T00:20:22Z | stress_test | decision='migrar TEST-B-NOVA' asset=TEST-B-NOVA severity=CONFLICT conflict=True label=RECOMMENDED ALTERNATIVE policies=['P002', 'P008']
2026-08-21T00:20:22Z | stress_test | decision='migrar TEST-B-ORBIT' asset=TEST-B-ORBIT severity=CONFLICT conflict=True label=RECOMMENDED ALTERNATIVE policies=['P002', 'P008']
2026-08-21T00:20:22Z | stress_test | decision='migrar TEST-B-ZENITH' asset=TEST-B-ZENITH severity=CONFLICT conflict=True label=RECOMMENDED ALTERNATIVE policies=['P002', 'P008']
2026-08-21T00:20:22Z | stress_test | decision='migrar TEST-B-PULSE' asset=TEST-B-PULSE severity=CONFLICT conflict=True label=RECOMMENDED ALTERNATIVE policies=['P002', 'P008']
2026-08-21T00:20:22Z | stress_test | decision='migrar TEST-B-QUASAR' asset=TEST-B-QUASAR severity=CONFLICT conflict=True label=RECOMMENDED ALTERNATIVE policies=['P002', 'P008']
2026-08-21T00:20:22Z | stress_test | decision='migrar TEST-B-COMET' asset=TEST-B-COMET severity=CONFLICT conflict=True label=RECOMMENDED ALTERNATIVE policies=['P002', 'P008']
2026-08-21T00:21:54Z | stress_test | decision='migrar TEST-A-ALPHA' asset=TEST-A-ALPHA severity=WARNING conflict=False label=CONFIRMED DECISION policies=['P011']
2026-08-21T00:21:54Z | stress_test | decision='migrar TEST-A-BETA' asset=TEST-A-BETA severity=CONFLICT conflict=True label=RECOMMENDED ALTERNATIVE policies=['P002', 'P008']
2026-08-21T00:21:54Z | stress_test | decision='migrar TEST-A-GAMMA' asset=TEST-A-GAMMA severity=CONFLICT conflict=True label=RECOMMENDED ALTERNATIVE policies=['P002', 'P008']
2026-08-21T00:21:54Z | stress_test | decision='migrar TEST-A-DELTA' asset=TEST-A-DELTA severity=CONFLICT conflict=True label=RECOMMENDED ALTERNATIVE policies=['P002', 'P008']
2026-08-21T00:21:54Z | stress_test | decision='migrar TEST-A-EPSILON' asset=TEST-A-EPSILON severity=CONFLICT conflict=True label=RECOMMENDED ALTERNATIVE policies=['P002', 'P008']
2026-08-21T00:21:56Z | stress_test | decision='migrar TEST-B-OMEGA' asset=TEST-B-OMEGA severity=WARNING conflict=False label=CONFIRMED DECISION policies=['P010', 'P011']
2026-08-21T00:21:56Z | stress_test | decision='migrar TEST-B-SATURN' asset=TEST-B-SATURN severity=CONFLICT conflict=True label=RECOMMENDED ALTERNATIVE policies=['P002', 'P008']
2026-08-21T00:21:56Z | stress_test | decision='migrar TEST-B-NOVA' asset=TEST-B-NOVA severity=CONFLICT conflict=True label=RECOMMENDED ALTERNATIVE policies=['P002', 'P008']
2026-08-21T00:21:56Z | stress_test | decision='migrar TEST-B-ORBIT' asset=TEST-B-ORBIT severity=CONFLICT conflict=True label=RECOMMENDED ALTERNATIVE policies=['P002', 'P008']
2026-08-21T00:21:56Z | stress_test | decision='migrar TEST-B-ZENITH' asset=TEST-B-ZENITH severity=CONFLICT conflict=True label=RECOMMENDED ALTERNATIVE policies=['P002', 'P008']
2026-08-21T00:21:56Z | stress_test | decision='migrar TEST-B-PULSE' asset=TEST-B-PULSE severity=CONFLICT conflict=True label=RECOMMENDED ALTERNATIVE policies=['P002', 'P008']
2026-08-21T00:21:56Z | stress_test | decision='migrar TEST-B-QUASAR' asset=TEST-B-QUASAR severity=CONFLICT conflict=True label=RECOMMENDED ALTERNATIVE policies=['P002', 'P008']
2026-08-21T00:21:56Z | stress_test | decision='migrar TEST-B-COMET' asset=TEST-B-COMET severity=CONFLICT conflict=True label=RECOMMENDED ALTERNATIVE policies=['P002', 'P008']
2026-08-21T00:22:00Z | stress_test | decision='migrar TEST-A-ALPHA' asset=TEST-A-ALPHA severity=WARNING conflict=False label=CONFIRMED DECISION policies=['P011']
2026-08-21T00:22:00Z | stress_test | decision='migrar TEST-A-BETA' asset=TEST-A-BETA severity=CONFLICT conflict=True label=RECOMMENDED ALTERNATIVE policies=['P002', 'P008']
2026-08-21T00:22:00Z | stress_test | decision='migrar TEST-A-GAMMA' asset=TEST-A-GAMMA severity=CONFLICT conflict=True label=RECOMMENDED ALTERNATIVE policies=['P002', 'P008']
2026-08-21T00:22:00Z | stress_test | decision='migrar TEST-A-DELTA' asset=TEST-A-DELTA severity=CONFLICT conflict=True label=RECOMMENDED ALTERNATIVE policies=['P002', 'P008']
2026-08-21T00:22:00Z | stress_test | decision='migrar TEST-A-EPSILON' asset=TEST-A-EPSILON severity=CONFLICT conflict=True label=RECOMMENDED ALTERNATIVE policies=['P002', 'P008']
2026-08-21T00:22:02Z | stress_test | decision='migrar TEST-A-ALPHA' asset=TEST-A-ALPHA severity=WARNING conflict=False label=CONFIRMED DECISION policies=['P011']
2026-08-21T00:22:02Z | stress_test | decision='migrar TEST-A-BETA' asset=TEST-A-BETA severity=CONFLICT conflict=True label=RECOMMENDED ALTERNATIVE policies=['P002', 'P008']
2026-08-21T00:22:02Z | stress_test | decision='migrar TEST-A-GAMMA' asset=TEST-A-GAMMA severity=CONFLICT conflict=True label=RECOMMENDED ALTERNATIVE policies=['P002', 'P008']
2026-08-21T00:22:02Z | stress_test | decision='migrar TEST-A-DELTA' asset=TEST-A-DELTA severity=CONFLICT conflict=True label=RECOMMENDED ALTERNATIVE policies=['P002', 'P008']
2026-08-21T00:22:02Z | stress_test | decision='migrar TEST-A-EPSILON' asset=TEST-A-EPSILON severity=CONFLICT conflict=True label=RECOMMENDED ALTERNATIVE policies=['P002', 'P008']
2026-08-21T00:22:04Z | stress_test | decision='migrar TEST-C-01' asset=TEST-C-01 severity=WARNING conflict=False label=CONFIRMED DECISION policies=['P011']
2026-08-21T00:22:04Z | stress_test | decision='migrar TEST-C-02' asset=TEST-C-02 severity=CONFLICT conflict=True label=RECOMMENDED ALTERNATIVE policies=['P002', 'P008']
2026-08-21T00:22:04Z | stress_test | decision='migrar TEST-C-03' asset=TEST-C-03 severity=CONFLICT conflict=True label=RECOMMENDED ALTERNATIVE policies=['P002', 'P008']
2026-08-21T00:22:04Z | stress_test | decision='migrar TEST-C-04' asset=TEST-C-04 severity=CONFLICT conflict=True label=RECOMMENDED ALTERNATIVE policies=['P002', 'P008']
2026-08-21T00:22:04Z | stress_test | decision='migrar TEST-C-05' asset=TEST-C-05 severity=CONFLICT conflict=True label=RECOMMENDED ALTERNATIVE policies=['P002', 'P008']
2026-08-21T00:22:04Z | stress_test | decision='migrar TEST-C-06' asset=TEST-C-06 severity=CONFLICT conflict=True label=RECOMMENDED ALTERNATIVE policies=['P002', 'P008']
2026-08-21T00:22:04Z | stress_test | decision='migrar TEST-C-07' asset=TEST-C-07 severity=CONFLICT conflict=True label=RECOMMENDED ALTERNATIVE policies=['P002', 'P008']
2026-08-21T00:22:04Z | stress_test | decision='migrar TEST-C-08' asset=TEST-C-08 severity=CONFLICT conflict=True label=RECOMMENDED ALTERNATIVE policies=['P002', 'P008']
2026-08-21T00:22:04Z | stress_test | decision='migrar TEST-C-09' asset=TEST-C-09 severity=CONFLICT conflict=True label=RECOMMENDED ALTERNATIVE policies=['P002', 'P008']
2026-08-21T00:22:04Z | stress_test | decision='migrar TEST-C-10' asset=TEST-C-10 severity=CONFLICT conflict=True label=RECOMMENDED ALTERNATIVE policies=['P002', 'P008']
2026-08-21T00:22:04Z | stress_test | decision='migrar TEST-C-11' asset=TEST-C-11 severity=CONFLICT conflict=True label=RECOMMENDED ALTERNATIVE policies=['P002', 'P008']
2026-08-21T00:22:04Z | stress_test | decision='migrar TEST-C-12' asset=TEST-C-12 severity=CONFLICT conflict=True label=RECOMMENDED ALTERNATIVE policies=['P002', 'P008']
2026-08-21T15:54:30Z | stress_test | decision='migrar TEST-A-ALPHA' asset=TEST-A-ALPHA severity=WARNING conflict=False label=CONFIRMED DECISION policies=['P011']
2026-08-21T15:54:30Z | stress_test | decision='migrar TEST-A-BETA' asset=TEST-A-BETA severity=CONFLICT conflict=True label=RECOMMENDED ALTERNATIVE policies=['P002', 'P008']
2026-08-21T15:54:30Z | stress_test | decision='migrar TEST-A-GAMMA' asset=TEST-A-GAMMA severity=CONFLICT conflict=True label=RECOMMENDED ALTERNATIVE policies=['P002', 'P008']
2026-08-21T15:54:30Z | stress_test | decision='migrar TEST-A-DELTA' asset=TEST-A-DELTA severity=CONFLICT conflict=True label=RECOMMENDED ALTERNATIVE policies=['P002', 'P008']
2026-08-21T15:54:30Z | stress_test | decision='migrar TEST-A-EPSILON' asset=TEST-A-EPSILON severity=CONFLICT conflict=True label=RECOMMENDED ALTERNATIVE policies=['P002', 'P008']
2026-08-21T16:10:14Z | stress_test | decision='migrar TEST-A-ALPHA' asset=TEST-A-ALPHA severity=WARNING conflict=False label=CONFIRMED DECISION policies=['P011']
2026-08-21T16:10:14Z | stress_test | decision='migrar TEST-A-BETA' asset=TEST-A-BETA severity=CONFLICT conflict=True label=RECOMMENDED ALTERNATIVE policies=['P002', 'P008']
2026-08-21T16:10:14Z | stress_test | decision='migrar TEST-A-GAMMA' asset=TEST-A-GAMMA severity=CONFLICT conflict=True label=RECOMMENDED ALTERNATIVE policies=['P002', 'P008']
2026-08-21T16:10:14Z | stress_test | decision='migrar TEST-A-DELTA' asset=TEST-A-DELTA severity=CONFLICT conflict=True label=RECOMMENDED ALTERNATIVE policies=['P002', 'P008']
2026-08-21T16:10:14Z | stress_test | decision='migrar TEST-A-EPSILON' asset=TEST-A-EPSILON severity=CONFLICT conflict=True label=RECOMMENDED ALTERNATIVE policies=['P002', 'P008']
2026-08-21T16:10:50Z | stress_test | decision='migrar TEST-A-ALPHA' asset=TEST-A-ALPHA severity=WARNING conflict=False label=CONFIRMED DECISION policies=['P011']
2026-08-21T16:10:50Z | stress_test | decision='migrar TEST-A-BETA' asset=TEST-A-BETA severity=CONFLICT conflict=True label=RECOMMENDED ALTERNATIVE policies=['P002', 'P008']
2026-08-21T16:10:50Z | stress_test | decision='migrar TEST-A-GAMMA' asset=TEST-A-GAMMA severity=CONFLICT conflict=True label=RECOMMENDED ALTERNATIVE policies=['P002', 'P008']
2026-08-21T16:10:50Z | stress_test | decision='migrar TEST-A-DELTA' asset=TEST-A-DELTA severity=CONFLICT conflict=True label=RECOMMENDED ALTERNATIVE policies=['P002', 'P008']
2026-08-21T16:10:50Z | stress_test | decision='migrar TEST-A-EPSILON' asset=TEST-A-EPSILON severity=CONFLICT conflict=True label=RECOMMENDED ALTERNATIVE policies=['P002', 'P008']
2026-08-21T16:12:43Z | stress_test | decision='migrar TEST-A-ALPHA' asset=TEST-A-ALPHA severity=WARNING conflict=False label=CONFIRMED DECISION policies=['P011']
2026-08-21T16:12:43Z | stress_test | decision='migrar TEST-A-BETA' asset=TEST-A-BETA severity=CONFLICT conflict=True label=RECOMMENDED ALTERNATIVE policies=['P002', 'P008']
2026-08-21T16:12:43Z | stress_test | decision='migrar TEST-A-GAMMA' asset=TEST-A-GAMMA severity=CONFLICT conflict=True label=RECOMMENDED ALTERNATIVE policies=['P002', 'P008']
2026-08-21T16:12:43Z | stress_test | decision='migrar TEST-A-DELTA' asset=TEST-A-DELTA severity=CONFLICT conflict=True label=RECOMMENDED ALTERNATIVE policies=['P002', 'P008']
2026-08-21T16:12:43Z | stress_test | decision='migrar TEST-A-EPSILON' asset=TEST-A-EPSILON severity=CONFLICT conflict=True label=RECOMMENDED ALTERNATIVE policies=['P002', 'P008']
2026-08-21T16:12:45Z | stress_test | decision='migrar TEST-A-ALPHA' asset=TEST-A-ALPHA severity=WARNING conflict=False label=CONFIRMED DECISION policies=['P011']
2026-08-21T16:12:45Z | stress_test | decision='migrar TEST-A-BETA' asset=TEST-A-BETA severity=CONFLICT conflict=True label=RECOMMENDED ALTERNATIVE policies=['P002', 'P008']
2026-08-21T16:12:45Z | stress_test | decision='migrar TEST-A-GAMMA' asset=TEST-A-GAMMA severity=CONFLICT conflict=True label=RECOMMENDED ALTERNATIVE policies=['P002', 'P008']
2026-08-21T16:12:45Z | stress_test | decision='migrar TEST-A-DELTA' asset=TEST-A-DELTA severity=CONFLICT conflict=True label=RECOMMENDED ALTERNATIVE policies=['P002', 'P008']
2026-08-21T16:12:45Z | stress_test | decision='migrar TEST-A-EPSILON' asset=TEST-A-EPSILON severity=CONFLICT conflict=True label=RECOMMENDED ALTERNATIVE policies=['P002', 'P008']
2026-08-21T16:12:45Z | stress_test | decision='migrar TEST-A-ALPHA' asset=TEST-A-ALPHA severity=WARNING conflict=False label=CONFIRMED DECISION policies=['P011']
2026-08-21T16:12:45Z | stress_test | decision='migrar TEST-A-BETA' asset=TEST-A-BETA severity=CONFLICT conflict=True label=RECOMMENDED ALTERNATIVE policies=['P002', 'P008']
2026-08-21T16:12:45Z | stress_test | decision='migrar TEST-A-GAMMA' asset=TEST-A-GAMMA severity=CONFLICT conflict=True label=RECOMMENDED ALTERNATIVE policies=['P002', 'P008']
2026-08-21T16:12:45Z | stress_test | decision='migrar TEST-A-DELTA' asset=TEST-A-DELTA severity=CONFLICT conflict=True label=RECOMMENDED ALTERNATIVE policies=['P002', 'P008']
2026-08-21T16:12:45Z | stress_test | decision='migrar TEST-A-EPSILON' asset=TEST-A-EPSILON severity=CONFLICT conflict=True label=RECOMMENDED ALTERNATIVE policies=['P002', 'P008']
2026-08-21T16:20:29Z | stress_test | decision='migrar TEST-A-ALPHA' asset=TEST-A-ALPHA severity=WARNING conflict=False label=CONFIRMED DECISION policies=['P011']
2026-08-21T16:20:29Z | stress_test | decision='migrar TEST-A-BETA' asset=TEST-A-BETA severity=CONFLICT conflict=True label=RECOMMENDED ALTERNATIVE policies=['P002', 'P008']
2026-08-21T16:20:29Z | stress_test | decision='migrar TEST-A-GAMMA' asset=TEST-A-GAMMA severity=CONFLICT conflict=True label=RECOMMENDED ALTERNATIVE policies=['P002', 'P008']
2026-08-21T16:20:29Z | stress_test | decision='migrar TEST-A-DELTA' asset=TEST-A-DELTA severity=CONFLICT conflict=True label=RECOMMENDED ALTERNATIVE policies=['P002', 'P008']
2026-08-21T16:20:29Z | stress_test | decision='migrar TEST-A-EPSILON' asset=TEST-A-EPSILON severity=CONFLICT conflict=True label=RECOMMENDED ALTERNATIVE policies=['P002', 'P008']
2026-08-21T16:54:15Z | stress_test | decision='migrar TEST-A-ALPHA' asset=TEST-A-ALPHA severity=WARNING conflict=False label=CONFIRMED DECISION policies=['P011']
2026-08-21T16:54:15Z | stress_test | decision='migrar TEST-A-BETA' asset=TEST-A-BETA severity=CONFLICT conflict=True label=RECOMMENDED ALTERNATIVE policies=['P002', 'P008']
2026-08-21T16:54:15Z | stress_test | decision='migrar TEST-A-GAMMA' asset=TEST-A-GAMMA severity=CONFLICT conflict=True label=RECOMMENDED ALTERNATIVE policies=['P002', 'P008']
2026-08-21T16:54:15Z | stress_test | decision='migrar TEST-A-DELTA' asset=TEST-A-DELTA severity=CONFLICT conflict=True label=RECOMMENDED ALTERNATIVE policies=['P002', 'P008']
2026-08-21T16:54:15Z | stress_test | decision='migrar TEST-A-EPSILON' asset=TEST-A-EPSILON severity=CONFLICT conflict=True label=RECOMMENDED ALTERNATIVE policies=['P002', 'P008']
2026-08-21T16:54:15Z | stress_test | decision='migrar TEST-A-ALPHA' asset=TEST-A-ALPHA severity=WARNING conflict=False label=CONFIRMED DECISION policies=['P011']
2026-08-21T16:54:15Z | stress_test | decision='migrar TEST-A-BETA' asset=TEST-A-BETA severity=CONFLICT conflict=True label=RECOMMENDED ALTERNATIVE policies=['P002', 'P008']
2026-08-21T16:54:15Z | stress_test | decision='migrar TEST-A-GAMMA' asset=TEST-A-GAMMA severity=CONFLICT conflict=True label=RECOMMENDED ALTERNATIVE policies=['P002', 'P008']
2026-08-21T16:54:15Z | stress_test | decision='migrar TEST-A-DELTA' asset=TEST-A-DELTA severity=CONFLICT conflict=True label=RECOMMENDED ALTERNATIVE policies=['P002', 'P008']
2026-08-21T16:54:15Z | stress_test | decision='migrar TEST-A-EPSILON' asset=TEST-A-EPSILON severity=CONFLICT conflict=True label=RECOMMENDED ALTERNATIVE policies=['P002', 'P008']
2026-08-21T16:54:16Z | stress_test | decision='migrar TEST-A-ALPHA' asset=TEST-A-ALPHA severity=WARNING conflict=False label=CONFIRMED DECISION policies=['P011']
2026-08-21T16:54:16Z | stress_test | decision='migrar TEST-A-BETA' asset=TEST-A-BETA severity=CONFLICT conflict=True label=RECOMMENDED ALTERNATIVE policies=['P002', 'P008']
2026-08-21T16:54:16Z | stress_test | decision='migrar TEST-A-GAMMA' asset=TEST-A-GAMMA severity=CONFLICT conflict=True label=RECOMMENDED ALTERNATIVE policies=['P002', 'P008']
2026-08-21T16:54:16Z | stress_test | decision='migrar TEST-A-DELTA' asset=TEST-A-DELTA severity=CONFLICT conflict=True label=RECOMMENDED ALTERNATIVE policies=['P002', 'P008']
2026-08-21T16:54:16Z | stress_test | decision='migrar TEST-A-EPSILON' asset=TEST-A-EPSILON severity=CONFLICT conflict=True label=RECOMMENDED ALTERNATIVE policies=['P002', 'P008']
2026-08-21T16:54:19Z | stress_test | decision='migrar TEST-A-ALPHA' asset=TEST-A-ALPHA severity=WARNING conflict=False label=CONFIRMED DECISION policies=['P011']
2026-08-21T16:54:21Z | stress_test | decision='migrar TEST-A-ALPHA' asset=TEST-A-ALPHA severity=WARNING conflict=False label=CONFIRMED DECISION policies=['P011']
2026-08-21T16:54:21Z | stress_test | decision='migrar TEST-A-BETA' asset=TEST-A-BETA severity=CONFLICT conflict=True label=RECOMMENDED ALTERNATIVE policies=['P002', 'P008']
2026-08-21T16:54:21Z | stress_test | decision='migrar TEST-A-GAMMA' asset=TEST-A-GAMMA severity=CONFLICT conflict=True label=RECOMMENDED ALTERNATIVE policies=['P002', 'P008']
2026-08-21T16:54:21Z | stress_test | decision='migrar TEST-A-DELTA' asset=TEST-A-DELTA severity=CONFLICT conflict=True label=RECOMMENDED ALTERNATIVE policies=['P002', 'P008']
2026-08-21T16:54:21Z | stress_test | decision='migrar TEST-A-EPSILON' asset=TEST-A-EPSILON severity=CONFLICT conflict=True label=RECOMMENDED ALTERNATIVE policies=['P002', 'P008']
2026-08-21T16:54:21Z | stress_test | decision='migrar TEST-A-ALPHA' asset=TEST-A-ALPHA severity=WARNING conflict=False label=CONFIRMED DECISION policies=['P011']
2026-08-21T16:54:21Z | stress_test | decision='migrar TEST-A-BETA' asset=TEST-A-BETA severity=CONFLICT conflict=True label=RECOMMENDED ALTERNATIVE policies=['P002', 'P008']
2026-08-21T16:54:21Z | stress_test | decision='migrar TEST-A-GAMMA' asset=TEST-A-GAMMA severity=CONFLICT conflict=True label=RECOMMENDED ALTERNATIVE policies=['P002', 'P008']
2026-08-21T16:54:21Z | stress_test | decision='migrar TEST-A-DELTA' asset=TEST-A-DELTA severity=CONFLICT conflict=True label=RECOMMENDED ALTERNATIVE policies=['P002', 'P008']
2026-08-21T16:54:21Z | stress_test | decision='migrar TEST-A-EPSILON' asset=TEST-A-EPSILON severity=CONFLICT conflict=True label=RECOMMENDED ALTERNATIVE policies=['P002', 'P008']
2026-08-21T17:14:19Z | stress_test | decision='migrar TEST-A-ALPHA' asset=TEST-A-ALPHA severity=WARNING conflict=False label=CONFIRMED DECISION policies=['P011']
2026-08-21T17:14:19Z | stress_test | decision='migrar TEST-A-BETA' asset=TEST-A-BETA severity=CONFLICT conflict=True label=RECOMMENDED ALTERNATIVE policies=['P002', 'P008']
2026-08-21T17:14:19Z | stress_test | decision='migrar TEST-A-GAMMA' asset=TEST-A-GAMMA severity=CONFLICT conflict=True label=RECOMMENDED ALTERNATIVE policies=['P002', 'P008']
2026-08-21T17:14:19Z | stress_test | decision='migrar TEST-A-DELTA' asset=TEST-A-DELTA severity=CONFLICT conflict=True label=RECOMMENDED ALTERNATIVE policies=['P002', 'P008']
2026-08-21T17:14:19Z | stress_test | decision='migrar TEST-A-EPSILON' asset=TEST-A-EPSILON severity=CONFLICT conflict=True label=RECOMMENDED ALTERNATIVE policies=['P002', 'P008']
2026-08-21T17:14:22Z | stress_test | decision='migrar TEST-A-ALPHA' asset=TEST-A-ALPHA severity=WARNING conflict=False label=CONFIRMED DECISION policies=['P011']
2026-08-21T17:14:22Z | stress_test | decision='migrar TEST-A-BETA' asset=TEST-A-BETA severity=CONFLICT conflict=True label=RECOMMENDED ALTERNATIVE policies=['P002', 'P008']
2026-08-21T17:14:22Z | stress_test | decision='migrar TEST-A-GAMMA' asset=TEST-A-GAMMA severity=CONFLICT conflict=True label=RECOMMENDED ALTERNATIVE policies=['P002', 'P008']
2026-08-21T17:14:22Z | stress_test | decision='migrar TEST-A-DELTA' asset=TEST-A-DELTA severity=CONFLICT conflict=True label=RECOMMENDED ALTERNATIVE policies=['P002', 'P008']
2026-08-21T17:14:22Z | stress_test | decision='migrar TEST-A-EPSILON' asset=TEST-A-EPSILON severity=CONFLICT conflict=True label=RECOMMENDED ALTERNATIVE policies=['P002', 'P008']
2026-08-21T17:14:22Z | stress_test | decision='migrar TEST-A-ALPHA' asset=TEST-A-ALPHA severity=WARNING conflict=False label=CONFIRMED DECISION policies=['P011']
2026-08-21T17:14:22Z | stress_test | decision='migrar TEST-A-BETA' asset=TEST-A-BETA severity=CONFLICT conflict=True label=RECOMMENDED ALTERNATIVE policies=['P002', 'P008']
2026-08-21T17:14:22Z | stress_test | decision='migrar TEST-A-GAMMA' asset=TEST-A-GAMMA severity=CONFLICT conflict=True label=RECOMMENDED ALTERNATIVE policies=['P002', 'P008']
2026-08-21T17:14:22Z | stress_test | decision='migrar TEST-A-DELTA' asset=TEST-A-DELTA severity=CONFLICT conflict=True label=RECOMMENDED ALTERNATIVE policies=['P002', 'P008']
2026-08-21T17:14:22Z | stress_test | decision='migrar TEST-A-EPSILON' asset=TEST-A-EPSILON severity=CONFLICT conflict=True label=RECOMMENDED ALTERNATIVE policies=['P002', 'P008']
2026-08-21T17:14:22Z | stress_test | decision='migrar TEST-A-ALPHA' asset=TEST-A-ALPHA severity=WARNING conflict=False label=CONFIRMED DECISION policies=['P011']
2026-08-21T17:14:22Z | stress_test | decision='migrar TEST-A-BETA' asset=TEST-A-BETA severity=CONFLICT conflict=True label=RECOMMENDED ALTERNATIVE policies=['P002', 'P008']
2026-08-21T17:14:22Z | stress_test | decision='migrar TEST-A-GAMMA' asset=TEST-A-GAMMA severity=CONFLICT conflict=True label=RECOMMENDED ALTERNATIVE policies=['P002', 'P008']
2026-08-21T17:14:22Z | stress_test | decision='migrar TEST-A-DELTA' asset=TEST-A-DELTA severity=CONFLICT conflict=True label=RECOMMENDED ALTERNATIVE policies=['P002', 'P008']
2026-08-21T17:14:22Z | stress_test | decision='migrar TEST-A-EPSILON' asset=TEST-A-EPSILON severity=CONFLICT conflict=True label=RECOMMENDED ALTERNATIVE policies=['P002', 'P008']
2026-08-21T17:14:22Z | stress_test | decision='migrar TEST-A-ALPHA' asset=TEST-A-ALPHA severity=WARNING conflict=False label=CONFIRMED DECISION policies=['P011']
2026-08-21T17:14:22Z | stress_test | decision='migrar TEST-A-BETA' asset=TEST-A-BETA severity=CONFLICT conflict=True label=RECOMMENDED ALTERNATIVE policies=['P002', 'P008']
2026-08-21T17:14:22Z | stress_test | decision='migrar TEST-A-GAMMA' asset=TEST-A-GAMMA severity=CONFLICT conflict=True label=RECOMMENDED ALTERNATIVE policies=['P002', 'P008']
2026-08-21T17:14:22Z | stress_test | decision='migrar TEST-A-DELTA' asset=TEST-A-DELTA severity=CONFLICT conflict=True label=RECOMMENDED ALTERNATIVE policies=['P002', 'P008']
2026-08-21T17:14:22Z | stress_test | decision='migrar TEST-A-EPSILON' asset=TEST-A-EPSILON severity=CONFLICT conflict=True label=RECOMMENDED ALTERNATIVE policies=['P002', 'P008']
2026-08-21T19:29:20Z | stress_test | decision='migrar IDENTITY-CORE' asset=IDENTITY-CORE severity=CONFLICT conflict=True label=RECOMMENDED ALTERNATIVE policies=['P003']
2026-08-21T19:29:20Z | stress_test | decision='migrar SSO-GLOBAL' asset=SSO-GLOBAL severity=NO_CONFLICT conflict=False label=CONFIRMED DECISION policies=[]
2026-08-21T19:29:20Z | stress_test | decision='migrar PKI-ROOT' asset=PKI-ROOT severity=NO_CONFLICT conflict=False label=CONFIRMED DECISION policies=[]
2026-08-21T19:29:20Z | stress_test | decision='migrar PKI-INTERMEDIATE' asset=PKI-INTERMEDIATE severity=NO_CONFLICT conflict=False label=CONFIRMED DECISION policies=[]
2026-08-21T19:29:20Z | stress_test | decision='migrar HSM-CLUSTER-US' asset=HSM-CLUSTER-US severity=NO_CONFLICT conflict=False label=CONFIRMED DECISION policies=[]
2026-08-21T19:29:20Z | stress_test | decision='migrar HSM-CLUSTER-EU' asset=HSM-CLUSTER-EU severity=NO_CONFLICT conflict=False label=CONFIRMED DECISION policies=[]
2026-08-21T19:29:20Z | stress_test | decision='migrar PAYMENT-CORE' asset=PAYMENT-CORE severity=NO_CONFLICT conflict=False label=CONFIRMED DECISION policies=[]
2026-08-21T19:29:20Z | stress_test | decision='migrar COMMAND-SIGNING' asset=COMMAND-SIGNING severity=NO_CONFLICT conflict=False label=CONFIRMED DECISION policies=[]
2026-08-21T19:29:20Z | stress_test | decision='migrar SAT-OPS-01' asset=SAT-OPS-01 severity=CONFLICT conflict=True label=RECOMMENDED ALTERNATIVE policies=['P002', 'P008']
2026-08-21T19:29:20Z | stress_test | decision='migrar GROUND-STATION-EU' asset=GROUND-STATION-EU severity=NO_CONFLICT conflict=False label=CONFIRMED DECISION policies=[]
2026-08-21T19:29:20Z | stress_test | decision='migrar CUSTOMER-PORTAL' asset=CUSTOMER-PORTAL severity=CONFLICT conflict=True label=RECOMMENDED ALTERNATIVE policies=['P003']
2026-08-21T19:29:20Z | stress_test | decision='migrar TELEMETRY-BUS' asset=TELEMETRY-BUS severity=NO_CONFLICT conflict=False label=CONFIRMED DECISION policies=[]
2026-08-21T19:29:20Z | stress_test | decision='migrar DATA-LAKE-01' asset=DATA-LAKE-01 severity=NO_CONFLICT conflict=False label=CONFIRMED DECISION policies=[]
2026-08-21T19:29:20Z | stress_test | decision='migrar GROUND-STATION-US' asset=GROUND-STATION-US severity=NO_CONFLICT conflict=False label=CONFIRMED DECISION policies=[]
2026-08-21T19:29:20Z | stress_test | decision='migrar GROUND-STATION-APAC' asset=GROUND-STATION-APAC severity=NO_CONFLICT conflict=False label=CONFIRMED DECISION policies=[]
2026-08-21T19:29:20Z | stress_test | decision='migrar SAT-OPS-02' asset=SAT-OPS-02 severity=NO_CONFLICT conflict=False label=CONFIRMED DECISION policies=[]
2026-08-21T19:29:20Z | stress_test | decision='migrar SAT-COMMS-RELAY' asset=SAT-COMMS-RELAY severity=NO_CONFLICT conflict=False label=CONFIRMED DECISION policies=[]
2026-08-21T19:29:20Z | stress_test | decision='migrar API-GATEWAY-EDGE' asset=API-GATEWAY-EDGE severity=NO_CONFLICT conflict=False label=CONFIRMED DECISION policies=[]
2026-08-21T19:29:20Z | stress_test | decision='migrar API-GATEWAY-INTERNAL' asset=API-GATEWAY-INTERNAL severity=NO_CONFLICT conflict=False label=CONFIRMED DECISION policies=[]
2026-08-21T19:29:20Z | stress_test | decision='migrar IAM-WORKFORCE' asset=IAM-WORKFORCE severity=NO_CONFLICT conflict=False label=CONFIRMED DECISION policies=[]
2026-08-21T19:29:20Z | stress_test | decision='migrar PKI-EXTERNAL-CA' asset=PKI-EXTERNAL-CA severity=NO_CONFLICT conflict=False label=CONFIRMED DECISION policies=[]
2026-08-21T19:29:20Z | stress_test | decision='migrar KMS-CLOUD-PRIMARY' asset=KMS-CLOUD-PRIMARY severity=NO_CONFLICT conflict=False label=CONFIRMED DECISION policies=[]
2026-08-21T19:29:20Z | stress_test | decision='migrar BACKUP-VAULT-01' asset=BACKUP-VAULT-01 severity=NO_CONFLICT conflict=False label=CONFIRMED DECISION policies=[]
2026-08-21T19:29:20Z | stress_test | decision='migrar ERP-FINANCE' asset=ERP-FINANCE severity=NO_CONFLICT conflict=False label=CONFIRMED DECISION policies=[]
2026-08-21T19:29:20Z | stress_test | decision='migrar MOBILE-BANKING-APP' asset=MOBILE-BANKING-APP severity=NO_CONFLICT conflict=False label=CONFIRMED DECISION policies=[]
2026-08-21T19:29:20Z | stress_test | decision='migrar CODE-SIGNING-PROD' asset=CODE-SIGNING-PROD severity=CONFLICT conflict=True label=RECOMMENDED ALTERNATIVE policies=['P003']
2026-08-21T19:29:20Z | stress_test | decision='migrar FIRMWARE-SIGNING' asset=FIRMWARE-SIGNING severity=CONFLICT conflict=True label=RECOMMENDED ALTERNATIVE policies=['P003']
2026-08-21T19:29:20Z | stress_test | decision='migrar SIEM-CORE' asset=SIEM-CORE severity=NO_CONFLICT conflict=False label=CONFIRMED DECISION policies=[]
2026-08-21T19:29:20Z | stress_test | decision='migrar SOC-PLATFORM' asset=SOC-PLATFORM severity=NO_CONFLICT conflict=False label=CONFIRMED DECISION policies=[]
2026-08-21T19:29:20Z | stress_test | decision='migrar LOGGING-PIPELINE' asset=LOGGING-PIPELINE severity=NO_CONFLICT conflict=False label=CONFIRMED DECISION policies=[]
2026-08-21T19:29:20Z | stress_test | decision='migrar VPN-CORP-PRIMARY' asset=VPN-CORP-PRIMARY severity=NO_CONFLICT conflict=False label=CONFIRMED DECISION policies=[]
2026-08-21T19:29:20Z | stress_test | decision='migrar K8S-PROD-US' asset=K8S-PROD-US severity=NO_CONFLICT conflict=False label=CONFIRMED DECISION policies=[]
2026-08-21T19:29:20Z | stress_test | decision='migrar K8S-PROD-EU' asset=K8S-PROD-EU severity=NO_CONFLICT conflict=False label=CONFIRMED DECISION policies=[]
2026-08-21T19:29:20Z | stress_test | decision='migrar DB-MISSION-PRIMARY' asset=DB-MISSION-PRIMARY severity=NO_CONFLICT conflict=False label=CONFIRMED DECISION policies=[]
2026-08-21T19:29:20Z | stress_test | decision='migrar DB-PAYMENTS' asset=DB-PAYMENTS severity=NO_CONFLICT conflict=False label=CONFIRMED DECISION policies=[]
2026-08-21T19:29:20Z | stress_test | decision='migrar CUSTOMER-API' asset=CUSTOMER-API severity=NO_CONFLICT conflict=False label=CONFIRMED DECISION policies=[]
2026-08-21T19:29:20Z | stress_test | decision='migrar SECURE-COMMS-GW' asset=SECURE-COMMS-GW severity=NO_CONFLICT conflict=False label=CONFIRMED DECISION policies=[]
2026-08-21T19:29:20Z | stress_test | decision='migrar LAUNCH-AUTH' asset=LAUNCH-AUTH severity=NO_CONFLICT conflict=False label=CONFIRMED DECISION policies=[]
2026-08-21T19:29:20Z | stress_test | decision='migrar QA-IDENTITY' asset=QA-IDENTITY severity=NO_CONFLICT conflict=False label=CONFIRMED DECISION policies=[]
2026-08-21T19:29:20Z | stress_test | decision='migrar PARTNER-PORTAL' asset=PARTNER-PORTAL severity=NO_CONFLICT conflict=False label=CONFIRMED DECISION policies=[]
2026-08-21T19:29:20Z | stress_test | decision='migrar BILLING-ENGINE' asset=BILLING-ENGINE severity=NO_CONFLICT conflict=False label=CONFIRMED DECISION policies=[]
2026-08-21T19:29:20Z | stress_test | decision='migrar TREASURY-WORKSTATION' asset=TREASURY-WORKSTATION severity=NO_CONFLICT conflict=False label=CONFIRMED DECISION policies=[]
2026-08-21T19:29:20Z | stress_test | decision='migrar TELEMETRY-ARCHIVE' asset=TELEMETRY-ARCHIVE severity=NO_CONFLICT conflict=False label=CONFIRMED DECISION policies=[]
2026-08-21T19:29:20Z | stress_test | decision='migrar DATA-WAREHOUSE' asset=DATA-WAREHOUSE severity=NO_CONFLICT conflict=False label=CONFIRMED DECISION policies=[]
2026-08-21T19:29:20Z | stress_test | decision='migrar DEV-PORTAL' asset=DEV-PORTAL severity=NO_CONFLICT conflict=False label=CONFIRMED DECISION policies=[]
2026-08-21T19:29:20Z | stress_test | decision='migrar STAGING-K8S' asset=STAGING-K8S severity=NO_CONFLICT conflict=False label=CONFIRMED DECISION policies=[]
2026-08-21T19:29:20Z | stress_test | decision='migrar CLOUD-OBJ-STORE' asset=CLOUD-OBJ-STORE severity=NO_CONFLICT conflict=False label=CONFIRMED DECISION policies=[]
2026-08-21T19:29:20Z | stress_test | decision='migrar DNS-INTERNAL' asset=DNS-INTERNAL severity=NO_CONFLICT conflict=False label=CONFIRMED DECISION policies=[]
2026-08-21T19:29:20Z | stress_test | decision='migrar REGION-LB-EU' asset=REGION-LB-EU severity=NO_CONFLICT conflict=False label=CONFIRMED DECISION policies=[]
2026-08-21T19:29:20Z | stress_test | decision='migrar REGION-LB-US' asset=REGION-LB-US severity=NO_CONFLICT conflict=False label=CONFIRMED DECISION policies=[]
2026-08-21T19:29:20Z | stress_test | decision='migrar GUEST-NETWORK-PORTAL' asset=GUEST-NETWORK-PORTAL severity=NO_CONFLICT conflict=False label=CONFIRMED DECISION policies=[]
2026-08-21T19:29:20Z | stress_test | decision='migrar LEGACY-VPN-EU' asset=LEGACY-VPN-EU severity=NO_CONFLICT conflict=False label=CONFIRMED DECISION policies=[]
2026-08-21T19:29:20Z | stress_test | decision='migrar LEGACY-PKI-01' asset=LEGACY-PKI-01 severity=NO_CONFLICT conflict=False label=CONFIRMED DECISION policies=[]
2026-08-21T19:29:20Z | stress_test | decision='migrar LEGACY-ERP-02' asset=LEGACY-ERP-02 severity=CONFLICT conflict=True label=RECOMMENDED ALTERNATIVE policies=['P003']
2026-08-21T19:29:20Z | stress_test | decision='migrar LEGACY-MANUFACTURING' asset=LEGACY-MANUFACTURING severity=NO_CONFLICT conflict=False label=CONFIRMED DECISION policies=[]
2026-08-21T19:29:20Z | stress_test | decision='migrar LEGACY-RADIUS' asset=LEGACY-RADIUS severity=NO_CONFLICT conflict=False label=CONFIRMED DECISION policies=[]
2026-08-21T19:29:20Z | stress_test | decision='migrar LEGACY-BACKUP-TAPE' asset=LEGACY-BACKUP-TAPE severity=NO_CONFLICT conflict=False label=CONFIRMED DECISION policies=[]
2026-08-21T19:29:20Z | stress_test | decision='migrar GIT-INFRA' asset=GIT-INFRA severity=NO_CONFLICT conflict=False label=CONFIRMED DECISION policies=[]
2026-08-21T19:29:20Z | stress_test | decision='migrar MFG-CONTROL-01' asset=MFG-CONTROL-01 severity=NO_CONFLICT conflict=False label=CONFIRMED DECISION policies=[]
2026-08-21T19:29:20Z | stress_test | decision='migrar PQC-PILOT-DSA' asset=PQC-PILOT-DSA severity=NO_CONFLICT conflict=False label=CONFIRMED DECISION policies=[]
2026-08-21T19:29:20Z | stress_test | decision='migrar PQC-PILOT-KEM' asset=PQC-PILOT-KEM severity=NO_CONFLICT conflict=False label=CONFIRMED DECISION policies=[]
2026-08-21T19:29:20Z | stress_test | decision='migrar ASSET-071' asset=ASSET-071 severity=NO_CONFLICT conflict=False label=CONFIRMED DECISION policies=[]
2026-08-21T19:29:20Z | stress_test | decision='migrar HR-PORTAL' asset=HR-PORTAL severity=NO_CONFLICT conflict=False label=CONFIRMED DECISION policies=[]
2026-08-21T19:29:20Z | stress_test | decision='migrar HR-DATABASE' asset=HR-DATABASE severity=NO_CONFLICT conflict=False label=CONFIRMED DECISION policies=[]
2026-08-21T19:29:20Z | stress_test | decision='migrar CICD-RUNNERS' asset=CICD-RUNNERS severity=NO_CONFLICT conflict=False label=CONFIRMED DECISION policies=[]
2026-08-21T19:29:20Z | stress_test | decision='migrar MONITORING-STACK' asset=MONITORING-STACK severity=NO_CONFLICT conflict=False label=CONFIRMED DECISION policies=[]
2026-08-21T19:29:20Z | stress_test | decision='migrar COLLAB-SUITE' asset=COLLAB-SUITE severity=NO_CONFLICT conflict=False label=CONFIRMED DECISION policies=[]
2026-08-21T19:29:20Z | stress_test | decision='migrar FILE-SHARE-GLOBAL' asset=FILE-SHARE-GLOBAL severity=NO_CONFLICT conflict=False label=CONFIRMED DECISION policies=[]
2026-08-21T19:29:20Z | stress_test | decision='migrar MFG-CONTROL-02' asset=MFG-CONTROL-02 severity=NO_CONFLICT conflict=False label=CONFIRMED DECISION policies=[]
2026-08-21T19:29:20Z | stress_test | decision='migrar SUPPLY-CHAIN-API' asset=SUPPLY-CHAIN-API severity=NO_CONFLICT conflict=False label=CONFIRMED DECISION policies=[]
2026-08-21T19:29:20Z | stress_test | decision='migrar EMAIL-GATEWAY' asset=EMAIL-GATEWAY severity=NO_CONFLICT conflict=False label=CONFIRMED DECISION policies=[]
2026-08-21T19:29:20Z | stress_test | decision='migrar ASSET-MGMT' asset=ASSET-MGMT severity=NO_CONFLICT conflict=False label=CONFIRMED DECISION policies=[]
2026-08-21T19:29:20Z | stress_test | decision='migrar TIME-SYNC' asset=TIME-SYNC severity=NO_CONFLICT conflict=False label=CONFIRMED DECISION policies=[]
2026-08-21T19:29:20Z | stress_test | decision='migrar LAB-WIFI-CONTROLLER' asset=LAB-WIFI-CONTROLLER severity=NO_CONFLICT conflict=False label=CONFIRMED DECISION policies=[]
2026-08-21T19:29:20Z | stress_test | decision='migrar DEMO-ENV-PORTAL' asset=DEMO-ENV-PORTAL severity=NO_CONFLICT conflict=False label=CONFIRMED DECISION policies=[]
2026-08-21T19:29:20Z | stress_test | decision='migrar TRAINING-SIMULATOR' asset=TRAINING-SIMULATOR severity=NO_CONFLICT conflict=False label=CONFIRMED DECISION policies=[]
2026-08-21T19:29:20Z | stress_test | decision='migrar PRINT-SERVER-HQ' asset=PRINT-SERVER-HQ severity=NO_CONFLICT conflict=False label=CONFIRMED DECISION policies=[]
2026-08-21T19:29:20Z | stress_test | decision='migrar ASSET-042' asset=ASSET-042 severity=NO_CONFLICT conflict=False label=CONFIRMED DECISION policies=[]
2026-08-21T19:29:20Z | stress_test | decision='migrar ASSET-057' asset=ASSET-057 severity=NO_CONFLICT conflict=False label=CONFIRMED DECISION policies=[]
2026-08-21T19:29:20Z | stress_test | decision='migrar ASSET-063' asset=ASSET-063 severity=NO_CONFLICT conflict=False label=CONFIRMED DECISION policies=[]
2026-08-21T19:29:20Z | stress_test | decision='migrar APAC-SG' asset=APAC-SG severity=NO_CONFLICT conflict=False label=CONFIRMED DECISION policies=[]
2026-08-21T19:29:20Z | stress_test | decision='migrar NG-07' asset=NG-07 severity=NO_CONFLICT conflict=False label=CONFIRMED DECISION policies=[]
2026-08-21T19:29:20Z | stress_test | decision='migrar MISSION-CONTROL' asset=MISSION-CONTROL severity=CONFLICT conflict=True label=RECOMMENDED ALTERNATIVE policies=['P002', 'P003', 'P008']
2026-08-21T19:29:20Z | stress_test | decision='migrar PAYMENTS-CORE' asset=PAYMENTS-CORE severity=NO_CONFLICT conflict=False label=CONFIRMED DECISION policies=[]
2026-08-21T19:29:20Z | stress_test | decision='migrar FLIGHT-DATA' asset=FLIGHT-DATA severity=NO_CONFLICT conflict=False label=CONFIRMED DECISION policies=[]
2026-08-21T19:29:20Z | stress_test | decision='migrar SECURITY-SIEM' asset=SECURITY-SIEM severity=NO_CONFLICT conflict=False label=CONFIRMED DECISION policies=[]
2026-08-21T19:29:20Z | stress_test | decision='migrar LEGACY-FTP' asset=LEGACY-FTP severity=NO_CONFLICT conflict=False label=CONFIRMED DECISION policies=[]
2026-08-21T19:29:20Z | stress_test | decision='migrar IDENTITY-CORE' asset=IDENTITY-CORE severity=CONFLICT conflict=True label=RECOMMENDED ALTERNATIVE policies=['P003']
2026-08-21T19:29:20Z | stress_test | decision='migrar SSO-GLOBAL' asset=SSO-GLOBAL severity=NO_CONFLICT conflict=False label=CONFIRMED DECISION policies=[]
2026-08-21T19:29:20Z | stress_test | decision='migrar PKI-ROOT' asset=PKI-ROOT severity=NO_CONFLICT conflict=False label=CONFIRMED DECISION policies=[]
2026-08-21T19:29:20Z | stress_test | decision='migrar PKI-INTERMEDIATE' asset=PKI-INTERMEDIATE severity=NO_CONFLICT conflict=False label=CONFIRMED DECISION policies=[]
2026-08-21T19:29:20Z | stress_test | decision='migrar HSM-CLUSTER-US' asset=HSM-CLUSTER-US severity=NO_CONFLICT conflict=False label=CONFIRMED DECISION policies=[]
2026-08-21T19:29:20Z | stress_test | decision='migrar HSM-CLUSTER-EU' asset=HSM-CLUSTER-EU severity=NO_CONFLICT conflict=False label=CONFIRMED DECISION policies=[]
2026-08-21T19:29:20Z | stress_test | decision='migrar PAYMENT-CORE' asset=PAYMENT-CORE severity=NO_CONFLICT conflict=False label=CONFIRMED DECISION policies=[]
2026-08-21T19:29:20Z | stress_test | decision='migrar COMMAND-SIGNING' asset=COMMAND-SIGNING severity=NO_CONFLICT conflict=False label=CONFIRMED DECISION policies=[]
2026-08-21T19:29:20Z | stress_test | decision='migrar SAT-OPS-01' asset=SAT-OPS-01 severity=CONFLICT conflict=True label=RECOMMENDED ALTERNATIVE policies=['P002', 'P008']
2026-08-21T19:29:20Z | stress_test | decision='migrar GROUND-STATION-EU' asset=GROUND-STATION-EU severity=NO_CONFLICT conflict=False label=CONFIRMED DECISION policies=[]
2026-08-21T19:29:20Z | stress_test | decision='migrar CUSTOMER-PORTAL' asset=CUSTOMER-PORTAL severity=CONFLICT conflict=True label=RECOMMENDED ALTERNATIVE policies=['P003']
2026-08-21T19:29:20Z | stress_test | decision='migrar TELEMETRY-BUS' asset=TELEMETRY-BUS severity=NO_CONFLICT conflict=False label=CONFIRMED DECISION policies=[]
2026-08-21T19:29:20Z | stress_test | decision='migrar DATA-LAKE-01' asset=DATA-LAKE-01 severity=NO_CONFLICT conflict=False label=CONFIRMED DECISION policies=[]
2026-08-21T19:29:20Z | stress_test | decision='migrar GROUND-STATION-US' asset=GROUND-STATION-US severity=NO_CONFLICT conflict=False label=CONFIRMED DECISION policies=[]
2026-08-21T19:29:20Z | stress_test | decision='migrar GROUND-STATION-APAC' asset=GROUND-STATION-APAC severity=NO_CONFLICT conflict=False label=CONFIRMED DECISION policies=[]
2026-08-21T19:29:20Z | stress_test | decision='migrar SAT-OPS-02' asset=SAT-OPS-02 severity=NO_CONFLICT conflict=False label=CONFIRMED DECISION policies=[]
2026-08-21T19:29:20Z | stress_test | decision='migrar SAT-COMMS-RELAY' asset=SAT-COMMS-RELAY severity=NO_CONFLICT conflict=False label=CONFIRMED DECISION policies=[]
2026-08-21T19:29:20Z | stress_test | decision='migrar API-GATEWAY-EDGE' asset=API-GATEWAY-EDGE severity=NO_CONFLICT conflict=False label=CONFIRMED DECISION policies=[]
2026-08-21T19:29:20Z | stress_test | decision='migrar API-GATEWAY-INTERNAL' asset=API-GATEWAY-INTERNAL severity=NO_CONFLICT conflict=False label=CONFIRMED DECISION policies=[]
2026-08-21T19:29:20Z | stress_test | decision='migrar IAM-WORKFORCE' asset=IAM-WORKFORCE severity=NO_CONFLICT conflict=False label=CONFIRMED DECISION policies=[]
2026-08-21T19:29:20Z | stress_test | decision='migrar PKI-EXTERNAL-CA' asset=PKI-EXTERNAL-CA severity=NO_CONFLICT conflict=False label=CONFIRMED DECISION policies=[]
2026-08-21T19:29:20Z | stress_test | decision='migrar KMS-CLOUD-PRIMARY' asset=KMS-CLOUD-PRIMARY severity=NO_CONFLICT conflict=False label=CONFIRMED DECISION policies=[]
2026-08-21T19:29:20Z | stress_test | decision='migrar BACKUP-VAULT-01' asset=BACKUP-VAULT-01 severity=NO_CONFLICT conflict=False label=CONFIRMED DECISION policies=[]
2026-08-21T19:29:20Z | stress_test | decision='migrar ERP-FINANCE' asset=ERP-FINANCE severity=NO_CONFLICT conflict=False label=CONFIRMED DECISION policies=[]
2026-08-21T19:29:20Z | stress_test | decision='migrar MOBILE-BANKING-APP' asset=MOBILE-BANKING-APP severity=NO_CONFLICT conflict=False label=CONFIRMED DECISION policies=[]
2026-08-21T19:29:20Z | stress_test | decision='migrar CODE-SIGNING-PROD' asset=CODE-SIGNING-PROD severity=CONFLICT conflict=True label=RECOMMENDED ALTERNATIVE policies=['P003']
2026-08-21T19:29:20Z | stress_test | decision='migrar FIRMWARE-SIGNING' asset=FIRMWARE-SIGNING severity=CONFLICT conflict=True label=RECOMMENDED ALTERNATIVE policies=['P003']
2026-08-21T19:29:20Z | stress_test | decision='migrar SIEM-CORE' asset=SIEM-CORE severity=NO_CONFLICT conflict=False label=CONFIRMED DECISION policies=[]
2026-08-21T19:29:20Z | stress_test | decision='migrar SOC-PLATFORM' asset=SOC-PLATFORM severity=NO_CONFLICT conflict=False label=CONFIRMED DECISION policies=[]
2026-08-21T19:29:20Z | stress_test | decision='migrar LOGGING-PIPELINE' asset=LOGGING-PIPELINE severity=NO_CONFLICT conflict=False label=CONFIRMED DECISION policies=[]
2026-08-21T19:29:20Z | stress_test | decision='migrar VPN-CORP-PRIMARY' asset=VPN-CORP-PRIMARY severity=NO_CONFLICT conflict=False label=CONFIRMED DECISION policies=[]
2026-08-21T19:29:20Z | stress_test | decision='migrar K8S-PROD-US' asset=K8S-PROD-US severity=NO_CONFLICT conflict=False label=CONFIRMED DECISION policies=[]
2026-08-21T19:29:20Z | stress_test | decision='migrar K8S-PROD-EU' asset=K8S-PROD-EU severity=NO_CONFLICT conflict=False label=CONFIRMED DECISION policies=[]
2026-08-21T19:29:20Z | stress_test | decision='migrar DB-MISSION-PRIMARY' asset=DB-MISSION-PRIMARY severity=NO_CONFLICT conflict=False label=CONFIRMED DECISION policies=[]
2026-08-21T19:29:20Z | stress_test | decision='migrar DB-PAYMENTS' asset=DB-PAYMENTS severity=NO_CONFLICT conflict=False label=CONFIRMED DECISION policies=[]
2026-08-21T19:29:20Z | stress_test | decision='migrar CUSTOMER-API' asset=CUSTOMER-API severity=NO_CONFLICT conflict=False label=CONFIRMED DECISION policies=[]
2026-08-21T19:29:20Z | stress_test | decision='migrar SECURE-COMMS-GW' asset=SECURE-COMMS-GW severity=NO_CONFLICT conflict=False label=CONFIRMED DECISION policies=[]
2026-08-21T19:29:20Z | stress_test | decision='migrar LAUNCH-AUTH' asset=LAUNCH-AUTH severity=NO_CONFLICT conflict=False label=CONFIRMED DECISION policies=[]
2026-08-21T19:29:20Z | stress_test | decision='migrar QA-IDENTITY' asset=QA-IDENTITY severity=NO_CONFLICT conflict=False label=CONFIRMED DECISION policies=[]
2026-08-21T19:29:20Z | stress_test | decision='migrar PARTNER-PORTAL' asset=PARTNER-PORTAL severity=NO_CONFLICT conflict=False label=CONFIRMED DECISION policies=[]
2026-08-21T19:29:20Z | stress_test | decision='migrar BILLING-ENGINE' asset=BILLING-ENGINE severity=NO_CONFLICT conflict=False label=CONFIRMED DECISION policies=[]
2026-08-21T19:29:20Z | stress_test | decision='migrar TREASURY-WORKSTATION' asset=TREASURY-WORKSTATION severity=NO_CONFLICT conflict=False label=CONFIRMED DECISION policies=[]
2026-08-21T19:29:20Z | stress_test | decision='migrar TELEMETRY-ARCHIVE' asset=TELEMETRY-ARCHIVE severity=NO_CONFLICT conflict=False label=CONFIRMED DECISION policies=[]
2026-08-21T19:29:20Z | stress_test | decision='migrar DATA-WAREHOUSE' asset=DATA-WAREHOUSE severity=NO_CONFLICT conflict=False label=CONFIRMED DECISION policies=[]
2026-08-21T19:29:20Z | stress_test | decision='migrar DEV-PORTAL' asset=DEV-PORTAL severity=NO_CONFLICT conflict=False label=CONFIRMED DECISION policies=[]
2026-08-21T19:29:20Z | stress_test | decision='migrar STAGING-K8S' asset=STAGING-K8S severity=NO_CONFLICT conflict=False label=CONFIRMED DECISION policies=[]
2026-08-21T19:29:20Z | stress_test | decision='migrar CLOUD-OBJ-STORE' asset=CLOUD-OBJ-STORE severity=NO_CONFLICT conflict=False label=CONFIRMED DECISION policies=[]
2026-08-21T19:29:20Z | stress_test | decision='migrar DNS-INTERNAL' asset=DNS-INTERNAL severity=NO_CONFLICT conflict=False label=CONFIRMED DECISION policies=[]
2026-08-21T19:29:20Z | stress_test | decision='migrar REGION-LB-EU' asset=REGION-LB-EU severity=NO_CONFLICT conflict=False label=CONFIRMED DECISION policies=[]
2026-08-21T19:29:20Z | stress_test | decision='migrar REGION-LB-US' asset=REGION-LB-US severity=NO_CONFLICT conflict=False label=CONFIRMED DECISION policies=[]
2026-08-21T19:29:20Z | stress_test | decision='migrar GUEST-NETWORK-PORTAL' asset=GUEST-NETWORK-PORTAL severity=NO_CONFLICT conflict=False label=CONFIRMED DECISION policies=[]
2026-08-21T19:29:20Z | stress_test | decision='migrar LEGACY-VPN-EU' asset=LEGACY-VPN-EU severity=NO_CONFLICT conflict=False label=CONFIRMED DECISION policies=[]
2026-08-21T19:29:20Z | stress_test | decision='migrar LEGACY-PKI-01' asset=LEGACY-PKI-01 severity=NO_CONFLICT conflict=False label=CONFIRMED DECISION policies=[]
2026-08-21T19:29:20Z | stress_test | decision='migrar LEGACY-ERP-02' asset=LEGACY-ERP-02 severity=CONFLICT conflict=True label=RECOMMENDED ALTERNATIVE policies=['P003']
2026-08-21T19:29:20Z | stress_test | decision='migrar LEGACY-MANUFACTURING' asset=LEGACY-MANUFACTURING severity=NO_CONFLICT conflict=False label=CONFIRMED DECISION policies=[]
2026-08-21T19:29:20Z | stress_test | decision='migrar LEGACY-RADIUS' asset=LEGACY-RADIUS severity=NO_CONFLICT conflict=False label=CONFIRMED DECISION policies=[]
2026-08-21T19:29:20Z | stress_test | decision='migrar LEGACY-BACKUP-TAPE' asset=LEGACY-BACKUP-TAPE severity=NO_CONFLICT conflict=False label=CONFIRMED DECISION policies=[]
2026-08-21T19:29:20Z | stress_test | decision='migrar GIT-INFRA' asset=GIT-INFRA severity=NO_CONFLICT conflict=False label=CONFIRMED DECISION policies=[]
2026-08-21T19:29:20Z | stress_test | decision='migrar MFG-CONTROL-01' asset=MFG-CONTROL-01 severity=NO_CONFLICT conflict=False label=CONFIRMED DECISION policies=[]
2026-08-21T19:29:20Z | stress_test | decision='migrar PQC-PILOT-DSA' asset=PQC-PILOT-DSA severity=NO_CONFLICT conflict=False label=CONFIRMED DECISION policies=[]
2026-08-21T19:29:20Z | stress_test | decision='migrar PQC-PILOT-KEM' asset=PQC-PILOT-KEM severity=NO_CONFLICT conflict=False label=CONFIRMED DECISION policies=[]
2026-08-21T19:29:20Z | stress_test | decision='migrar ASSET-071' asset=ASSET-071 severity=NO_CONFLICT conflict=False label=CONFIRMED DECISION policies=[]
2026-08-21T19:29:20Z | stress_test | decision='migrar HR-PORTAL' asset=HR-PORTAL severity=NO_CONFLICT conflict=False label=CONFIRMED DECISION policies=[]
2026-08-21T19:29:20Z | stress_test | decision='migrar HR-DATABASE' asset=HR-DATABASE severity=NO_CONFLICT conflict=False label=CONFIRMED DECISION policies=[]
2026-08-21T19:29:20Z | stress_test | decision='migrar CICD-RUNNERS' asset=CICD-RUNNERS severity=NO_CONFLICT conflict=False label=CONFIRMED DECISION policies=[]
2026-08-21T19:29:20Z | stress_test | decision='migrar MONITORING-STACK' asset=MONITORING-STACK severity=NO_CONFLICT conflict=False label=CONFIRMED DECISION policies=[]
2026-08-21T19:29:20Z | stress_test | decision='migrar COLLAB-SUITE' asset=COLLAB-SUITE severity=NO_CONFLICT conflict=False label=CONFIRMED DECISION policies=[]
2026-08-21T19:29:20Z | stress_test | decision='migrar FILE-SHARE-GLOBAL' asset=FILE-SHARE-GLOBAL severity=NO_CONFLICT conflict=False label=CONFIRMED DECISION policies=[]
2026-08-21T19:29:20Z | stress_test | decision='migrar MFG-CONTROL-02' asset=MFG-CONTROL-02 severity=NO_CONFLICT conflict=False label=CONFIRMED DECISION policies=[]
2026-08-21T19:29:20Z | stress_test | decision='migrar SUPPLY-CHAIN-API' asset=SUPPLY-CHAIN-API severity=NO_CONFLICT conflict=False label=CONFIRMED DECISION policies=[]
2026-08-21T19:29:20Z | stress_test | decision='migrar EMAIL-GATEWAY' asset=EMAIL-GATEWAY severity=NO_CONFLICT conflict=False label=CONFIRMED DECISION policies=[]
2026-08-21T19:29:20Z | stress_test | decision='migrar ASSET-MGMT' asset=ASSET-MGMT severity=NO_CONFLICT conflict=False label=CONFIRMED DECISION policies=[]
2026-08-21T19:29:20Z | stress_test | decision='migrar TIME-SYNC' asset=TIME-SYNC severity=NO_CONFLICT conflict=False label=CONFIRMED DECISION policies=[]
2026-08-21T19:29:20Z | stress_test | decision='migrar LAB-WIFI-CONTROLLER' asset=LAB-WIFI-CONTROLLER severity=NO_CONFLICT conflict=False label=CONFIRMED DECISION policies=[]
2026-08-21T19:29:20Z | stress_test | decision='migrar DEMO-ENV-PORTAL' asset=DEMO-ENV-PORTAL severity=NO_CONFLICT conflict=False label=CONFIRMED DECISION policies=[]
2026-08-21T19:29:20Z | stress_test | decision='migrar TRAINING-SIMULATOR' asset=TRAINING-SIMULATOR severity=NO_CONFLICT conflict=False label=CONFIRMED DECISION policies=[]
2026-08-21T19:29:20Z | stress_test | decision='migrar PRINT-SERVER-HQ' asset=PRINT-SERVER-HQ severity=NO_CONFLICT conflict=False label=CONFIRMED DECISION policies=[]
2026-08-21T19:29:20Z | stress_test | decision='migrar ASSET-042' asset=ASSET-042 severity=NO_CONFLICT conflict=False label=CONFIRMED DECISION policies=[]
2026-08-21T19:29:20Z | stress_test | decision='migrar ASSET-057' asset=ASSET-057 severity=NO_CONFLICT conflict=False label=CONFIRMED DECISION policies=[]
2026-08-21T19:29:20Z | stress_test | decision='migrar ASSET-063' asset=ASSET-063 severity=NO_CONFLICT conflict=False label=CONFIRMED DECISION policies=[]
2026-08-21T19:29:20Z | stress_test | decision='migrar APAC-SG' asset=APAC-SG severity=NO_CONFLICT conflict=False label=CONFIRMED DECISION policies=[]
2026-08-21T19:29:20Z | stress_test | decision='migrar NG-07' asset=NG-07 severity=NO_CONFLICT conflict=False label=CONFIRMED DECISION policies=[]
2026-08-21T19:29:20Z | stress_test | decision='migrar MISSION-CONTROL' asset=MISSION-CONTROL severity=CONFLICT conflict=True label=RECOMMENDED ALTERNATIVE policies=['P002', 'P003', 'P008']
2026-08-21T19:29:20Z | stress_test | decision='migrar PAYMENTS-CORE' asset=PAYMENTS-CORE severity=NO_CONFLICT conflict=False label=CONFIRMED DECISION policies=[]
2026-08-21T19:29:20Z | stress_test | decision='migrar FLIGHT-DATA' asset=FLIGHT-DATA severity=NO_CONFLICT conflict=False label=CONFIRMED DECISION policies=[]
2026-08-21T19:29:20Z | stress_test | decision='migrar SECURITY-SIEM' asset=SECURITY-SIEM severity=NO_CONFLICT conflict=False label=CONFIRMED DECISION policies=[]
2026-08-21T19:29:20Z | stress_test | decision='migrar LEGACY-FTP' asset=LEGACY-FTP severity=NO_CONFLICT conflict=False label=CONFIRMED DECISION policies=[]
2026-08-21T19:29:22Z | stress_test | decision='migrar IDENTITY-CORE' asset=IDENTITY-CORE severity=CONFLICT conflict=True label=RECOMMENDED ALTERNATIVE policies=['P003']
2026-08-21T19:29:22Z | stress_test | decision='migrar SSO-GLOBAL' asset=SSO-GLOBAL severity=NO_CONFLICT conflict=False label=CONFIRMED DECISION policies=[]
2026-08-21T19:29:22Z | stress_test | decision='migrar PKI-ROOT' asset=PKI-ROOT severity=NO_CONFLICT conflict=False label=CONFIRMED DECISION policies=[]
2026-08-21T19:29:22Z | stress_test | decision='migrar PKI-INTERMEDIATE' asset=PKI-INTERMEDIATE severity=NO_CONFLICT conflict=False label=CONFIRMED DECISION policies=[]
2026-08-21T19:29:22Z | stress_test | decision='migrar HSM-CLUSTER-US' asset=HSM-CLUSTER-US severity=NO_CONFLICT conflict=False label=CONFIRMED DECISION policies=[]
2026-08-21T19:29:22Z | stress_test | decision='migrar HSM-CLUSTER-EU' asset=HSM-CLUSTER-EU severity=NO_CONFLICT conflict=False label=CONFIRMED DECISION policies=[]
2026-08-21T19:29:22Z | stress_test | decision='migrar PAYMENT-CORE' asset=PAYMENT-CORE severity=NO_CONFLICT conflict=False label=CONFIRMED DECISION policies=[]
2026-08-21T19:29:22Z | stress_test | decision='migrar COMMAND-SIGNING' asset=COMMAND-SIGNING severity=NO_CONFLICT conflict=False label=CONFIRMED DECISION policies=[]
2026-08-21T19:29:22Z | stress_test | decision='migrar SAT-OPS-01' asset=SAT-OPS-01 severity=CONFLICT conflict=True label=RECOMMENDED ALTERNATIVE policies=['P002', 'P008']
2026-08-21T19:29:22Z | stress_test | decision='migrar GROUND-STATION-EU' asset=GROUND-STATION-EU severity=NO_CONFLICT conflict=False label=CONFIRMED DECISION policies=[]
2026-08-21T19:29:22Z | stress_test | decision='migrar CUSTOMER-PORTAL' asset=CUSTOMER-PORTAL severity=CONFLICT conflict=True label=RECOMMENDED ALTERNATIVE policies=['P003']
2026-08-21T19:29:22Z | stress_test | decision='migrar TELEMETRY-BUS' asset=TELEMETRY-BUS severity=NO_CONFLICT conflict=False label=CONFIRMED DECISION policies=[]
2026-08-21T19:29:22Z | stress_test | decision='migrar DATA-LAKE-01' asset=DATA-LAKE-01 severity=NO_CONFLICT conflict=False label=CONFIRMED DECISION policies=[]
2026-08-21T19:29:22Z | stress_test | decision='migrar GROUND-STATION-US' asset=GROUND-STATION-US severity=NO_CONFLICT conflict=False label=CONFIRMED DECISION policies=[]
2026-08-21T19:29:22Z | stress_test | decision='migrar GROUND-STATION-APAC' asset=GROUND-STATION-APAC severity=NO_CONFLICT conflict=False label=CONFIRMED DECISION policies=[]
2026-08-21T19:29:22Z | stress_test | decision='migrar SAT-OPS-02' asset=SAT-OPS-02 severity=NO_CONFLICT conflict=False label=CONFIRMED DECISION policies=[]
2026-08-21T19:29:22Z | stress_test | decision='migrar SAT-COMMS-RELAY' asset=SAT-COMMS-RELAY severity=NO_CONFLICT conflict=False label=CONFIRMED DECISION policies=[]
2026-08-21T19:29:22Z | stress_test | decision='migrar API-GATEWAY-EDGE' asset=API-GATEWAY-EDGE severity=NO_CONFLICT conflict=False label=CONFIRMED DECISION policies=[]
2026-08-21T19:29:22Z | stress_test | decision='migrar API-GATEWAY-INTERNAL' asset=API-GATEWAY-INTERNAL severity=NO_CONFLICT conflict=False label=CONFIRMED DECISION policies=[]
2026-08-21T19:29:22Z | stress_test | decision='migrar IAM-WORKFORCE' asset=IAM-WORKFORCE severity=NO_CONFLICT conflict=False label=CONFIRMED DECISION policies=[]
2026-08-21T19:29:22Z | stress_test | decision='migrar PKI-EXTERNAL-CA' asset=PKI-EXTERNAL-CA severity=NO_CONFLICT conflict=False label=CONFIRMED DECISION policies=[]
2026-08-21T19:29:22Z | stress_test | decision='migrar KMS-CLOUD-PRIMARY' asset=KMS-CLOUD-PRIMARY severity=NO_CONFLICT conflict=False label=CONFIRMED DECISION policies=[]
2026-08-21T19:29:22Z | stress_test | decision='migrar BACKUP-VAULT-01' asset=BACKUP-VAULT-01 severity=NO_CONFLICT conflict=False label=CONFIRMED DECISION policies=[]
2026-08-21T19:29:22Z | stress_test | decision='migrar ERP-FINANCE' asset=ERP-FINANCE severity=NO_CONFLICT conflict=False label=CONFIRMED DECISION policies=[]
2026-08-21T19:29:22Z | stress_test | decision='migrar MOBILE-BANKING-APP' asset=MOBILE-BANKING-APP severity=NO_CONFLICT conflict=False label=CONFIRMED DECISION policies=[]
2026-08-21T19:29:22Z | stress_test | decision='migrar CODE-SIGNING-PROD' asset=CODE-SIGNING-PROD severity=CONFLICT conflict=True label=RECOMMENDED ALTERNATIVE policies=['P003']
2026-08-21T19:29:22Z | stress_test | decision='migrar FIRMWARE-SIGNING' asset=FIRMWARE-SIGNING severity=CONFLICT conflict=True label=RECOMMENDED ALTERNATIVE policies=['P003']
2026-08-21T19:29:22Z | stress_test | decision='migrar SIEM-CORE' asset=SIEM-CORE severity=NO_CONFLICT conflict=False label=CONFIRMED DECISION policies=[]
2026-08-21T19:29:22Z | stress_test | decision='migrar SOC-PLATFORM' asset=SOC-PLATFORM severity=NO_CONFLICT conflict=False label=CONFIRMED DECISION policies=[]
2026-08-21T19:29:22Z | stress_test | decision='migrar LOGGING-PIPELINE' asset=LOGGING-PIPELINE severity=NO_CONFLICT conflict=False label=CONFIRMED DECISION policies=[]
2026-08-21T19:29:22Z | stress_test | decision='migrar VPN-CORP-PRIMARY' asset=VPN-CORP-PRIMARY severity=NO_CONFLICT conflict=False label=CONFIRMED DECISION policies=[]
2026-08-21T19:29:22Z | stress_test | decision='migrar K8S-PROD-US' asset=K8S-PROD-US severity=NO_CONFLICT conflict=False label=CONFIRMED DECISION policies=[]
2026-08-21T19:29:22Z | stress_test | decision='migrar K8S-PROD-EU' asset=K8S-PROD-EU severity=NO_CONFLICT conflict=False label=CONFIRMED DECISION policies=[]
2026-08-21T19:29:22Z | stress_test | decision='migrar DB-MISSION-PRIMARY' asset=DB-MISSION-PRIMARY severity=NO_CONFLICT conflict=False label=CONFIRMED DECISION policies=[]
2026-08-21T19:29:22Z | stress_test | decision='migrar DB-PAYMENTS' asset=DB-PAYMENTS severity=NO_CONFLICT conflict=False label=CONFIRMED DECISION policies=[]
2026-08-21T19:29:22Z | stress_test | decision='migrar CUSTOMER-API' asset=CUSTOMER-API severity=NO_CONFLICT conflict=False label=CONFIRMED DECISION policies=[]
2026-08-21T19:29:22Z | stress_test | decision='migrar SECURE-COMMS-GW' asset=SECURE-COMMS-GW severity=NO_CONFLICT conflict=False label=CONFIRMED DECISION policies=[]
2026-08-21T19:29:22Z | stress_test | decision='migrar LAUNCH-AUTH' asset=LAUNCH-AUTH severity=NO_CONFLICT conflict=False label=CONFIRMED DECISION policies=[]
2026-08-21T19:29:22Z | stress_test | decision='migrar QA-IDENTITY' asset=QA-IDENTITY severity=NO_CONFLICT conflict=False label=CONFIRMED DECISION policies=[]
2026-08-21T19:29:22Z | stress_test | decision='migrar PARTNER-PORTAL' asset=PARTNER-PORTAL severity=NO_CONFLICT conflict=False label=CONFIRMED DECISION policies=[]
2026-08-21T19:29:22Z | stress_test | decision='migrar BILLING-ENGINE' asset=BILLING-ENGINE severity=NO_CONFLICT conflict=False label=CONFIRMED DECISION policies=[]
2026-08-21T19:29:22Z | stress_test | decision='migrar TREASURY-WORKSTATION' asset=TREASURY-WORKSTATION severity=NO_CONFLICT conflict=False label=CONFIRMED DECISION policies=[]
2026-08-21T19:29:22Z | stress_test | decision='migrar TELEMETRY-ARCHIVE' asset=TELEMETRY-ARCHIVE severity=NO_CONFLICT conflict=False label=CONFIRMED DECISION policies=[]
2026-08-21T19:29:22Z | stress_test | decision='migrar DATA-WAREHOUSE' asset=DATA-WAREHOUSE severity=NO_CONFLICT conflict=False label=CONFIRMED DECISION policies=[]
2026-08-21T19:29:22Z | stress_test | decision='migrar DEV-PORTAL' asset=DEV-PORTAL severity=NO_CONFLICT conflict=False label=CONFIRMED DECISION policies=[]
2026-08-21T19:29:22Z | stress_test | decision='migrar STAGING-K8S' asset=STAGING-K8S severity=NO_CONFLICT conflict=False label=CONFIRMED DECISION policies=[]
2026-08-21T19:29:22Z | stress_test | decision='migrar CLOUD-OBJ-STORE' asset=CLOUD-OBJ-STORE severity=NO_CONFLICT conflict=False label=CONFIRMED DECISION policies=[]
2026-08-21T19:29:22Z | stress_test | decision='migrar DNS-INTERNAL' asset=DNS-INTERNAL severity=NO_CONFLICT conflict=False label=CONFIRMED DECISION policies=[]
2026-08-21T19:29:22Z | stress_test | decision='migrar REGION-LB-EU' asset=REGION-LB-EU severity=NO_CONFLICT conflict=False label=CONFIRMED DECISION policies=[]
2026-08-21T19:29:22Z | stress_test | decision='migrar REGION-LB-US' asset=REGION-LB-US severity=NO_CONFLICT conflict=False label=CONFIRMED DECISION policies=[]
2026-08-21T19:29:22Z | stress_test | decision='migrar GUEST-NETWORK-PORTAL' asset=GUEST-NETWORK-PORTAL severity=NO_CONFLICT conflict=False label=CONFIRMED DECISION policies=[]
2026-08-21T19:29:22Z | stress_test | decision='migrar LEGACY-VPN-EU' asset=LEGACY-VPN-EU severity=NO_CONFLICT conflict=False label=CONFIRMED DECISION policies=[]
2026-08-21T19:29:22Z | stress_test | decision='migrar LEGACY-PKI-01' asset=LEGACY-PKI-01 severity=NO_CONFLICT conflict=False label=CONFIRMED DECISION policies=[]
2026-08-21T19:29:22Z | stress_test | decision='migrar LEGACY-ERP-02' asset=LEGACY-ERP-02 severity=CONFLICT conflict=True label=RECOMMENDED ALTERNATIVE policies=['P003']
2026-08-21T19:29:22Z | stress_test | decision='migrar LEGACY-MANUFACTURING' asset=LEGACY-MANUFACTURING severity=NO_CONFLICT conflict=False label=CONFIRMED DECISION policies=[]
2026-08-21T19:29:22Z | stress_test | decision='migrar LEGACY-RADIUS' asset=LEGACY-RADIUS severity=NO_CONFLICT conflict=False label=CONFIRMED DECISION policies=[]
2026-08-21T19:29:22Z | stress_test | decision='migrar LEGACY-BACKUP-TAPE' asset=LEGACY-BACKUP-TAPE severity=NO_CONFLICT conflict=False label=CONFIRMED DECISION policies=[]
2026-08-21T19:29:22Z | stress_test | decision='migrar GIT-INFRA' asset=GIT-INFRA severity=NO_CONFLICT conflict=False label=CONFIRMED DECISION policies=[]
2026-08-21T19:29:22Z | stress_test | decision='migrar MFG-CONTROL-01' asset=MFG-CONTROL-01 severity=NO_CONFLICT conflict=False label=CONFIRMED DECISION policies=[]
2026-08-21T19:29:22Z | stress_test | decision='migrar PQC-PILOT-DSA' asset=PQC-PILOT-DSA severity=NO_CONFLICT conflict=False label=CONFIRMED DECISION policies=[]
2026-08-21T19:29:22Z | stress_test | decision='migrar PQC-PILOT-KEM' asset=PQC-PILOT-KEM severity=NO_CONFLICT conflict=False label=CONFIRMED DECISION policies=[]
2026-08-21T19:29:22Z | stress_test | decision='migrar ASSET-071' asset=ASSET-071 severity=NO_CONFLICT conflict=False label=CONFIRMED DECISION policies=[]
2026-08-21T19:29:22Z | stress_test | decision='migrar HR-PORTAL' asset=HR-PORTAL severity=NO_CONFLICT conflict=False label=CONFIRMED DECISION policies=[]
2026-08-21T19:29:22Z | stress_test | decision='migrar HR-DATABASE' asset=HR-DATABASE severity=NO_CONFLICT conflict=False label=CONFIRMED DECISION policies=[]
2026-08-21T19:29:22Z | stress_test | decision='migrar CICD-RUNNERS' asset=CICD-RUNNERS severity=NO_CONFLICT conflict=False label=CONFIRMED DECISION policies=[]
2026-08-21T19:29:22Z | stress_test | decision='migrar MONITORING-STACK' asset=MONITORING-STACK severity=NO_CONFLICT conflict=False label=CONFIRMED DECISION policies=[]
2026-08-21T19:29:22Z | stress_test | decision='migrar COLLAB-SUITE' asset=COLLAB-SUITE severity=NO_CONFLICT conflict=False label=CONFIRMED DECISION policies=[]
2026-08-21T19:29:22Z | stress_test | decision='migrar FILE-SHARE-GLOBAL' asset=FILE-SHARE-GLOBAL severity=NO_CONFLICT conflict=False label=CONFIRMED DECISION policies=[]
2026-08-21T19:29:22Z | stress_test | decision='migrar MFG-CONTROL-02' asset=MFG-CONTROL-02 severity=NO_CONFLICT conflict=False label=CONFIRMED DECISION policies=[]
2026-08-21T19:29:22Z | stress_test | decision='migrar SUPPLY-CHAIN-API' asset=SUPPLY-CHAIN-API severity=NO_CONFLICT conflict=False label=CONFIRMED DECISION policies=[]
2026-08-21T19:29:22Z | stress_test | decision='migrar EMAIL-GATEWAY' asset=EMAIL-GATEWAY severity=NO_CONFLICT conflict=False label=CONFIRMED DECISION policies=[]
2026-08-21T19:29:22Z | stress_test | decision='migrar ASSET-MGMT' asset=ASSET-MGMT severity=NO_CONFLICT conflict=False label=CONFIRMED DECISION policies=[]
2026-08-21T19:29:22Z | stress_test | decision='migrar TIME-SYNC' asset=TIME-SYNC severity=NO_CONFLICT conflict=False label=CONFIRMED DECISION policies=[]
2026-08-21T19:29:22Z | stress_test | decision='migrar LAB-WIFI-CONTROLLER' asset=LAB-WIFI-CONTROLLER severity=NO_CONFLICT conflict=False label=CONFIRMED DECISION policies=[]
2026-08-21T19:29:22Z | stress_test | decision='migrar DEMO-ENV-PORTAL' asset=DEMO-ENV-PORTAL severity=NO_CONFLICT conflict=False label=CONFIRMED DECISION policies=[]
2026-08-21T19:29:22Z | stress_test | decision='migrar TRAINING-SIMULATOR' asset=TRAINING-SIMULATOR severity=NO_CONFLICT conflict=False label=CONFIRMED DECISION policies=[]
2026-08-21T19:29:22Z | stress_test | decision='migrar PRINT-SERVER-HQ' asset=PRINT-SERVER-HQ severity=NO_CONFLICT conflict=False label=CONFIRMED DECISION policies=[]
2026-08-21T19:29:22Z | stress_test | decision='migrar ASSET-042' asset=ASSET-042 severity=NO_CONFLICT conflict=False label=CONFIRMED DECISION policies=[]
2026-08-21T19:29:22Z | stress_test | decision='migrar ASSET-057' asset=ASSET-057 severity=NO_CONFLICT conflict=False label=CONFIRMED DECISION policies=[]
2026-08-21T19:29:22Z | stress_test | decision='migrar ASSET-063' asset=ASSET-063 severity=NO_CONFLICT conflict=False label=CONFIRMED DECISION policies=[]
2026-08-21T19:29:22Z | stress_test | decision='migrar APAC-SG' asset=APAC-SG severity=NO_CONFLICT conflict=False label=CONFIRMED DECISION policies=[]
2026-08-21T19:29:22Z | stress_test | decision='migrar NG-07' asset=NG-07 severity=NO_CONFLICT conflict=False label=CONFIRMED DECISION policies=[]
2026-08-21T19:29:22Z | stress_test | decision='migrar MISSION-CONTROL' asset=MISSION-CONTROL severity=CONFLICT conflict=True label=RECOMMENDED ALTERNATIVE policies=['P002', 'P003', 'P008']
2026-08-21T19:29:22Z | stress_test | decision='migrar PAYMENTS-CORE' asset=PAYMENTS-CORE severity=NO_CONFLICT conflict=False label=CONFIRMED DECISION policies=[]
2026-08-21T19:29:22Z | stress_test | decision='migrar FLIGHT-DATA' asset=FLIGHT-DATA severity=NO_CONFLICT conflict=False label=CONFIRMED DECISION policies=[]
2026-08-21T19:29:22Z | stress_test | decision='migrar SECURITY-SIEM' asset=SECURITY-SIEM severity=NO_CONFLICT conflict=False label=CONFIRMED DECISION policies=[]
2026-08-21T19:29:22Z | stress_test | decision='migrar LEGACY-FTP' asset=LEGACY-FTP severity=NO_CONFLICT conflict=False label=CONFIRMED DECISION policies=[]
2026-08-21T19:30:13Z | stress_test | decision='migrar IDENTITY-CORE' asset=IDENTITY-CORE severity=CONFLICT conflict=True label=RECOMMENDED ALTERNATIVE policies=['P003']
2026-08-21T19:30:13Z | stress_test | decision='migrar SSO-GLOBAL' asset=SSO-GLOBAL severity=NO_CONFLICT conflict=False label=CONFIRMED DECISION policies=[]
2026-08-21T19:30:13Z | stress_test | decision='migrar PKI-ROOT' asset=PKI-ROOT severity=NO_CONFLICT conflict=False label=CONFIRMED DECISION policies=[]
2026-08-21T19:30:13Z | stress_test | decision='migrar PKI-INTERMEDIATE' asset=PKI-INTERMEDIATE severity=NO_CONFLICT conflict=False label=CONFIRMED DECISION policies=[]
2026-08-21T19:30:13Z | stress_test | decision='migrar HSM-CLUSTER-US' asset=HSM-CLUSTER-US severity=NO_CONFLICT conflict=False label=CONFIRMED DECISION policies=[]
2026-08-21T19:30:13Z | stress_test | decision='migrar HSM-CLUSTER-EU' asset=HSM-CLUSTER-EU severity=NO_CONFLICT conflict=False label=CONFIRMED DECISION policies=[]
2026-08-21T19:30:13Z | stress_test | decision='migrar PAYMENT-CORE' asset=PAYMENT-CORE severity=NO_CONFLICT conflict=False label=CONFIRMED DECISION policies=[]
2026-08-21T19:30:13Z | stress_test | decision='migrar COMMAND-SIGNING' asset=COMMAND-SIGNING severity=NO_CONFLICT conflict=False label=CONFIRMED DECISION policies=[]
2026-08-21T19:30:13Z | stress_test | decision='migrar SAT-OPS-01' asset=SAT-OPS-01 severity=CONFLICT conflict=True label=RECOMMENDED ALTERNATIVE policies=['P002', 'P008']
2026-08-21T19:30:13Z | stress_test | decision='migrar GROUND-STATION-EU' asset=GROUND-STATION-EU severity=NO_CONFLICT conflict=False label=CONFIRMED DECISION policies=[]
2026-08-21T19:30:13Z | stress_test | decision='migrar CUSTOMER-PORTAL' asset=CUSTOMER-PORTAL severity=CONFLICT conflict=True label=RECOMMENDED ALTERNATIVE policies=['P003']
2026-08-21T19:30:13Z | stress_test | decision='migrar TELEMETRY-BUS' asset=TELEMETRY-BUS severity=NO_CONFLICT conflict=False label=CONFIRMED DECISION policies=[]
2026-08-21T19:30:13Z | stress_test | decision='migrar DATA-LAKE-01' asset=DATA-LAKE-01 severity=NO_CONFLICT conflict=False label=CONFIRMED DECISION policies=[]
2026-08-21T19:30:13Z | stress_test | decision='migrar GROUND-STATION-US' asset=GROUND-STATION-US severity=NO_CONFLICT conflict=False label=CONFIRMED DECISION policies=[]
2026-08-21T19:30:13Z | stress_test | decision='migrar GROUND-STATION-APAC' asset=GROUND-STATION-APAC severity=NO_CONFLICT conflict=False label=CONFIRMED DECISION policies=[]
2026-08-21T19:30:13Z | stress_test | decision='migrar SAT-OPS-02' asset=SAT-OPS-02 severity=NO_CONFLICT conflict=False label=CONFIRMED DECISION policies=[]
2026-08-21T19:30:13Z | stress_test | decision='migrar SAT-COMMS-RELAY' asset=SAT-COMMS-RELAY severity=NO_CONFLICT conflict=False label=CONFIRMED DECISION policies=[]
2026-08-21T19:30:13Z | stress_test | decision='migrar API-GATEWAY-EDGE' asset=API-GATEWAY-EDGE severity=NO_CONFLICT conflict=False label=CONFIRMED DECISION policies=[]
2026-08-21T19:30:13Z | stress_test | decision='migrar API-GATEWAY-INTERNAL' asset=API-GATEWAY-INTERNAL severity=NO_CONFLICT conflict=False label=CONFIRMED DECISION policies=[]
2026-08-21T19:30:13Z | stress_test | decision='migrar IAM-WORKFORCE' asset=IAM-WORKFORCE severity=NO_CONFLICT conflict=False label=CONFIRMED DECISION policies=[]
2026-08-21T19:30:13Z | stress_test | decision='migrar PKI-EXTERNAL-CA' asset=PKI-EXTERNAL-CA severity=NO_CONFLICT conflict=False label=CONFIRMED DECISION policies=[]
2026-08-21T19:30:13Z | stress_test | decision='migrar KMS-CLOUD-PRIMARY' asset=KMS-CLOUD-PRIMARY severity=NO_CONFLICT conflict=False label=CONFIRMED DECISION policies=[]
2026-08-21T19:30:13Z | stress_test | decision='migrar BACKUP-VAULT-01' asset=BACKUP-VAULT-01 severity=NO_CONFLICT conflict=False label=CONFIRMED DECISION policies=[]
2026-08-21T19:30:13Z | stress_test | decision='migrar ERP-FINANCE' asset=ERP-FINANCE severity=NO_CONFLICT conflict=False label=CONFIRMED DECISION policies=[]
2026-08-21T19:30:13Z | stress_test | decision='migrar MOBILE-BANKING-APP' asset=MOBILE-BANKING-APP severity=NO_CONFLICT conflict=False label=CONFIRMED DECISION policies=[]
2026-08-21T19:30:13Z | stress_test | decision='migrar CODE-SIGNING-PROD' asset=CODE-SIGNING-PROD severity=CONFLICT conflict=True label=RECOMMENDED ALTERNATIVE policies=['P003']
2026-08-21T19:30:13Z | stress_test | decision='migrar FIRMWARE-SIGNING' asset=FIRMWARE-SIGNING severity=CONFLICT conflict=True label=RECOMMENDED ALTERNATIVE policies=['P003']
2026-08-21T19:30:13Z | stress_test | decision='migrar SIEM-CORE' asset=SIEM-CORE severity=NO_CONFLICT conflict=False label=CONFIRMED DECISION policies=[]
2026-08-21T19:30:13Z | stress_test | decision='migrar SOC-PLATFORM' asset=SOC-PLATFORM severity=NO_CONFLICT conflict=False label=CONFIRMED DECISION policies=[]
2026-08-21T19:30:13Z | stress_test | decision='migrar LOGGING-PIPELINE' asset=LOGGING-PIPELINE severity=NO_CONFLICT conflict=False label=CONFIRMED DECISION policies=[]
2026-08-21T19:30:13Z | stress_test | decision='migrar VPN-CORP-PRIMARY' asset=VPN-CORP-PRIMARY severity=NO_CONFLICT conflict=False label=CONFIRMED DECISION policies=[]
2026-08-21T19:30:13Z | stress_test | decision='migrar K8S-PROD-US' asset=K8S-PROD-US severity=NO_CONFLICT conflict=False label=CONFIRMED DECISION policies=[]
2026-08-21T19:30:13Z | stress_test | decision='migrar K8S-PROD-EU' asset=K8S-PROD-EU severity=NO_CONFLICT conflict=False label=CONFIRMED DECISION policies=[]
2026-08-21T19:30:13Z | stress_test | decision='migrar DB-MISSION-PRIMARY' asset=DB-MISSION-PRIMARY severity=NO_CONFLICT conflict=False label=CONFIRMED DECISION policies=[]
2026-08-21T19:30:13Z | stress_test | decision='migrar DB-PAYMENTS' asset=DB-PAYMENTS severity=NO_CONFLICT conflict=False label=CONFIRMED DECISION policies=[]
2026-08-21T19:30:13Z | stress_test | decision='migrar CUSTOMER-API' asset=CUSTOMER-API severity=NO_CONFLICT conflict=False label=CONFIRMED DECISION policies=[]
2026-08-21T19:30:13Z | stress_test | decision='migrar SECURE-COMMS-GW' asset=SECURE-COMMS-GW severity=NO_CONFLICT conflict=False label=CONFIRMED DECISION policies=[]
2026-08-21T19:30:13Z | stress_test | decision='migrar LAUNCH-AUTH' asset=LAUNCH-AUTH severity=NO_CONFLICT conflict=False label=CONFIRMED DECISION policies=[]
2026-08-21T19:30:13Z | stress_test | decision='migrar QA-IDENTITY' asset=QA-IDENTITY severity=NO_CONFLICT conflict=False label=CONFIRMED DECISION policies=[]
2026-08-21T19:30:13Z | stress_test | decision='migrar PARTNER-PORTAL' asset=PARTNER-PORTAL severity=NO_CONFLICT conflict=False label=CONFIRMED DECISION policies=[]
2026-08-21T19:30:13Z | stress_test | decision='migrar BILLING-ENGINE' asset=BILLING-ENGINE severity=NO_CONFLICT conflict=False label=CONFIRMED DECISION policies=[]
2026-08-21T19:30:13Z | stress_test | decision='migrar TREASURY-WORKSTATION' asset=TREASURY-WORKSTATION severity=NO_CONFLICT conflict=False label=CONFIRMED DECISION policies=[]
2026-08-21T19:30:13Z | stress_test | decision='migrar TELEMETRY-ARCHIVE' asset=TELEMETRY-ARCHIVE severity=NO_CONFLICT conflict=False label=CONFIRMED DECISION policies=[]
2026-08-21T19:30:13Z | stress_test | decision='migrar DATA-WAREHOUSE' asset=DATA-WAREHOUSE severity=NO_CONFLICT conflict=False label=CONFIRMED DECISION policies=[]
2026-08-21T19:30:13Z | stress_test | decision='migrar DEV-PORTAL' asset=DEV-PORTAL severity=NO_CONFLICT conflict=False label=CONFIRMED DECISION policies=[]
2026-08-21T19:30:13Z | stress_test | decision='migrar STAGING-K8S' asset=STAGING-K8S severity=NO_CONFLICT conflict=False label=CONFIRMED DECISION policies=[]
2026-08-21T19:30:13Z | stress_test | decision='migrar CLOUD-OBJ-STORE' asset=CLOUD-OBJ-STORE severity=NO_CONFLICT conflict=False label=CONFIRMED DECISION policies=[]
2026-08-21T19:30:13Z | stress_test | decision='migrar DNS-INTERNAL' asset=DNS-INTERNAL severity=NO_CONFLICT conflict=False label=CONFIRMED DECISION policies=[]
2026-08-21T19:30:13Z | stress_test | decision='migrar REGION-LB-EU' asset=REGION-LB-EU severity=NO_CONFLICT conflict=False label=CONFIRMED DECISION policies=[]
2026-08-21T19:30:13Z | stress_test | decision='migrar REGION-LB-US' asset=REGION-LB-US severity=NO_CONFLICT conflict=False label=CONFIRMED DECISION policies=[]
2026-08-21T19:30:13Z | stress_test | decision='migrar GUEST-NETWORK-PORTAL' asset=GUEST-NETWORK-PORTAL severity=NO_CONFLICT conflict=False label=CONFIRMED DECISION policies=[]
2026-08-21T19:30:13Z | stress_test | decision='migrar LEGACY-VPN-EU' asset=LEGACY-VPN-EU severity=NO_CONFLICT conflict=False label=CONFIRMED DECISION policies=[]
2026-08-21T19:30:13Z | stress_test | decision='migrar LEGACY-PKI-01' asset=LEGACY-PKI-01 severity=NO_CONFLICT conflict=False label=CONFIRMED DECISION policies=[]
2026-08-21T19:30:13Z | stress_test | decision='migrar LEGACY-ERP-02' asset=LEGACY-ERP-02 severity=CONFLICT conflict=True label=RECOMMENDED ALTERNATIVE policies=['P003']
2026-08-21T19:30:13Z | stress_test | decision='migrar LEGACY-MANUFACTURING' asset=LEGACY-MANUFACTURING severity=NO_CONFLICT conflict=False label=CONFIRMED DECISION policies=[]
2026-08-21T19:30:13Z | stress_test | decision='migrar LEGACY-RADIUS' asset=LEGACY-RADIUS severity=NO_CONFLICT conflict=False label=CONFIRMED DECISION policies=[]
2026-08-21T19:30:13Z | stress_test | decision='migrar LEGACY-BACKUP-TAPE' asset=LEGACY-BACKUP-TAPE severity=NO_CONFLICT conflict=False label=CONFIRMED DECISION policies=[]
2026-08-21T19:30:13Z | stress_test | decision='migrar GIT-INFRA' asset=GIT-INFRA severity=NO_CONFLICT conflict=False label=CONFIRMED DECISION policies=[]
2026-08-21T19:30:13Z | stress_test | decision='migrar MFG-CONTROL-01' asset=MFG-CONTROL-01 severity=NO_CONFLICT conflict=False label=CONFIRMED DECISION policies=[]
2026-08-21T19:30:13Z | stress_test | decision='migrar PQC-PILOT-DSA' asset=PQC-PILOT-DSA severity=NO_CONFLICT conflict=False label=CONFIRMED DECISION policies=[]
2026-08-21T19:30:13Z | stress_test | decision='migrar PQC-PILOT-KEM' asset=PQC-PILOT-KEM severity=NO_CONFLICT conflict=False label=CONFIRMED DECISION policies=[]
2026-08-21T19:30:13Z | stress_test | decision='migrar ASSET-071' asset=ASSET-071 severity=NO_CONFLICT conflict=False label=CONFIRMED DECISION policies=[]
2026-08-21T19:30:13Z | stress_test | decision='migrar HR-PORTAL' asset=HR-PORTAL severity=NO_CONFLICT conflict=False label=CONFIRMED DECISION policies=[]
2026-08-21T19:30:13Z | stress_test | decision='migrar HR-DATABASE' asset=HR-DATABASE severity=NO_CONFLICT conflict=False label=CONFIRMED DECISION policies=[]
2026-08-21T19:30:13Z | stress_test | decision='migrar CICD-RUNNERS' asset=CICD-RUNNERS severity=NO_CONFLICT conflict=False label=CONFIRMED DECISION policies=[]
2026-08-21T19:30:13Z | stress_test | decision='migrar MONITORING-STACK' asset=MONITORING-STACK severity=NO_CONFLICT conflict=False label=CONFIRMED DECISION policies=[]
2026-08-21T19:30:13Z | stress_test | decision='migrar COLLAB-SUITE' asset=COLLAB-SUITE severity=NO_CONFLICT conflict=False label=CONFIRMED DECISION policies=[]
2026-08-21T19:30:13Z | stress_test | decision='migrar FILE-SHARE-GLOBAL' asset=FILE-SHARE-GLOBAL severity=NO_CONFLICT conflict=False label=CONFIRMED DECISION policies=[]
2026-08-21T19:30:13Z | stress_test | decision='migrar MFG-CONTROL-02' asset=MFG-CONTROL-02 severity=NO_CONFLICT conflict=False label=CONFIRMED DECISION policies=[]
2026-08-21T19:30:13Z | stress_test | decision='migrar SUPPLY-CHAIN-API' asset=SUPPLY-CHAIN-API severity=NO_CONFLICT conflict=False label=CONFIRMED DECISION policies=[]
2026-08-21T19:30:13Z | stress_test | decision='migrar EMAIL-GATEWAY' asset=EMAIL-GATEWAY severity=NO_CONFLICT conflict=False label=CONFIRMED DECISION policies=[]
2026-08-21T19:30:13Z | stress_test | decision='migrar ASSET-MGMT' asset=ASSET-MGMT severity=NO_CONFLICT conflict=False label=CONFIRMED DECISION policies=[]
2026-08-21T19:30:13Z | stress_test | decision='migrar TIME-SYNC' asset=TIME-SYNC severity=NO_CONFLICT conflict=False label=CONFIRMED DECISION policies=[]
2026-08-21T19:30:13Z | stress_test | decision='migrar LAB-WIFI-CONTROLLER' asset=LAB-WIFI-CONTROLLER severity=NO_CONFLICT conflict=False label=CONFIRMED DECISION policies=[]
2026-08-21T19:30:13Z | stress_test | decision='migrar DEMO-ENV-PORTAL' asset=DEMO-ENV-PORTAL severity=NO_CONFLICT conflict=False label=CONFIRMED DECISION policies=[]
2026-08-21T19:30:13Z | stress_test | decision='migrar TRAINING-SIMULATOR' asset=TRAINING-SIMULATOR severity=NO_CONFLICT conflict=False label=CONFIRMED DECISION policies=[]
2026-08-21T19:30:13Z | stress_test | decision='migrar PRINT-SERVER-HQ' asset=PRINT-SERVER-HQ severity=NO_CONFLICT conflict=False label=CONFIRMED DECISION policies=[]
2026-08-21T19:30:13Z | stress_test | decision='migrar ASSET-042' asset=ASSET-042 severity=NO_CONFLICT conflict=False label=CONFIRMED DECISION policies=[]
2026-08-21T19:30:13Z | stress_test | decision='migrar ASSET-057' asset=ASSET-057 severity=NO_CONFLICT conflict=False label=CONFIRMED DECISION policies=[]
2026-08-21T19:30:13Z | stress_test | decision='migrar ASSET-063' asset=ASSET-063 severity=NO_CONFLICT conflict=False label=CONFIRMED DECISION policies=[]
2026-08-21T19:30:13Z | stress_test | decision='migrar APAC-SG' asset=APAC-SG severity=NO_CONFLICT conflict=False label=CONFIRMED DECISION policies=[]
2026-08-21T19:30:13Z | stress_test | decision='migrar NG-07' asset=NG-07 severity=NO_CONFLICT conflict=False label=CONFIRMED DECISION policies=[]
2026-08-21T19:30:13Z | stress_test | decision='migrar MISSION-CONTROL' asset=MISSION-CONTROL severity=CONFLICT conflict=True label=RECOMMENDED ALTERNATIVE policies=['P002', 'P003', 'P008']
2026-08-21T19:30:13Z | stress_test | decision='migrar PAYMENTS-CORE' asset=PAYMENTS-CORE severity=NO_CONFLICT conflict=False label=CONFIRMED DECISION policies=[]
2026-08-21T19:30:13Z | stress_test | decision='migrar FLIGHT-DATA' asset=FLIGHT-DATA severity=NO_CONFLICT conflict=False label=CONFIRMED DECISION policies=[]
2026-08-21T19:30:13Z | stress_test | decision='migrar SECURITY-SIEM' asset=SECURITY-SIEM severity=NO_CONFLICT conflict=False label=CONFIRMED DECISION policies=[]
2026-08-21T19:30:13Z | stress_test | decision='migrar LEGACY-FTP' asset=LEGACY-FTP severity=NO_CONFLICT conflict=False label=CONFIRMED DECISION policies=[]
2026-08-21T19:30:14Z | stress_test | decision='migrar IDENTITY-CORE' asset=IDENTITY-CORE severity=CONFLICT conflict=True label=RECOMMENDED ALTERNATIVE policies=['P003']
2026-08-21T19:30:14Z | stress_test | decision='migrar SSO-GLOBAL' asset=SSO-GLOBAL severity=NO_CONFLICT conflict=False label=CONFIRMED DECISION policies=[]
2026-08-21T19:30:14Z | stress_test | decision='migrar PKI-ROOT' asset=PKI-ROOT severity=NO_CONFLICT conflict=False label=CONFIRMED DECISION policies=[]
2026-08-21T19:30:14Z | stress_test | decision='migrar PKI-INTERMEDIATE' asset=PKI-INTERMEDIATE severity=NO_CONFLICT conflict=False label=CONFIRMED DECISION policies=[]
2026-08-21T19:30:14Z | stress_test | decision='migrar HSM-CLUSTER-US' asset=HSM-CLUSTER-US severity=NO_CONFLICT conflict=False label=CONFIRMED DECISION policies=[]
2026-08-21T19:30:14Z | stress_test | decision='migrar HSM-CLUSTER-EU' asset=HSM-CLUSTER-EU severity=NO_CONFLICT conflict=False label=CONFIRMED DECISION policies=[]
2026-08-21T19:30:14Z | stress_test | decision='migrar PAYMENT-CORE' asset=PAYMENT-CORE severity=NO_CONFLICT conflict=False label=CONFIRMED DECISION policies=[]
2026-08-21T19:30:14Z | stress_test | decision='migrar COMMAND-SIGNING' asset=COMMAND-SIGNING severity=NO_CONFLICT conflict=False label=CONFIRMED DECISION policies=[]
2026-08-21T19:30:14Z | stress_test | decision='migrar SAT-OPS-01' asset=SAT-OPS-01 severity=CONFLICT conflict=True label=RECOMMENDED ALTERNATIVE policies=['P002', 'P008']
2026-08-21T19:30:14Z | stress_test | decision='migrar GROUND-STATION-EU' asset=GROUND-STATION-EU severity=NO_CONFLICT conflict=False label=CONFIRMED DECISION policies=[]
2026-08-21T19:30:14Z | stress_test | decision='migrar CUSTOMER-PORTAL' asset=CUSTOMER-PORTAL severity=CONFLICT conflict=True label=RECOMMENDED ALTERNATIVE policies=['P003']
2026-08-21T19:30:14Z | stress_test | decision='migrar TELEMETRY-BUS' asset=TELEMETRY-BUS severity=NO_CONFLICT conflict=False label=CONFIRMED DECISION policies=[]
2026-08-21T19:30:14Z | stress_test | decision='migrar DATA-LAKE-01' asset=DATA-LAKE-01 severity=NO_CONFLICT conflict=False label=CONFIRMED DECISION policies=[]
2026-08-21T19:30:14Z | stress_test | decision='migrar GROUND-STATION-US' asset=GROUND-STATION-US severity=NO_CONFLICT conflict=False label=CONFIRMED DECISION policies=[]
2026-08-21T19:30:14Z | stress_test | decision='migrar GROUND-STATION-APAC' asset=GROUND-STATION-APAC severity=NO_CONFLICT conflict=False label=CONFIRMED DECISION policies=[]
2026-08-21T19:30:14Z | stress_test | decision='migrar SAT-OPS-02' asset=SAT-OPS-02 severity=NO_CONFLICT conflict=False label=CONFIRMED DECISION policies=[]
2026-08-21T19:30:14Z | stress_test | decision='migrar SAT-COMMS-RELAY' asset=SAT-COMMS-RELAY severity=NO_CONFLICT conflict=False label=CONFIRMED DECISION policies=[]
2026-08-21T19:30:14Z | stress_test | decision='migrar API-GATEWAY-EDGE' asset=API-GATEWAY-EDGE severity=NO_CONFLICT conflict=False label=CONFIRMED DECISION policies=[]
2026-08-21T19:30:14Z | stress_test | decision='migrar API-GATEWAY-INTERNAL' asset=API-GATEWAY-INTERNAL severity=NO_CONFLICT conflict=False label=CONFIRMED DECISION policies=[]
2026-08-21T19:30:14Z | stress_test | decision='migrar IAM-WORKFORCE' asset=IAM-WORKFORCE severity=NO_CONFLICT conflict=False label=CONFIRMED DECISION policies=[]
2026-08-21T19:30:14Z | stress_test | decision='migrar PKI-EXTERNAL-CA' asset=PKI-EXTERNAL-CA severity=NO_CONFLICT conflict=False label=CONFIRMED DECISION policies=[]
2026-08-21T19:30:14Z | stress_test | decision='migrar KMS-CLOUD-PRIMARY' asset=KMS-CLOUD-PRIMARY severity=NO_CONFLICT conflict=False label=CONFIRMED DECISION policies=[]
2026-08-21T19:30:14Z | stress_test | decision='migrar BACKUP-VAULT-01' asset=BACKUP-VAULT-01 severity=NO_CONFLICT conflict=False label=CONFIRMED DECISION policies=[]
2026-08-21T19:30:14Z | stress_test | decision='migrar ERP-FINANCE' asset=ERP-FINANCE severity=NO_CONFLICT conflict=False label=CONFIRMED DECISION policies=[]
2026-08-21T19:30:14Z | stress_test | decision='migrar MOBILE-BANKING-APP' asset=MOBILE-BANKING-APP severity=NO_CONFLICT conflict=False label=CONFIRMED DECISION policies=[]
2026-08-21T19:30:14Z | stress_test | decision='migrar CODE-SIGNING-PROD' asset=CODE-SIGNING-PROD severity=CONFLICT conflict=True label=RECOMMENDED ALTERNATIVE policies=['P003']
2026-08-21T19:30:14Z | stress_test | decision='migrar FIRMWARE-SIGNING' asset=FIRMWARE-SIGNING severity=CONFLICT conflict=True label=RECOMMENDED ALTERNATIVE policies=['P003']
2026-08-21T19:30:14Z | stress_test | decision='migrar SIEM-CORE' asset=SIEM-CORE severity=NO_CONFLICT conflict=False label=CONFIRMED DECISION policies=[]
2026-08-21T19:30:14Z | stress_test | decision='migrar SOC-PLATFORM' asset=SOC-PLATFORM severity=NO_CONFLICT conflict=False label=CONFIRMED DECISION policies=[]
2026-08-21T19:30:14Z | stress_test | decision='migrar LOGGING-PIPELINE' asset=LOGGING-PIPELINE severity=NO_CONFLICT conflict=False label=CONFIRMED DECISION policies=[]
2026-08-21T19:30:14Z | stress_test | decision='migrar VPN-CORP-PRIMARY' asset=VPN-CORP-PRIMARY severity=NO_CONFLICT conflict=False label=CONFIRMED DECISION policies=[]
2026-08-21T19:30:14Z | stress_test | decision='migrar K8S-PROD-US' asset=K8S-PROD-US severity=NO_CONFLICT conflict=False label=CONFIRMED DECISION policies=[]
2026-08-21T19:30:14Z | stress_test | decision='migrar K8S-PROD-EU' asset=K8S-PROD-EU severity=NO_CONFLICT conflict=False label=CONFIRMED DECISION policies=[]
2026-08-21T19:30:14Z | stress_test | decision='migrar DB-MISSION-PRIMARY' asset=DB-MISSION-PRIMARY severity=NO_CONFLICT conflict=False label=CONFIRMED DECISION policies=[]
2026-08-21T19:30:14Z | stress_test | decision='migrar DB-PAYMENTS' asset=DB-PAYMENTS severity=NO_CONFLICT conflict=False label=CONFIRMED DECISION policies=[]
2026-08-21T19:30:14Z | stress_test | decision='migrar CUSTOMER-API' asset=CUSTOMER-API severity=NO_CONFLICT conflict=False label=CONFIRMED DECISION policies=[]
2026-08-21T19:30:14Z | stress_test | decision='migrar SECURE-COMMS-GW' asset=SECURE-COMMS-GW severity=NO_CONFLICT conflict=False label=CONFIRMED DECISION policies=[]
2026-08-21T19:30:14Z | stress_test | decision='migrar LAUNCH-AUTH' asset=LAUNCH-AUTH severity=NO_CONFLICT conflict=False label=CONFIRMED DECISION policies=[]
2026-08-21T19:30:14Z | stress_test | decision='migrar QA-IDENTITY' asset=QA-IDENTITY severity=NO_CONFLICT conflict=False label=CONFIRMED DECISION policies=[]
2026-08-21T19:30:14Z | stress_test | decision='migrar PARTNER-PORTAL' asset=PARTNER-PORTAL severity=NO_CONFLICT conflict=False label=CONFIRMED DECISION policies=[]
2026-08-21T19:30:14Z | stress_test | decision='migrar BILLING-ENGINE' asset=BILLING-ENGINE severity=NO_CONFLICT conflict=False label=CONFIRMED DECISION policies=[]
2026-08-21T19:30:14Z | stress_test | decision='migrar TREASURY-WORKSTATION' asset=TREASURY-WORKSTATION severity=NO_CONFLICT conflict=False label=CONFIRMED DECISION policies=[]
2026-08-21T19:30:14Z | stress_test | decision='migrar TELEMETRY-ARCHIVE' asset=TELEMETRY-ARCHIVE severity=NO_CONFLICT conflict=False label=CONFIRMED DECISION policies=[]
2026-08-21T19:30:14Z | stress_test | decision='migrar DATA-WAREHOUSE' asset=DATA-WAREHOUSE severity=NO_CONFLICT conflict=False label=CONFIRMED DECISION policies=[]
2026-08-21T19:30:14Z | stress_test | decision='migrar DEV-PORTAL' asset=DEV-PORTAL severity=NO_CONFLICT conflict=False label=CONFIRMED DECISION policies=[]
2026-08-21T19:30:14Z | stress_test | decision='migrar STAGING-K8S' asset=STAGING-K8S severity=NO_CONFLICT conflict=False label=CONFIRMED DECISION policies=[]
2026-08-21T19:30:14Z | stress_test | decision='migrar CLOUD-OBJ-STORE' asset=CLOUD-OBJ-STORE severity=NO_CONFLICT conflict=False label=CONFIRMED DECISION policies=[]
2026-08-21T19:30:14Z | stress_test | decision='migrar DNS-INTERNAL' asset=DNS-INTERNAL severity=NO_CONFLICT conflict=False label=CONFIRMED DECISION policies=[]
2026-08-21T19:30:14Z | stress_test | decision='migrar REGION-LB-EU' asset=REGION-LB-EU severity=NO_CONFLICT conflict=False label=CONFIRMED DECISION policies=[]
2026-08-21T19:30:14Z | stress_test | decision='migrar REGION-LB-US' asset=REGION-LB-US severity=NO_CONFLICT conflict=False label=CONFIRMED DECISION policies=[]
2026-08-21T19:30:14Z | stress_test | decision='migrar GUEST-NETWORK-PORTAL' asset=GUEST-NETWORK-PORTAL severity=NO_CONFLICT conflict=False label=CONFIRMED DECISION policies=[]
2026-08-21T19:30:14Z | stress_test | decision='migrar LEGACY-VPN-EU' asset=LEGACY-VPN-EU severity=NO_CONFLICT conflict=False label=CONFIRMED DECISION policies=[]
2026-08-21T19:30:14Z | stress_test | decision='migrar LEGACY-PKI-01' asset=LEGACY-PKI-01 severity=NO_CONFLICT conflict=False label=CONFIRMED DECISION policies=[]
2026-08-21T19:30:14Z | stress_test | decision='migrar LEGACY-ERP-02' asset=LEGACY-ERP-02 severity=CONFLICT conflict=True label=RECOMMENDED ALTERNATIVE policies=['P003']
2026-08-21T19:30:14Z | stress_test | decision='migrar LEGACY-MANUFACTURING' asset=LEGACY-MANUFACTURING severity=NO_CONFLICT conflict=False label=CONFIRMED DECISION policies=[]
2026-08-21T19:30:14Z | stress_test | decision='migrar LEGACY-RADIUS' asset=LEGACY-RADIUS severity=NO_CONFLICT conflict=False label=CONFIRMED DECISION policies=[]
2026-08-21T19:30:14Z | stress_test | decision='migrar LEGACY-BACKUP-TAPE' asset=LEGACY-BACKUP-TAPE severity=NO_CONFLICT conflict=False label=CONFIRMED DECISION policies=[]
2026-08-21T19:30:14Z | stress_test | decision='migrar GIT-INFRA' asset=GIT-INFRA severity=NO_CONFLICT conflict=False label=CONFIRMED DECISION policies=[]
2026-08-21T19:30:14Z | stress_test | decision='migrar MFG-CONTROL-01' asset=MFG-CONTROL-01 severity=NO_CONFLICT conflict=False label=CONFIRMED DECISION policies=[]
2026-08-21T19:30:14Z | stress_test | decision='migrar PQC-PILOT-DSA' asset=PQC-PILOT-DSA severity=NO_CONFLICT conflict=False label=CONFIRMED DECISION policies=[]
2026-08-21T19:30:14Z | stress_test | decision='migrar PQC-PILOT-KEM' asset=PQC-PILOT-KEM severity=NO_CONFLICT conflict=False label=CONFIRMED DECISION policies=[]
2026-08-21T19:30:14Z | stress_test | decision='migrar ASSET-071' asset=ASSET-071 severity=NO_CONFLICT conflict=False label=CONFIRMED DECISION policies=[]
2026-08-21T19:30:14Z | stress_test | decision='migrar HR-PORTAL' asset=HR-PORTAL severity=NO_CONFLICT conflict=False label=CONFIRMED DECISION policies=[]
2026-08-21T19:30:14Z | stress_test | decision='migrar HR-DATABASE' asset=HR-DATABASE severity=NO_CONFLICT conflict=False label=CONFIRMED DECISION policies=[]
2026-08-21T19:30:14Z | stress_test | decision='migrar CICD-RUNNERS' asset=CICD-RUNNERS severity=NO_CONFLICT conflict=False label=CONFIRMED DECISION policies=[]
2026-08-21T19:30:14Z | stress_test | decision='migrar MONITORING-STACK' asset=MONITORING-STACK severity=NO_CONFLICT conflict=False label=CONFIRMED DECISION policies=[]
2026-08-21T19:30:14Z | stress_test | decision='migrar COLLAB-SUITE' asset=COLLAB-SUITE severity=NO_CONFLICT conflict=False label=CONFIRMED DECISION policies=[]
2026-08-21T19:30:14Z | stress_test | decision='migrar FILE-SHARE-GLOBAL' asset=FILE-SHARE-GLOBAL severity=NO_CONFLICT conflict=False label=CONFIRMED DECISION policies=[]
2026-08-21T19:30:14Z | stress_test | decision='migrar MFG-CONTROL-02' asset=MFG-CONTROL-02 severity=NO_CONFLICT conflict=False label=CONFIRMED DECISION policies=[]
2026-08-21T19:30:14Z | stress_test | decision='migrar SUPPLY-CHAIN-API' asset=SUPPLY-CHAIN-API severity=NO_CONFLICT conflict=False label=CONFIRMED DECISION policies=[]
2026-08-21T19:30:14Z | stress_test | decision='migrar EMAIL-GATEWAY' asset=EMAIL-GATEWAY severity=NO_CONFLICT conflict=False label=CONFIRMED DECISION policies=[]
2026-08-21T19:30:14Z | stress_test | decision='migrar ASSET-MGMT' asset=ASSET-MGMT severity=NO_CONFLICT conflict=False label=CONFIRMED DECISION policies=[]
2026-08-21T19:30:14Z | stress_test | decision='migrar TIME-SYNC' asset=TIME-SYNC severity=NO_CONFLICT conflict=False label=CONFIRMED DECISION policies=[]
2026-08-21T19:30:14Z | stress_test | decision='migrar LAB-WIFI-CONTROLLER' asset=LAB-WIFI-CONTROLLER severity=NO_CONFLICT conflict=False label=CONFIRMED DECISION policies=[]
2026-08-21T19:30:14Z | stress_test | decision='migrar DEMO-ENV-PORTAL' asset=DEMO-ENV-PORTAL severity=NO_CONFLICT conflict=False label=CONFIRMED DECISION policies=[]
2026-08-21T19:30:14Z | stress_test | decision='migrar TRAINING-SIMULATOR' asset=TRAINING-SIMULATOR severity=NO_CONFLICT conflict=False label=CONFIRMED DECISION policies=[]
2026-08-21T19:30:14Z | stress_test | decision='migrar PRINT-SERVER-HQ' asset=PRINT-SERVER-HQ severity=NO_CONFLICT conflict=False label=CONFIRMED DECISION policies=[]
2026-08-21T19:30:14Z | stress_test | decision='migrar ASSET-042' asset=ASSET-042 severity=NO_CONFLICT conflict=False label=CONFIRMED DECISION policies=[]
2026-08-21T19:30:14Z | stress_test | decision='migrar ASSET-057' asset=ASSET-057 severity=NO_CONFLICT conflict=False label=CONFIRMED DECISION policies=[]
2026-08-21T19:30:14Z | stress_test | decision='migrar ASSET-063' asset=ASSET-063 severity=NO_CONFLICT conflict=False label=CONFIRMED DECISION policies=[]
2026-08-21T19:30:14Z | stress_test | decision='migrar APAC-SG' asset=APAC-SG severity=NO_CONFLICT conflict=False label=CONFIRMED DECISION policies=[]
2026-08-21T19:30:14Z | stress_test | decision='migrar NG-07' asset=NG-07 severity=NO_CONFLICT conflict=False label=CONFIRMED DECISION policies=[]
2026-08-21T19:30:14Z | stress_test | decision='migrar MISSION-CONTROL' asset=MISSION-CONTROL severity=CONFLICT conflict=True label=RECOMMENDED ALTERNATIVE policies=['P002', 'P003', 'P008']
2026-08-21T19:30:14Z | stress_test | decision='migrar PAYMENTS-CORE' asset=PAYMENTS-CORE severity=NO_CONFLICT conflict=False label=CONFIRMED DECISION policies=[]
2026-08-21T19:30:14Z | stress_test | decision='migrar FLIGHT-DATA' asset=FLIGHT-DATA severity=NO_CONFLICT conflict=False label=CONFIRMED DECISION policies=[]
2026-08-21T19:30:14Z | stress_test | decision='migrar SECURITY-SIEM' asset=SECURITY-SIEM severity=NO_CONFLICT conflict=False label=CONFIRMED DECISION policies=[]
2026-08-21T19:30:14Z | stress_test | decision='migrar LEGACY-FTP' asset=LEGACY-FTP severity=NO_CONFLICT conflict=False label=CONFIRMED DECISION policies=[]
2026-08-21T19:30:15Z | stress_test | decision='migrar IDENTITY-CORE' asset=IDENTITY-CORE severity=CONFLICT conflict=True label=RECOMMENDED ALTERNATIVE policies=['P003']
2026-08-21T19:30:15Z | stress_test | decision='migrar SSO-GLOBAL' asset=SSO-GLOBAL severity=NO_CONFLICT conflict=False label=CONFIRMED DECISION policies=[]
2026-08-21T19:30:15Z | stress_test | decision='migrar PKI-ROOT' asset=PKI-ROOT severity=NO_CONFLICT conflict=False label=CONFIRMED DECISION policies=[]
2026-08-21T19:30:15Z | stress_test | decision='migrar PKI-INTERMEDIATE' asset=PKI-INTERMEDIATE severity=NO_CONFLICT conflict=False label=CONFIRMED DECISION policies=[]
2026-08-21T19:30:15Z | stress_test | decision='migrar HSM-CLUSTER-US' asset=HSM-CLUSTER-US severity=NO_CONFLICT conflict=False label=CONFIRMED DECISION policies=[]
2026-08-21T19:30:15Z | stress_test | decision='migrar HSM-CLUSTER-EU' asset=HSM-CLUSTER-EU severity=NO_CONFLICT conflict=False label=CONFIRMED DECISION policies=[]
2026-08-21T19:30:15Z | stress_test | decision='migrar PAYMENT-CORE' asset=PAYMENT-CORE severity=NO_CONFLICT conflict=False label=CONFIRMED DECISION policies=[]
2026-08-21T19:30:15Z | stress_test | decision='migrar COMMAND-SIGNING' asset=COMMAND-SIGNING severity=NO_CONFLICT conflict=False label=CONFIRMED DECISION policies=[]
2026-08-21T19:30:15Z | stress_test | decision='migrar SAT-OPS-01' asset=SAT-OPS-01 severity=CONFLICT conflict=True label=RECOMMENDED ALTERNATIVE policies=['P002', 'P008']
2026-08-21T19:30:15Z | stress_test | decision='migrar GROUND-STATION-EU' asset=GROUND-STATION-EU severity=NO_CONFLICT conflict=False label=CONFIRMED DECISION policies=[]
2026-08-21T19:30:15Z | stress_test | decision='migrar CUSTOMER-PORTAL' asset=CUSTOMER-PORTAL severity=CONFLICT conflict=True label=RECOMMENDED ALTERNATIVE policies=['P003']
2026-08-21T19:30:15Z | stress_test | decision='migrar TELEMETRY-BUS' asset=TELEMETRY-BUS severity=NO_CONFLICT conflict=False label=CONFIRMED DECISION policies=[]
2026-08-21T19:30:15Z | stress_test | decision='migrar DATA-LAKE-01' asset=DATA-LAKE-01 severity=NO_CONFLICT conflict=False label=CONFIRMED DECISION policies=[]
2026-08-21T19:30:15Z | stress_test | decision='migrar GROUND-STATION-US' asset=GROUND-STATION-US severity=NO_CONFLICT conflict=False label=CONFIRMED DECISION policies=[]
2026-08-21T19:30:15Z | stress_test | decision='migrar GROUND-STATION-APAC' asset=GROUND-STATION-APAC severity=NO_CONFLICT conflict=False label=CONFIRMED DECISION policies=[]
2026-08-21T19:30:15Z | stress_test | decision='migrar SAT-OPS-02' asset=SAT-OPS-02 severity=NO_CONFLICT conflict=False label=CONFIRMED DECISION policies=[]
2026-08-21T19:30:15Z | stress_test | decision='migrar SAT-COMMS-RELAY' asset=SAT-COMMS-RELAY severity=NO_CONFLICT conflict=False label=CONFIRMED DECISION policies=[]
2026-08-21T19:30:15Z | stress_test | decision='migrar API-GATEWAY-EDGE' asset=API-GATEWAY-EDGE severity=NO_CONFLICT conflict=False label=CONFIRMED DECISION policies=[]
2026-08-21T19:30:15Z | stress_test | decision='migrar API-GATEWAY-INTERNAL' asset=API-GATEWAY-INTERNAL severity=NO_CONFLICT conflict=False label=CONFIRMED DECISION policies=[]
2026-08-21T19:30:15Z | stress_test | decision='migrar IAM-WORKFORCE' asset=IAM-WORKFORCE severity=NO_CONFLICT conflict=False label=CONFIRMED DECISION policies=[]
2026-08-21T19:30:15Z | stress_test | decision='migrar PKI-EXTERNAL-CA' asset=PKI-EXTERNAL-CA severity=NO_CONFLICT conflict=False label=CONFIRMED DECISION policies=[]
2026-08-21T19:30:15Z | stress_test | decision='migrar KMS-CLOUD-PRIMARY' asset=KMS-CLOUD-PRIMARY severity=NO_CONFLICT conflict=False label=CONFIRMED DECISION policies=[]
2026-08-21T19:30:15Z | stress_test | decision='migrar BACKUP-VAULT-01' asset=BACKUP-VAULT-01 severity=NO_CONFLICT conflict=False label=CONFIRMED DECISION policies=[]
2026-08-21T19:30:15Z | stress_test | decision='migrar ERP-FINANCE' asset=ERP-FINANCE severity=NO_CONFLICT conflict=False label=CONFIRMED DECISION policies=[]
2026-08-21T19:30:15Z | stress_test | decision='migrar MOBILE-BANKING-APP' asset=MOBILE-BANKING-APP severity=NO_CONFLICT conflict=False label=CONFIRMED DECISION policies=[]
2026-08-21T19:30:15Z | stress_test | decision='migrar CODE-SIGNING-PROD' asset=CODE-SIGNING-PROD severity=CONFLICT conflict=True label=RECOMMENDED ALTERNATIVE policies=['P003']
2026-08-21T19:30:15Z | stress_test | decision='migrar FIRMWARE-SIGNING' asset=FIRMWARE-SIGNING severity=CONFLICT conflict=True label=RECOMMENDED ALTERNATIVE policies=['P003']
2026-08-21T19:30:15Z | stress_test | decision='migrar SIEM-CORE' asset=SIEM-CORE severity=NO_CONFLICT conflict=False label=CONFIRMED DECISION policies=[]
2026-08-21T19:30:15Z | stress_test | decision='migrar SOC-PLATFORM' asset=SOC-PLATFORM severity=NO_CONFLICT conflict=False label=CONFIRMED DECISION policies=[]
2026-08-21T19:30:15Z | stress_test | decision='migrar LOGGING-PIPELINE' asset=LOGGING-PIPELINE severity=NO_CONFLICT conflict=False label=CONFIRMED DECISION policies=[]
2026-08-21T19:30:15Z | stress_test | decision='migrar VPN-CORP-PRIMARY' asset=VPN-CORP-PRIMARY severity=NO_CONFLICT conflict=False label=CONFIRMED DECISION policies=[]
2026-08-21T19:30:15Z | stress_test | decision='migrar K8S-PROD-US' asset=K8S-PROD-US severity=NO_CONFLICT conflict=False label=CONFIRMED DECISION policies=[]
2026-08-21T19:30:15Z | stress_test | decision='migrar K8S-PROD-EU' asset=K8S-PROD-EU severity=NO_CONFLICT conflict=False label=CONFIRMED DECISION policies=[]
2026-08-21T19:30:15Z | stress_test | decision='migrar DB-MISSION-PRIMARY' asset=DB-MISSION-PRIMARY severity=NO_CONFLICT conflict=False label=CONFIRMED DECISION policies=[]
2026-08-21T19:30:15Z | stress_test | decision='migrar DB-PAYMENTS' asset=DB-PAYMENTS severity=NO_CONFLICT conflict=False label=CONFIRMED DECISION policies=[]
2026-08-21T19:30:15Z | stress_test | decision='migrar CUSTOMER-API' asset=CUSTOMER-API severity=NO_CONFLICT conflict=False label=CONFIRMED DECISION policies=[]
2026-08-21T19:30:15Z | stress_test | decision='migrar SECURE-COMMS-GW' asset=SECURE-COMMS-GW severity=NO_CONFLICT conflict=False label=CONFIRMED DECISION policies=[]
2026-08-21T19:30:15Z | stress_test | decision='migrar LAUNCH-AUTH' asset=LAUNCH-AUTH severity=NO_CONFLICT conflict=False label=CONFIRMED DECISION policies=[]
2026-08-21T19:30:15Z | stress_test | decision='migrar QA-IDENTITY' asset=QA-IDENTITY severity=NO_CONFLICT conflict=False label=CONFIRMED DECISION policies=[]
2026-08-21T19:30:15Z | stress_test | decision='migrar PARTNER-PORTAL' asset=PARTNER-PORTAL severity=NO_CONFLICT conflict=False label=CONFIRMED DECISION policies=[]
2026-08-21T19:30:15Z | stress_test | decision='migrar BILLING-ENGINE' asset=BILLING-ENGINE severity=NO_CONFLICT conflict=False label=CONFIRMED DECISION policies=[]
2026-08-21T19:30:15Z | stress_test | decision='migrar TREASURY-WORKSTATION' asset=TREASURY-WORKSTATION severity=NO_CONFLICT conflict=False label=CONFIRMED DECISION policies=[]
2026-08-21T19:30:15Z | stress_test | decision='migrar TELEMETRY-ARCHIVE' asset=TELEMETRY-ARCHIVE severity=NO_CONFLICT conflict=False label=CONFIRMED DECISION policies=[]
2026-08-21T19:30:15Z | stress_test | decision='migrar DATA-WAREHOUSE' asset=DATA-WAREHOUSE severity=NO_CONFLICT conflict=False label=CONFIRMED DECISION policies=[]
2026-08-21T19:30:15Z | stress_test | decision='migrar DEV-PORTAL' asset=DEV-PORTAL severity=NO_CONFLICT conflict=False label=CONFIRMED DECISION policies=[]
2026-08-21T19:30:15Z | stress_test | decision='migrar STAGING-K8S' asset=STAGING-K8S severity=NO_CONFLICT conflict=False label=CONFIRMED DECISION policies=[]
2026-08-21T19:30:15Z | stress_test | decision='migrar CLOUD-OBJ-STORE' asset=CLOUD-OBJ-STORE severity=NO_CONFLICT conflict=False label=CONFIRMED DECISION policies=[]
2026-08-21T19:30:15Z | stress_test | decision='migrar DNS-INTERNAL' asset=DNS-INTERNAL severity=NO_CONFLICT conflict=False label=CONFIRMED DECISION policies=[]
2026-08-21T19:30:15Z | stress_test | decision='migrar REGION-LB-EU' asset=REGION-LB-EU severity=NO_CONFLICT conflict=False label=CONFIRMED DECISION policies=[]
2026-08-21T19:30:15Z | stress_test | decision='migrar REGION-LB-US' asset=REGION-LB-US severity=NO_CONFLICT conflict=False label=CONFIRMED DECISION policies=[]
2026-08-21T19:30:15Z | stress_test | decision='migrar GUEST-NETWORK-PORTAL' asset=GUEST-NETWORK-PORTAL severity=NO_CONFLICT conflict=False label=CONFIRMED DECISION policies=[]
2026-08-21T19:30:15Z | stress_test | decision='migrar LEGACY-VPN-EU' asset=LEGACY-VPN-EU severity=NO_CONFLICT conflict=False label=CONFIRMED DECISION policies=[]
2026-08-21T19:30:15Z | stress_test | decision='migrar LEGACY-PKI-01' asset=LEGACY-PKI-01 severity=NO_CONFLICT conflict=False label=CONFIRMED DECISION policies=[]
2026-08-21T19:30:15Z | stress_test | decision='migrar LEGACY-ERP-02' asset=LEGACY-ERP-02 severity=CONFLICT conflict=True label=RECOMMENDED ALTERNATIVE policies=['P003']
2026-08-21T19:30:15Z | stress_test | decision='migrar LEGACY-MANUFACTURING' asset=LEGACY-MANUFACTURING severity=NO_CONFLICT conflict=False label=CONFIRMED DECISION policies=[]
2026-08-21T19:30:15Z | stress_test | decision='migrar LEGACY-RADIUS' asset=LEGACY-RADIUS severity=NO_CONFLICT conflict=False label=CONFIRMED DECISION policies=[]
2026-08-21T19:30:15Z | stress_test | decision='migrar LEGACY-BACKUP-TAPE' asset=LEGACY-BACKUP-TAPE severity=NO_CONFLICT conflict=False label=CONFIRMED DECISION policies=[]
2026-08-21T19:30:15Z | stress_test | decision='migrar GIT-INFRA' asset=GIT-INFRA severity=NO_CONFLICT conflict=False label=CONFIRMED DECISION policies=[]
2026-08-21T19:30:15Z | stress_test | decision='migrar MFG-CONTROL-01' asset=MFG-CONTROL-01 severity=NO_CONFLICT conflict=False label=CONFIRMED DECISION policies=[]
2026-08-21T19:30:15Z | stress_test | decision='migrar PQC-PILOT-DSA' asset=PQC-PILOT-DSA severity=NO_CONFLICT conflict=False label=CONFIRMED DECISION policies=[]
2026-08-21T19:30:15Z | stress_test | decision='migrar PQC-PILOT-KEM' asset=PQC-PILOT-KEM severity=NO_CONFLICT conflict=False label=CONFIRMED DECISION policies=[]
2026-08-21T19:30:15Z | stress_test | decision='migrar ASSET-071' asset=ASSET-071 severity=NO_CONFLICT conflict=False label=CONFIRMED DECISION policies=[]
2026-08-21T19:30:15Z | stress_test | decision='migrar HR-PORTAL' asset=HR-PORTAL severity=NO_CONFLICT conflict=False label=CONFIRMED DECISION policies=[]
2026-08-21T19:30:15Z | stress_test | decision='migrar HR-DATABASE' asset=HR-DATABASE severity=NO_CONFLICT conflict=False label=CONFIRMED DECISION policies=[]
2026-08-21T19:30:15Z | stress_test | decision='migrar CICD-RUNNERS' asset=CICD-RUNNERS severity=NO_CONFLICT conflict=False label=CONFIRMED DECISION policies=[]
2026-08-21T19:30:15Z | stress_test | decision='migrar MONITORING-STACK' asset=MONITORING-STACK severity=NO_CONFLICT conflict=False label=CONFIRMED DECISION policies=[]
2026-08-21T19:30:15Z | stress_test | decision='migrar COLLAB-SUITE' asset=COLLAB-SUITE severity=NO_CONFLICT conflict=False label=CONFIRMED DECISION policies=[]
2026-08-21T19:30:15Z | stress_test | decision='migrar FILE-SHARE-GLOBAL' asset=FILE-SHARE-GLOBAL severity=NO_CONFLICT conflict=False label=CONFIRMED DECISION policies=[]
2026-08-21T19:30:15Z | stress_test | decision='migrar MFG-CONTROL-02' asset=MFG-CONTROL-02 severity=NO_CONFLICT conflict=False label=CONFIRMED DECISION policies=[]
2026-08-21T19:30:15Z | stress_test | decision='migrar SUPPLY-CHAIN-API' asset=SUPPLY-CHAIN-API severity=NO_CONFLICT conflict=False label=CONFIRMED DECISION policies=[]
2026-08-21T19:30:15Z | stress_test | decision='migrar EMAIL-GATEWAY' asset=EMAIL-GATEWAY severity=NO_CONFLICT conflict=False label=CONFIRMED DECISION policies=[]
2026-08-21T19:30:15Z | stress_test | decision='migrar ASSET-MGMT' asset=ASSET-MGMT severity=NO_CONFLICT conflict=False label=CONFIRMED DECISION policies=[]
2026-08-21T19:30:15Z | stress_test | decision='migrar TIME-SYNC' asset=TIME-SYNC severity=NO_CONFLICT conflict=False label=CONFIRMED DECISION policies=[]
2026-08-21T19:30:15Z | stress_test | decision='migrar LAB-WIFI-CONTROLLER' asset=LAB-WIFI-CONTROLLER severity=NO_CONFLICT conflict=False label=CONFIRMED DECISION policies=[]
2026-08-21T19:30:15Z | stress_test | decision='migrar DEMO-ENV-PORTAL' asset=DEMO-ENV-PORTAL severity=NO_CONFLICT conflict=False label=CONFIRMED DECISION policies=[]
2026-08-21T19:30:15Z | stress_test | decision='migrar TRAINING-SIMULATOR' asset=TRAINING-SIMULATOR severity=NO_CONFLICT conflict=False label=CONFIRMED DECISION policies=[]
2026-08-21T19:30:15Z | stress_test | decision='migrar PRINT-SERVER-HQ' asset=PRINT-SERVER-HQ severity=NO_CONFLICT conflict=False label=CONFIRMED DECISION policies=[]
2026-08-21T19:30:15Z | stress_test | decision='migrar ASSET-042' asset=ASSET-042 severity=NO_CONFLICT conflict=False label=CONFIRMED DECISION policies=[]
2026-08-21T19:30:15Z | stress_test | decision='migrar ASSET-057' asset=ASSET-057 severity=NO_CONFLICT conflict=False label=CONFIRMED DECISION policies=[]
2026-08-21T19:30:15Z | stress_test | decision='migrar ASSET-063' asset=ASSET-063 severity=NO_CONFLICT conflict=False label=CONFIRMED DECISION policies=[]
2026-08-21T19:30:15Z | stress_test | decision='migrar APAC-SG' asset=APAC-SG severity=NO_CONFLICT conflict=False label=CONFIRMED DECISION policies=[]
2026-08-21T19:30:15Z | stress_test | decision='migrar NG-07' asset=NG-07 severity=NO_CONFLICT conflict=False label=CONFIRMED DECISION policies=[]
2026-08-21T19:30:15Z | stress_test | decision='migrar MISSION-CONTROL' asset=MISSION-CONTROL severity=CONFLICT conflict=True label=RECOMMENDED ALTERNATIVE policies=['P002', 'P003', 'P008']
2026-08-21T19:30:15Z | stress_test | decision='migrar PAYMENTS-CORE' asset=PAYMENTS-CORE severity=NO_CONFLICT conflict=False label=CONFIRMED DECISION policies=[]
2026-08-21T19:30:15Z | stress_test | decision='migrar FLIGHT-DATA' asset=FLIGHT-DATA severity=NO_CONFLICT conflict=False label=CONFIRMED DECISION policies=[]
2026-08-21T19:30:15Z | stress_test | decision='migrar SECURITY-SIEM' asset=SECURITY-SIEM severity=NO_CONFLICT conflict=False label=CONFIRMED DECISION policies=[]
2026-08-21T19:30:15Z | stress_test | decision='migrar LEGACY-FTP' asset=LEGACY-FTP severity=NO_CONFLICT conflict=False label=CONFIRMED DECISION policies=[]
2026-08-21T19:30:17Z | stress_test | decision='migrar IDENTITY-CORE' asset=IDENTITY-CORE severity=CONFLICT conflict=True label=RECOMMENDED ALTERNATIVE policies=['P003']
2026-08-21T19:30:17Z | stress_test | decision='migrar SSO-GLOBAL' asset=SSO-GLOBAL severity=NO_CONFLICT conflict=False label=CONFIRMED DECISION policies=[]
2026-08-21T19:30:17Z | stress_test | decision='migrar PKI-ROOT' asset=PKI-ROOT severity=NO_CONFLICT conflict=False label=CONFIRMED DECISION policies=[]
2026-08-21T19:30:17Z | stress_test | decision='migrar PKI-INTERMEDIATE' asset=PKI-INTERMEDIATE severity=NO_CONFLICT conflict=False label=CONFIRMED DECISION policies=[]
2026-08-21T19:30:17Z | stress_test | decision='migrar HSM-CLUSTER-US' asset=HSM-CLUSTER-US severity=NO_CONFLICT conflict=False label=CONFIRMED DECISION policies=[]
2026-08-21T19:30:17Z | stress_test | decision='migrar HSM-CLUSTER-EU' asset=HSM-CLUSTER-EU severity=NO_CONFLICT conflict=False label=CONFIRMED DECISION policies=[]
2026-08-21T19:30:17Z | stress_test | decision='migrar PAYMENT-CORE' asset=PAYMENT-CORE severity=NO_CONFLICT conflict=False label=CONFIRMED DECISION policies=[]
2026-08-21T19:30:17Z | stress_test | decision='migrar COMMAND-SIGNING' asset=COMMAND-SIGNING severity=NO_CONFLICT conflict=False label=CONFIRMED DECISION policies=[]
2026-08-21T19:30:17Z | stress_test | decision='migrar SAT-OPS-01' asset=SAT-OPS-01 severity=CONFLICT conflict=True label=RECOMMENDED ALTERNATIVE policies=['P002', 'P008']
2026-08-21T19:30:17Z | stress_test | decision='migrar GROUND-STATION-EU' asset=GROUND-STATION-EU severity=NO_CONFLICT conflict=False label=CONFIRMED DECISION policies=[]
2026-08-21T19:30:17Z | stress_test | decision='migrar CUSTOMER-PORTAL' asset=CUSTOMER-PORTAL severity=CONFLICT conflict=True label=RECOMMENDED ALTERNATIVE policies=['P003']
2026-08-21T19:30:17Z | stress_test | decision='migrar TELEMETRY-BUS' asset=TELEMETRY-BUS severity=NO_CONFLICT conflict=False label=CONFIRMED DECISION policies=[]
2026-08-21T19:30:17Z | stress_test | decision='migrar DATA-LAKE-01' asset=DATA-LAKE-01 severity=NO_CONFLICT conflict=False label=CONFIRMED DECISION policies=[]
2026-08-21T19:30:17Z | stress_test | decision='migrar GROUND-STATION-US' asset=GROUND-STATION-US severity=NO_CONFLICT conflict=False label=CONFIRMED DECISION policies=[]
2026-08-21T19:30:17Z | stress_test | decision='migrar GROUND-STATION-APAC' asset=GROUND-STATION-APAC severity=NO_CONFLICT conflict=False label=CONFIRMED DECISION policies=[]
2026-08-21T19:30:17Z | stress_test | decision='migrar SAT-OPS-02' asset=SAT-OPS-02 severity=NO_CONFLICT conflict=False label=CONFIRMED DECISION policies=[]
2026-08-21T19:30:17Z | stress_test | decision='migrar SAT-COMMS-RELAY' asset=SAT-COMMS-RELAY severity=NO_CONFLICT conflict=False label=CONFIRMED DECISION policies=[]
2026-08-21T19:30:17Z | stress_test | decision='migrar API-GATEWAY-EDGE' asset=API-GATEWAY-EDGE severity=NO_CONFLICT conflict=False label=CONFIRMED DECISION policies=[]
2026-08-21T19:30:17Z | stress_test | decision='migrar API-GATEWAY-INTERNAL' asset=API-GATEWAY-INTERNAL severity=NO_CONFLICT conflict=False label=CONFIRMED DECISION policies=[]
2026-08-21T19:30:17Z | stress_test | decision='migrar IAM-WORKFORCE' asset=IAM-WORKFORCE severity=NO_CONFLICT conflict=False label=CONFIRMED DECISION policies=[]
2026-08-21T19:30:17Z | stress_test | decision='migrar PKI-EXTERNAL-CA' asset=PKI-EXTERNAL-CA severity=NO_CONFLICT conflict=False label=CONFIRMED DECISION policies=[]
2026-08-21T19:30:17Z | stress_test | decision='migrar KMS-CLOUD-PRIMARY' asset=KMS-CLOUD-PRIMARY severity=NO_CONFLICT conflict=False label=CONFIRMED DECISION policies=[]
2026-08-21T19:30:17Z | stress_test | decision='migrar BACKUP-VAULT-01' asset=BACKUP-VAULT-01 severity=NO_CONFLICT conflict=False label=CONFIRMED DECISION policies=[]
2026-08-21T19:30:17Z | stress_test | decision='migrar ERP-FINANCE' asset=ERP-FINANCE severity=NO_CONFLICT conflict=False label=CONFIRMED DECISION policies=[]
2026-08-21T19:30:17Z | stress_test | decision='migrar MOBILE-BANKING-APP' asset=MOBILE-BANKING-APP severity=NO_CONFLICT conflict=False label=CONFIRMED DECISION policies=[]
2026-08-21T19:30:17Z | stress_test | decision='migrar CODE-SIGNING-PROD' asset=CODE-SIGNING-PROD severity=CONFLICT conflict=True label=RECOMMENDED ALTERNATIVE policies=['P003']
2026-08-21T19:30:17Z | stress_test | decision='migrar FIRMWARE-SIGNING' asset=FIRMWARE-SIGNING severity=CONFLICT conflict=True label=RECOMMENDED ALTERNATIVE policies=['P003']
2026-08-21T19:30:17Z | stress_test | decision='migrar SIEM-CORE' asset=SIEM-CORE severity=NO_CONFLICT conflict=False label=CONFIRMED DECISION policies=[]
2026-08-21T19:30:17Z | stress_test | decision='migrar SOC-PLATFORM' asset=SOC-PLATFORM severity=NO_CONFLICT conflict=False label=CONFIRMED DECISION policies=[]
2026-08-21T19:30:17Z | stress_test | decision='migrar LOGGING-PIPELINE' asset=LOGGING-PIPELINE severity=NO_CONFLICT conflict=False label=CONFIRMED DECISION policies=[]
2026-08-21T19:30:17Z | stress_test | decision='migrar VPN-CORP-PRIMARY' asset=VPN-CORP-PRIMARY severity=NO_CONFLICT conflict=False label=CONFIRMED DECISION policies=[]
2026-08-21T19:30:17Z | stress_test | decision='migrar K8S-PROD-US' asset=K8S-PROD-US severity=NO_CONFLICT conflict=False label=CONFIRMED DECISION policies=[]
2026-08-21T19:30:17Z | stress_test | decision='migrar K8S-PROD-EU' asset=K8S-PROD-EU severity=NO_CONFLICT conflict=False label=CONFIRMED DECISION policies=[]
2026-08-21T19:30:17Z | stress_test | decision='migrar DB-MISSION-PRIMARY' asset=DB-MISSION-PRIMARY severity=NO_CONFLICT conflict=False label=CONFIRMED DECISION policies=[]
2026-08-21T19:30:17Z | stress_test | decision='migrar DB-PAYMENTS' asset=DB-PAYMENTS severity=NO_CONFLICT conflict=False label=CONFIRMED DECISION policies=[]
2026-08-21T19:30:17Z | stress_test | decision='migrar CUSTOMER-API' asset=CUSTOMER-API severity=NO_CONFLICT conflict=False label=CONFIRMED DECISION policies=[]
2026-08-21T19:30:17Z | stress_test | decision='migrar SECURE-COMMS-GW' asset=SECURE-COMMS-GW severity=NO_CONFLICT conflict=False label=CONFIRMED DECISION policies=[]
2026-08-21T19:30:17Z | stress_test | decision='migrar LAUNCH-AUTH' asset=LAUNCH-AUTH severity=NO_CONFLICT conflict=False label=CONFIRMED DECISION policies=[]
2026-08-21T19:30:17Z | stress_test | decision='migrar QA-IDENTITY' asset=QA-IDENTITY severity=NO_CONFLICT conflict=False label=CONFIRMED DECISION policies=[]
2026-08-21T19:30:17Z | stress_test | decision='migrar PARTNER-PORTAL' asset=PARTNER-PORTAL severity=NO_CONFLICT conflict=False label=CONFIRMED DECISION policies=[]
2026-08-21T19:30:17Z | stress_test | decision='migrar BILLING-ENGINE' asset=BILLING-ENGINE severity=NO_CONFLICT conflict=False label=CONFIRMED DECISION policies=[]
2026-08-21T19:30:17Z | stress_test | decision='migrar TREASURY-WORKSTATION' asset=TREASURY-WORKSTATION severity=NO_CONFLICT conflict=False label=CONFIRMED DECISION policies=[]
2026-08-21T19:30:17Z | stress_test | decision='migrar TELEMETRY-ARCHIVE' asset=TELEMETRY-ARCHIVE severity=NO_CONFLICT conflict=False label=CONFIRMED DECISION policies=[]
2026-08-21T19:30:17Z | stress_test | decision='migrar DATA-WAREHOUSE' asset=DATA-WAREHOUSE severity=NO_CONFLICT conflict=False label=CONFIRMED DECISION policies=[]
2026-08-21T19:30:17Z | stress_test | decision='migrar DEV-PORTAL' asset=DEV-PORTAL severity=NO_CONFLICT conflict=False label=CONFIRMED DECISION policies=[]
2026-08-21T19:30:17Z | stress_test | decision='migrar STAGING-K8S' asset=STAGING-K8S severity=NO_CONFLICT conflict=False label=CONFIRMED DECISION policies=[]
2026-08-21T19:30:17Z | stress_test | decision='migrar CLOUD-OBJ-STORE' asset=CLOUD-OBJ-STORE severity=NO_CONFLICT conflict=False label=CONFIRMED DECISION policies=[]
2026-08-21T19:30:17Z | stress_test | decision='migrar DNS-INTERNAL' asset=DNS-INTERNAL severity=NO_CONFLICT conflict=False label=CONFIRMED DECISION policies=[]
2026-08-21T19:30:17Z | stress_test | decision='migrar REGION-LB-EU' asset=REGION-LB-EU severity=NO_CONFLICT conflict=False label=CONFIRMED DECISION policies=[]
2026-08-21T19:30:17Z | stress_test | decision='migrar REGION-LB-US' asset=REGION-LB-US severity=NO_CONFLICT conflict=False label=CONFIRMED DECISION policies=[]
2026-08-21T19:30:17Z | stress_test | decision='migrar GUEST-NETWORK-PORTAL' asset=GUEST-NETWORK-PORTAL severity=NO_CONFLICT conflict=False label=CONFIRMED DECISION policies=[]
2026-08-21T19:30:17Z | stress_test | decision='migrar LEGACY-VPN-EU' asset=LEGACY-VPN-EU severity=NO_CONFLICT conflict=False label=CONFIRMED DECISION policies=[]
2026-08-21T19:30:17Z | stress_test | decision='migrar LEGACY-PKI-01' asset=LEGACY-PKI-01 severity=NO_CONFLICT conflict=False label=CONFIRMED DECISION policies=[]
2026-08-21T19:30:17Z | stress_test | decision='migrar LEGACY-ERP-02' asset=LEGACY-ERP-02 severity=CONFLICT conflict=True label=RECOMMENDED ALTERNATIVE policies=['P003']
2026-08-21T19:30:17Z | stress_test | decision='migrar LEGACY-MANUFACTURING' asset=LEGACY-MANUFACTURING severity=NO_CONFLICT conflict=False label=CONFIRMED DECISION policies=[]
2026-08-21T19:30:17Z | stress_test | decision='migrar LEGACY-RADIUS' asset=LEGACY-RADIUS severity=NO_CONFLICT conflict=False label=CONFIRMED DECISION policies=[]
2026-08-21T19:30:17Z | stress_test | decision='migrar LEGACY-BACKUP-TAPE' asset=LEGACY-BACKUP-TAPE severity=NO_CONFLICT conflict=False label=CONFIRMED DECISION policies=[]
2026-08-21T19:30:17Z | stress_test | decision='migrar GIT-INFRA' asset=GIT-INFRA severity=NO_CONFLICT conflict=False label=CONFIRMED DECISION policies=[]
2026-08-21T19:30:17Z | stress_test | decision='migrar MFG-CONTROL-01' asset=MFG-CONTROL-01 severity=NO_CONFLICT conflict=False label=CONFIRMED DECISION policies=[]
2026-08-21T19:30:17Z | stress_test | decision='migrar PQC-PILOT-DSA' asset=PQC-PILOT-DSA severity=NO_CONFLICT conflict=False label=CONFIRMED DECISION policies=[]
2026-08-21T19:30:17Z | stress_test | decision='migrar PQC-PILOT-KEM' asset=PQC-PILOT-KEM severity=NO_CONFLICT conflict=False label=CONFIRMED DECISION policies=[]
2026-08-21T19:30:17Z | stress_test | decision='migrar ASSET-071' asset=ASSET-071 severity=NO_CONFLICT conflict=False label=CONFIRMED DECISION policies=[]
2026-08-21T19:30:17Z | stress_test | decision='migrar HR-PORTAL' asset=HR-PORTAL severity=NO_CONFLICT conflict=False label=CONFIRMED DECISION policies=[]
2026-08-21T19:30:17Z | stress_test | decision='migrar HR-DATABASE' asset=HR-DATABASE severity=NO_CONFLICT conflict=False label=CONFIRMED DECISION policies=[]
2026-08-21T19:30:17Z | stress_test | decision='migrar CICD-RUNNERS' asset=CICD-RUNNERS severity=NO_CONFLICT conflict=False label=CONFIRMED DECISION policies=[]
2026-08-21T19:30:17Z | stress_test | decision='migrar MONITORING-STACK' asset=MONITORING-STACK severity=NO_CONFLICT conflict=False label=CONFIRMED DECISION policies=[]
2026-08-21T19:30:17Z | stress_test | decision='migrar COLLAB-SUITE' asset=COLLAB-SUITE severity=NO_CONFLICT conflict=False label=CONFIRMED DECISION policies=[]
2026-08-21T19:30:17Z | stress_test | decision='migrar FILE-SHARE-GLOBAL' asset=FILE-SHARE-GLOBAL severity=NO_CONFLICT conflict=False label=CONFIRMED DECISION policies=[]
2026-08-21T19:30:17Z | stress_test | decision='migrar MFG-CONTROL-02' asset=MFG-CONTROL-02 severity=NO_CONFLICT conflict=False label=CONFIRMED DECISION policies=[]
2026-08-21T19:30:17Z | stress_test | decision='migrar SUPPLY-CHAIN-API' asset=SUPPLY-CHAIN-API severity=NO_CONFLICT conflict=False label=CONFIRMED DECISION policies=[]
2026-08-21T19:30:17Z | stress_test | decision='migrar EMAIL-GATEWAY' asset=EMAIL-GATEWAY severity=NO_CONFLICT conflict=False label=CONFIRMED DECISION policies=[]
2026-08-21T19:30:17Z | stress_test | decision='migrar ASSET-MGMT' asset=ASSET-MGMT severity=NO_CONFLICT conflict=False label=CONFIRMED DECISION policies=[]
2026-08-21T19:30:17Z | stress_test | decision='migrar TIME-SYNC' asset=TIME-SYNC severity=NO_CONFLICT conflict=False label=CONFIRMED DECISION policies=[]
2026-08-21T19:30:17Z | stress_test | decision='migrar LAB-WIFI-CONTROLLER' asset=LAB-WIFI-CONTROLLER severity=NO_CONFLICT conflict=False label=CONFIRMED DECISION policies=[]
2026-08-21T19:30:17Z | stress_test | decision='migrar DEMO-ENV-PORTAL' asset=DEMO-ENV-PORTAL severity=NO_CONFLICT conflict=False label=CONFIRMED DECISION policies=[]
2026-08-21T19:30:17Z | stress_test | decision='migrar TRAINING-SIMULATOR' asset=TRAINING-SIMULATOR severity=NO_CONFLICT conflict=False label=CONFIRMED DECISION policies=[]
2026-08-21T19:30:17Z | stress_test | decision='migrar PRINT-SERVER-HQ' asset=PRINT-SERVER-HQ severity=NO_CONFLICT conflict=False label=CONFIRMED DECISION policies=[]
2026-08-21T19:30:17Z | stress_test | decision='migrar ASSET-042' asset=ASSET-042 severity=NO_CONFLICT conflict=False label=CONFIRMED DECISION policies=[]
2026-08-21T19:30:17Z | stress_test | decision='migrar ASSET-057' asset=ASSET-057 severity=NO_CONFLICT conflict=False label=CONFIRMED DECISION policies=[]
2026-08-21T19:30:17Z | stress_test | decision='migrar ASSET-063' asset=ASSET-063 severity=NO_CONFLICT conflict=False label=CONFIRMED DECISION policies=[]
2026-08-21T19:30:17Z | stress_test | decision='migrar APAC-SG' asset=APAC-SG severity=NO_CONFLICT conflict=False label=CONFIRMED DECISION policies=[]
2026-08-21T19:30:17Z | stress_test | decision='migrar NG-07' asset=NG-07 severity=NO_CONFLICT conflict=False label=CONFIRMED DECISION policies=[]
2026-08-21T19:30:17Z | stress_test | decision='migrar MISSION-CONTROL' asset=MISSION-CONTROL severity=CONFLICT conflict=True label=RECOMMENDED ALTERNATIVE policies=['P002', 'P003', 'P008']
2026-08-21T19:30:17Z | stress_test | decision='migrar PAYMENTS-CORE' asset=PAYMENTS-CORE severity=NO_CONFLICT conflict=False label=CONFIRMED DECISION policies=[]
2026-08-21T19:30:17Z | stress_test | decision='migrar FLIGHT-DATA' asset=FLIGHT-DATA severity=NO_CONFLICT conflict=False label=CONFIRMED DECISION policies=[]
2026-08-21T19:30:17Z | stress_test | decision='migrar SECURITY-SIEM' asset=SECURITY-SIEM severity=NO_CONFLICT conflict=False label=CONFIRMED DECISION policies=[]
2026-08-21T19:30:17Z | stress_test | decision='migrar LEGACY-FTP' asset=LEGACY-FTP severity=NO_CONFLICT conflict=False label=CONFIRMED DECISION policies=[]
2026-08-21T19:30:17Z | stress_test | decision='migrar IDENTITY-CORE' asset=IDENTITY-CORE severity=CONFLICT conflict=True label=RECOMMENDED ALTERNATIVE policies=['P003']
2026-08-21T19:30:17Z | stress_test | decision='migrar SSO-GLOBAL' asset=SSO-GLOBAL severity=NO_CONFLICT conflict=False label=CONFIRMED DECISION policies=[]
2026-08-21T19:30:17Z | stress_test | decision='migrar PKI-ROOT' asset=PKI-ROOT severity=NO_CONFLICT conflict=False label=CONFIRMED DECISION policies=[]
2026-08-21T19:30:17Z | stress_test | decision='migrar PKI-INTERMEDIATE' asset=PKI-INTERMEDIATE severity=NO_CONFLICT conflict=False label=CONFIRMED DECISION policies=[]
2026-08-21T19:30:17Z | stress_test | decision='migrar HSM-CLUSTER-US' asset=HSM-CLUSTER-US severity=NO_CONFLICT conflict=False label=CONFIRMED DECISION policies=[]
2026-08-21T19:30:17Z | stress_test | decision='migrar HSM-CLUSTER-EU' asset=HSM-CLUSTER-EU severity=NO_CONFLICT conflict=False label=CONFIRMED DECISION policies=[]
2026-08-21T19:30:17Z | stress_test | decision='migrar PAYMENT-CORE' asset=PAYMENT-CORE severity=NO_CONFLICT conflict=False label=CONFIRMED DECISION policies=[]
2026-08-21T19:30:17Z | stress_test | decision='migrar COMMAND-SIGNING' asset=COMMAND-SIGNING severity=NO_CONFLICT conflict=False label=CONFIRMED DECISION policies=[]
2026-08-21T19:30:17Z | stress_test | decision='migrar SAT-OPS-01' asset=SAT-OPS-01 severity=CONFLICT conflict=True label=RECOMMENDED ALTERNATIVE policies=['P002', 'P008']
2026-08-21T19:30:17Z | stress_test | decision='migrar GROUND-STATION-EU' asset=GROUND-STATION-EU severity=NO_CONFLICT conflict=False label=CONFIRMED DECISION policies=[]
2026-08-21T19:30:17Z | stress_test | decision='migrar CUSTOMER-PORTAL' asset=CUSTOMER-PORTAL severity=CONFLICT conflict=True label=RECOMMENDED ALTERNATIVE policies=['P003']
2026-08-21T19:30:17Z | stress_test | decision='migrar TELEMETRY-BUS' asset=TELEMETRY-BUS severity=NO_CONFLICT conflict=False label=CONFIRMED DECISION policies=[]
2026-08-21T19:30:17Z | stress_test | decision='migrar DATA-LAKE-01' asset=DATA-LAKE-01 severity=NO_CONFLICT conflict=False label=CONFIRMED DECISION policies=[]
2026-08-21T19:30:17Z | stress_test | decision='migrar GROUND-STATION-US' asset=GROUND-STATION-US severity=NO_CONFLICT conflict=False label=CONFIRMED DECISION policies=[]
2026-08-21T19:30:17Z | stress_test | decision='migrar GROUND-STATION-APAC' asset=GROUND-STATION-APAC severity=NO_CONFLICT conflict=False label=CONFIRMED DECISION policies=[]
2026-08-21T19:30:17Z | stress_test | decision='migrar SAT-OPS-02' asset=SAT-OPS-02 severity=NO_CONFLICT conflict=False label=CONFIRMED DECISION policies=[]
2026-08-21T19:30:17Z | stress_test | decision='migrar SAT-COMMS-RELAY' asset=SAT-COMMS-RELAY severity=NO_CONFLICT conflict=False label=CONFIRMED DECISION policies=[]
2026-08-21T19:30:17Z | stress_test | decision='migrar API-GATEWAY-EDGE' asset=API-GATEWAY-EDGE severity=NO_CONFLICT conflict=False label=CONFIRMED DECISION policies=[]
2026-08-21T19:30:17Z | stress_test | decision='migrar API-GATEWAY-INTERNAL' asset=API-GATEWAY-INTERNAL severity=NO_CONFLICT conflict=False label=CONFIRMED DECISION policies=[]
2026-08-21T19:30:17Z | stress_test | decision='migrar IAM-WORKFORCE' asset=IAM-WORKFORCE severity=NO_CONFLICT conflict=False label=CONFIRMED DECISION policies=[]
2026-08-21T19:30:17Z | stress_test | decision='migrar PKI-EXTERNAL-CA' asset=PKI-EXTERNAL-CA severity=NO_CONFLICT conflict=False label=CONFIRMED DECISION policies=[]
2026-08-21T19:30:17Z | stress_test | decision='migrar KMS-CLOUD-PRIMARY' asset=KMS-CLOUD-PRIMARY severity=NO_CONFLICT conflict=False label=CONFIRMED DECISION policies=[]
2026-08-21T19:30:17Z | stress_test | decision='migrar BACKUP-VAULT-01' asset=BACKUP-VAULT-01 severity=NO_CONFLICT conflict=False label=CONFIRMED DECISION policies=[]
2026-08-21T19:30:17Z | stress_test | decision='migrar ERP-FINANCE' asset=ERP-FINANCE severity=NO_CONFLICT conflict=False label=CONFIRMED DECISION policies=[]
2026-08-21T19:30:17Z | stress_test | decision='migrar MOBILE-BANKING-APP' asset=MOBILE-BANKING-APP severity=NO_CONFLICT conflict=False label=CONFIRMED DECISION policies=[]
2026-08-21T19:30:17Z | stress_test | decision='migrar CODE-SIGNING-PROD' asset=CODE-SIGNING-PROD severity=CONFLICT conflict=True label=RECOMMENDED ALTERNATIVE policies=['P003']
2026-08-21T19:30:17Z | stress_test | decision='migrar FIRMWARE-SIGNING' asset=FIRMWARE-SIGNING severity=CONFLICT conflict=True label=RECOMMENDED ALTERNATIVE policies=['P003']
2026-08-21T19:30:17Z | stress_test | decision='migrar SIEM-CORE' asset=SIEM-CORE severity=NO_CONFLICT conflict=False label=CONFIRMED DECISION policies=[]
2026-08-21T19:30:17Z | stress_test | decision='migrar SOC-PLATFORM' asset=SOC-PLATFORM severity=NO_CONFLICT conflict=False label=CONFIRMED DECISION policies=[]
2026-08-21T19:30:17Z | stress_test | decision='migrar LOGGING-PIPELINE' asset=LOGGING-PIPELINE severity=NO_CONFLICT conflict=False label=CONFIRMED DECISION policies=[]
2026-08-21T19:30:17Z | stress_test | decision='migrar VPN-CORP-PRIMARY' asset=VPN-CORP-PRIMARY severity=NO_CONFLICT conflict=False label=CONFIRMED DECISION policies=[]
2026-08-21T19:30:17Z | stress_test | decision='migrar K8S-PROD-US' asset=K8S-PROD-US severity=NO_CONFLICT conflict=False label=CONFIRMED DECISION policies=[]
2026-08-21T19:30:17Z | stress_test | decision='migrar K8S-PROD-EU' asset=K8S-PROD-EU severity=NO_CONFLICT conflict=False label=CONFIRMED DECISION policies=[]
2026-08-21T19:30:17Z | stress_test | decision='migrar DB-MISSION-PRIMARY' asset=DB-MISSION-PRIMARY severity=NO_CONFLICT conflict=False label=CONFIRMED DECISION policies=[]
2026-08-21T19:30:17Z | stress_test | decision='migrar DB-PAYMENTS' asset=DB-PAYMENTS severity=NO_CONFLICT conflict=False label=CONFIRMED DECISION policies=[]
2026-08-21T19:30:17Z | stress_test | decision='migrar CUSTOMER-API' asset=CUSTOMER-API severity=NO_CONFLICT conflict=False label=CONFIRMED DECISION policies=[]
2026-08-21T19:30:17Z | stress_test | decision='migrar SECURE-COMMS-GW' asset=SECURE-COMMS-GW severity=NO_CONFLICT conflict=False label=CONFIRMED DECISION policies=[]
2026-08-21T19:30:17Z | stress_test | decision='migrar LAUNCH-AUTH' asset=LAUNCH-AUTH severity=NO_CONFLICT conflict=False label=CONFIRMED DECISION policies=[]
2026-08-21T19:30:17Z | stress_test | decision='migrar QA-IDENTITY' asset=QA-IDENTITY severity=NO_CONFLICT conflict=False label=CONFIRMED DECISION policies=[]
2026-08-21T19:30:17Z | stress_test | decision='migrar PARTNER-PORTAL' asset=PARTNER-PORTAL severity=NO_CONFLICT conflict=False label=CONFIRMED DECISION policies=[]
2026-08-21T19:30:17Z | stress_test | decision='migrar BILLING-ENGINE' asset=BILLING-ENGINE severity=NO_CONFLICT conflict=False label=CONFIRMED DECISION policies=[]
2026-08-21T19:30:17Z | stress_test | decision='migrar TREASURY-WORKSTATION' asset=TREASURY-WORKSTATION severity=NO_CONFLICT conflict=False label=CONFIRMED DECISION policies=[]
2026-08-21T19:30:17Z | stress_test | decision='migrar TELEMETRY-ARCHIVE' asset=TELEMETRY-ARCHIVE severity=NO_CONFLICT conflict=False label=CONFIRMED DECISION policies=[]
2026-08-21T19:30:17Z | stress_test | decision='migrar DATA-WAREHOUSE' asset=DATA-WAREHOUSE severity=NO_CONFLICT conflict=False label=CONFIRMED DECISION policies=[]
2026-08-21T19:30:17Z | stress_test | decision='migrar DEV-PORTAL' asset=DEV-PORTAL severity=NO_CONFLICT conflict=False label=CONFIRMED DECISION policies=[]
2026-08-21T19:30:17Z | stress_test | decision='migrar STAGING-K8S' asset=STAGING-K8S severity=NO_CONFLICT conflict=False label=CONFIRMED DECISION policies=[]
2026-08-21T19:30:17Z | stress_test | decision='migrar CLOUD-OBJ-STORE' asset=CLOUD-OBJ-STORE severity=NO_CONFLICT conflict=False label=CONFIRMED DECISION policies=[]
2026-08-21T19:30:17Z | stress_test | decision='migrar DNS-INTERNAL' asset=DNS-INTERNAL severity=NO_CONFLICT conflict=False label=CONFIRMED DECISION policies=[]
2026-08-21T19:30:17Z | stress_test | decision='migrar REGION-LB-EU' asset=REGION-LB-EU severity=NO_CONFLICT conflict=False label=CONFIRMED DECISION policies=[]
2026-08-21T19:30:17Z | stress_test | decision='migrar REGION-LB-US' asset=REGION-LB-US severity=NO_CONFLICT conflict=False label=CONFIRMED DECISION policies=[]
2026-08-21T19:30:17Z | stress_test | decision='migrar GUEST-NETWORK-PORTAL' asset=GUEST-NETWORK-PORTAL severity=NO_CONFLICT conflict=False label=CONFIRMED DECISION policies=[]
2026-08-21T19:30:17Z | stress_test | decision='migrar LEGACY-VPN-EU' asset=LEGACY-VPN-EU severity=NO_CONFLICT conflict=False label=CONFIRMED DECISION policies=[]
2026-08-21T19:30:17Z | stress_test | decision='migrar LEGACY-PKI-01' asset=LEGACY-PKI-01 severity=NO_CONFLICT conflict=False label=CONFIRMED DECISION policies=[]
2026-08-21T19:30:17Z | stress_test | decision='migrar LEGACY-ERP-02' asset=LEGACY-ERP-02 severity=CONFLICT conflict=True label=RECOMMENDED ALTERNATIVE policies=['P003']
2026-08-21T19:30:17Z | stress_test | decision='migrar LEGACY-MANUFACTURING' asset=LEGACY-MANUFACTURING severity=NO_CONFLICT conflict=False label=CONFIRMED DECISION policies=[]
2026-08-21T19:30:17Z | stress_test | decision='migrar LEGACY-RADIUS' asset=LEGACY-RADIUS severity=NO_CONFLICT conflict=False label=CONFIRMED DECISION policies=[]
2026-08-21T19:30:17Z | stress_test | decision='migrar LEGACY-BACKUP-TAPE' asset=LEGACY-BACKUP-TAPE severity=NO_CONFLICT conflict=False label=CONFIRMED DECISION policies=[]
2026-08-21T19:30:17Z | stress_test | decision='migrar GIT-INFRA' asset=GIT-INFRA severity=NO_CONFLICT conflict=False label=CONFIRMED DECISION policies=[]
2026-08-21T19:30:17Z | stress_test | decision='migrar MFG-CONTROL-01' asset=MFG-CONTROL-01 severity=NO_CONFLICT conflict=False label=CONFIRMED DECISION policies=[]
2026-08-21T19:30:17Z | stress_test | decision='migrar PQC-PILOT-DSA' asset=PQC-PILOT-DSA severity=NO_CONFLICT conflict=False label=CONFIRMED DECISION policies=[]
2026-08-21T19:30:17Z | stress_test | decision='migrar PQC-PILOT-KEM' asset=PQC-PILOT-KEM severity=NO_CONFLICT conflict=False label=CONFIRMED DECISION policies=[]
2026-08-21T19:30:17Z | stress_test | decision='migrar ASSET-071' asset=ASSET-071 severity=NO_CONFLICT conflict=False label=CONFIRMED DECISION policies=[]
2026-08-21T19:30:17Z | stress_test | decision='migrar HR-PORTAL' asset=HR-PORTAL severity=NO_CONFLICT conflict=False label=CONFIRMED DECISION policies=[]
2026-08-21T19:30:17Z | stress_test | decision='migrar HR-DATABASE' asset=HR-DATABASE severity=NO_CONFLICT conflict=False label=CONFIRMED DECISION policies=[]
2026-08-21T19:30:17Z | stress_test | decision='migrar CICD-RUNNERS' asset=CICD-RUNNERS severity=NO_CONFLICT conflict=False label=CONFIRMED DECISION policies=[]
2026-08-21T19:30:17Z | stress_test | decision='migrar MONITORING-STACK' asset=MONITORING-STACK severity=NO_CONFLICT conflict=False label=CONFIRMED DECISION policies=[]
2026-08-21T19:30:17Z | stress_test | decision='migrar COLLAB-SUITE' asset=COLLAB-SUITE severity=NO_CONFLICT conflict=False label=CONFIRMED DECISION policies=[]
2026-08-21T19:30:17Z | stress_test | decision='migrar FILE-SHARE-GLOBAL' asset=FILE-SHARE-GLOBAL severity=NO_CONFLICT conflict=False label=CONFIRMED DECISION policies=[]
2026-08-21T19:30:17Z | stress_test | decision='migrar MFG-CONTROL-02' asset=MFG-CONTROL-02 severity=NO_CONFLICT conflict=False label=CONFIRMED DECISION policies=[]
2026-08-21T19:30:17Z | stress_test | decision='migrar SUPPLY-CHAIN-API' asset=SUPPLY-CHAIN-API severity=NO_CONFLICT conflict=False label=CONFIRMED DECISION policies=[]
2026-08-21T19:30:17Z | stress_test | decision='migrar EMAIL-GATEWAY' asset=EMAIL-GATEWAY severity=NO_CONFLICT conflict=False label=CONFIRMED DECISION policies=[]
2026-08-21T19:30:17Z | stress_test | decision='migrar ASSET-MGMT' asset=ASSET-MGMT severity=NO_CONFLICT conflict=False label=CONFIRMED DECISION policies=[]
2026-08-21T19:30:17Z | stress_test | decision='migrar TIME-SYNC' asset=TIME-SYNC severity=NO_CONFLICT conflict=False label=CONFIRMED DECISION policies=[]
2026-08-21T19:30:17Z | stress_test | decision='migrar LAB-WIFI-CONTROLLER' asset=LAB-WIFI-CONTROLLER severity=NO_CONFLICT conflict=False label=CONFIRMED DECISION policies=[]
2026-08-21T19:30:17Z | stress_test | decision='migrar DEMO-ENV-PORTAL' asset=DEMO-ENV-PORTAL severity=NO_CONFLICT conflict=False label=CONFIRMED DECISION policies=[]
2026-08-21T19:30:17Z | stress_test | decision='migrar TRAINING-SIMULATOR' asset=TRAINING-SIMULATOR severity=NO_CONFLICT conflict=False label=CONFIRMED DECISION policies=[]
2026-08-21T19:30:17Z | stress_test | decision='migrar PRINT-SERVER-HQ' asset=PRINT-SERVER-HQ severity=NO_CONFLICT conflict=False label=CONFIRMED DECISION policies=[]
2026-08-21T19:30:17Z | stress_test | decision='migrar ASSET-042' asset=ASSET-042 severity=NO_CONFLICT conflict=False label=CONFIRMED DECISION policies=[]
2026-08-21T19:30:17Z | stress_test | decision='migrar ASSET-057' asset=ASSET-057 severity=NO_CONFLICT conflict=False label=CONFIRMED DECISION policies=[]
2026-08-21T19:30:17Z | stress_test | decision='migrar ASSET-063' asset=ASSET-063 severity=NO_CONFLICT conflict=False label=CONFIRMED DECISION policies=[]
2026-08-21T19:30:17Z | stress_test | decision='migrar APAC-SG' asset=APAC-SG severity=NO_CONFLICT conflict=False label=CONFIRMED DECISION policies=[]
2026-08-21T19:30:17Z | stress_test | decision='migrar NG-07' asset=NG-07 severity=NO_CONFLICT conflict=False label=CONFIRMED DECISION policies=[]
2026-08-21T19:30:17Z | stress_test | decision='migrar MISSION-CONTROL' asset=MISSION-CONTROL severity=CONFLICT conflict=True label=RECOMMENDED ALTERNATIVE policies=['P002', 'P003', 'P008']
2026-08-21T19:30:17Z | stress_test | decision='migrar PAYMENTS-CORE' asset=PAYMENTS-CORE severity=NO_CONFLICT conflict=False label=CONFIRMED DECISION policies=[]
2026-08-21T19:30:17Z | stress_test | decision='migrar FLIGHT-DATA' asset=FLIGHT-DATA severity=NO_CONFLICT conflict=False label=CONFIRMED DECISION policies=[]
2026-08-21T19:30:17Z | stress_test | decision='migrar SECURITY-SIEM' asset=SECURITY-SIEM severity=NO_CONFLICT conflict=False label=CONFIRMED DECISION policies=[]
2026-08-21T19:30:17Z | stress_test | decision='migrar LEGACY-FTP' asset=LEGACY-FTP severity=NO_CONFLICT conflict=False label=CONFIRMED DECISION policies=[]
2026-08-21T19:30:18Z | stress_test | decision='migrar IDENTITY-CORE' asset=IDENTITY-CORE severity=CONFLICT conflict=True label=RECOMMENDED ALTERNATIVE policies=['P003']
2026-08-21T19:30:18Z | stress_test | decision='migrar SSO-GLOBAL' asset=SSO-GLOBAL severity=NO_CONFLICT conflict=False label=CONFIRMED DECISION policies=[]
2026-08-21T19:30:18Z | stress_test | decision='migrar PKI-ROOT' asset=PKI-ROOT severity=NO_CONFLICT conflict=False label=CONFIRMED DECISION policies=[]
2026-08-21T19:30:18Z | stress_test | decision='migrar PKI-INTERMEDIATE' asset=PKI-INTERMEDIATE severity=NO_CONFLICT conflict=False label=CONFIRMED DECISION policies=[]
2026-08-21T19:30:18Z | stress_test | decision='migrar HSM-CLUSTER-US' asset=HSM-CLUSTER-US severity=NO_CONFLICT conflict=False label=CONFIRMED DECISION policies=[]
2026-08-21T19:30:18Z | stress_test | decision='migrar HSM-CLUSTER-EU' asset=HSM-CLUSTER-EU severity=NO_CONFLICT conflict=False label=CONFIRMED DECISION policies=[]
2026-08-21T19:30:18Z | stress_test | decision='migrar PAYMENT-CORE' asset=PAYMENT-CORE severity=NO_CONFLICT conflict=False label=CONFIRMED DECISION policies=[]
2026-08-21T19:30:18Z | stress_test | decision='migrar COMMAND-SIGNING' asset=COMMAND-SIGNING severity=NO_CONFLICT conflict=False label=CONFIRMED DECISION policies=[]
2026-08-21T19:30:18Z | stress_test | decision='migrar SAT-OPS-01' asset=SAT-OPS-01 severity=CONFLICT conflict=True label=RECOMMENDED ALTERNATIVE policies=['P002', 'P008']
2026-08-21T19:30:18Z | stress_test | decision='migrar GROUND-STATION-EU' asset=GROUND-STATION-EU severity=NO_CONFLICT conflict=False label=CONFIRMED DECISION policies=[]
2026-08-21T19:30:18Z | stress_test | decision='migrar CUSTOMER-PORTAL' asset=CUSTOMER-PORTAL severity=CONFLICT conflict=True label=RECOMMENDED ALTERNATIVE policies=['P003']
2026-08-21T19:30:18Z | stress_test | decision='migrar TELEMETRY-BUS' asset=TELEMETRY-BUS severity=NO_CONFLICT conflict=False label=CONFIRMED DECISION policies=[]
2026-08-21T19:30:18Z | stress_test | decision='migrar DATA-LAKE-01' asset=DATA-LAKE-01 severity=NO_CONFLICT conflict=False label=CONFIRMED DECISION policies=[]
2026-08-21T19:30:18Z | stress_test | decision='migrar GROUND-STATION-US' asset=GROUND-STATION-US severity=NO_CONFLICT conflict=False label=CONFIRMED DECISION policies=[]
2026-08-21T19:30:18Z | stress_test | decision='migrar GROUND-STATION-APAC' asset=GROUND-STATION-APAC severity=NO_CONFLICT conflict=False label=CONFIRMED DECISION policies=[]
2026-08-21T19:30:18Z | stress_test | decision='migrar SAT-OPS-02' asset=SAT-OPS-02 severity=NO_CONFLICT conflict=False label=CONFIRMED DECISION policies=[]
2026-08-21T19:30:18Z | stress_test | decision='migrar SAT-COMMS-RELAY' asset=SAT-COMMS-RELAY severity=NO_CONFLICT conflict=False label=CONFIRMED DECISION policies=[]
2026-08-21T19:30:18Z | stress_test | decision='migrar API-GATEWAY-EDGE' asset=API-GATEWAY-EDGE severity=NO_CONFLICT conflict=False label=CONFIRMED DECISION policies=[]
2026-08-21T19:30:18Z | stress_test | decision='migrar API-GATEWAY-INTERNAL' asset=API-GATEWAY-INTERNAL severity=NO_CONFLICT conflict=False label=CONFIRMED DECISION policies=[]
2026-08-21T19:30:18Z | stress_test | decision='migrar IAM-WORKFORCE' asset=IAM-WORKFORCE severity=NO_CONFLICT conflict=False label=CONFIRMED DECISION policies=[]
2026-08-21T19:30:18Z | stress_test | decision='migrar PKI-EXTERNAL-CA' asset=PKI-EXTERNAL-CA severity=NO_CONFLICT conflict=False label=CONFIRMED DECISION policies=[]
2026-08-21T19:30:18Z | stress_test | decision='migrar KMS-CLOUD-PRIMARY' asset=KMS-CLOUD-PRIMARY severity=NO_CONFLICT conflict=False label=CONFIRMED DECISION policies=[]
2026-08-21T19:30:18Z | stress_test | decision='migrar BACKUP-VAULT-01' asset=BACKUP-VAULT-01 severity=NO_CONFLICT conflict=False label=CONFIRMED DECISION policies=[]
2026-08-21T19:30:18Z | stress_test | decision='migrar ERP-FINANCE' asset=ERP-FINANCE severity=NO_CONFLICT conflict=False label=CONFIRMED DECISION policies=[]
2026-08-21T19:30:18Z | stress_test | decision='migrar MOBILE-BANKING-APP' asset=MOBILE-BANKING-APP severity=NO_CONFLICT conflict=False label=CONFIRMED DECISION policies=[]
2026-08-21T19:30:18Z | stress_test | decision='migrar CODE-SIGNING-PROD' asset=CODE-SIGNING-PROD severity=CONFLICT conflict=True label=RECOMMENDED ALTERNATIVE policies=['P003']
2026-08-21T19:30:18Z | stress_test | decision='migrar FIRMWARE-SIGNING' asset=FIRMWARE-SIGNING severity=CONFLICT conflict=True label=RECOMMENDED ALTERNATIVE policies=['P003']
2026-08-21T19:30:18Z | stress_test | decision='migrar SIEM-CORE' asset=SIEM-CORE severity=NO_CONFLICT conflict=False label=CONFIRMED DECISION policies=[]
2026-08-21T19:30:18Z | stress_test | decision='migrar SOC-PLATFORM' asset=SOC-PLATFORM severity=NO_CONFLICT conflict=False label=CONFIRMED DECISION policies=[]
2026-08-21T19:30:18Z | stress_test | decision='migrar LOGGING-PIPELINE' asset=LOGGING-PIPELINE severity=NO_CONFLICT conflict=False label=CONFIRMED DECISION policies=[]
2026-08-21T19:30:18Z | stress_test | decision='migrar VPN-CORP-PRIMARY' asset=VPN-CORP-PRIMARY severity=NO_CONFLICT conflict=False label=CONFIRMED DECISION policies=[]
2026-08-21T19:30:18Z | stress_test | decision='migrar K8S-PROD-US' asset=K8S-PROD-US severity=NO_CONFLICT conflict=False label=CONFIRMED DECISION policies=[]
2026-08-21T19:30:18Z | stress_test | decision='migrar K8S-PROD-EU' asset=K8S-PROD-EU severity=NO_CONFLICT conflict=False label=CONFIRMED DECISION policies=[]
2026-08-21T19:30:18Z | stress_test | decision='migrar DB-MISSION-PRIMARY' asset=DB-MISSION-PRIMARY severity=NO_CONFLICT conflict=False label=CONFIRMED DECISION policies=[]
2026-08-21T19:30:18Z | stress_test | decision='migrar DB-PAYMENTS' asset=DB-PAYMENTS severity=NO_CONFLICT conflict=False label=CONFIRMED DECISION policies=[]
2026-08-21T19:30:18Z | stress_test | decision='migrar CUSTOMER-API' asset=CUSTOMER-API severity=NO_CONFLICT conflict=False label=CONFIRMED DECISION policies=[]
2026-08-21T19:30:18Z | stress_test | decision='migrar SECURE-COMMS-GW' asset=SECURE-COMMS-GW severity=NO_CONFLICT conflict=False label=CONFIRMED DECISION policies=[]
2026-08-21T19:30:18Z | stress_test | decision='migrar LAUNCH-AUTH' asset=LAUNCH-AUTH severity=NO_CONFLICT conflict=False label=CONFIRMED DECISION policies=[]
2026-08-21T19:30:18Z | stress_test | decision='migrar QA-IDENTITY' asset=QA-IDENTITY severity=NO_CONFLICT conflict=False label=CONFIRMED DECISION policies=[]
2026-08-21T19:30:18Z | stress_test | decision='migrar PARTNER-PORTAL' asset=PARTNER-PORTAL severity=NO_CONFLICT conflict=False label=CONFIRMED DECISION policies=[]
2026-08-21T19:30:18Z | stress_test | decision='migrar BILLING-ENGINE' asset=BILLING-ENGINE severity=NO_CONFLICT conflict=False label=CONFIRMED DECISION policies=[]
2026-08-21T19:30:18Z | stress_test | decision='migrar TREASURY-WORKSTATION' asset=TREASURY-WORKSTATION severity=NO_CONFLICT conflict=False label=CONFIRMED DECISION policies=[]
2026-08-21T19:30:18Z | stress_test | decision='migrar TELEMETRY-ARCHIVE' asset=TELEMETRY-ARCHIVE severity=NO_CONFLICT conflict=False label=CONFIRMED DECISION policies=[]
2026-08-21T19:30:18Z | stress_test | decision='migrar DATA-WAREHOUSE' asset=DATA-WAREHOUSE severity=NO_CONFLICT conflict=False label=CONFIRMED DECISION policies=[]
2026-08-21T19:30:18Z | stress_test | decision='migrar DEV-PORTAL' asset=DEV-PORTAL severity=NO_CONFLICT conflict=False label=CONFIRMED DECISION policies=[]
2026-08-21T19:30:18Z | stress_test | decision='migrar STAGING-K8S' asset=STAGING-K8S severity=NO_CONFLICT conflict=False label=CONFIRMED DECISION policies=[]
2026-08-21T19:30:18Z | stress_test | decision='migrar CLOUD-OBJ-STORE' asset=CLOUD-OBJ-STORE severity=NO_CONFLICT conflict=False label=CONFIRMED DECISION policies=[]
2026-08-21T19:30:18Z | stress_test | decision='migrar DNS-INTERNAL' asset=DNS-INTERNAL severity=NO_CONFLICT conflict=False label=CONFIRMED DECISION policies=[]
2026-08-21T19:30:18Z | stress_test | decision='migrar REGION-LB-EU' asset=REGION-LB-EU severity=NO_CONFLICT conflict=False label=CONFIRMED DECISION policies=[]
2026-08-21T19:30:18Z | stress_test | decision='migrar REGION-LB-US' asset=REGION-LB-US severity=NO_CONFLICT conflict=False label=CONFIRMED DECISION policies=[]
2026-08-21T19:30:18Z | stress_test | decision='migrar GUEST-NETWORK-PORTAL' asset=GUEST-NETWORK-PORTAL severity=NO_CONFLICT conflict=False label=CONFIRMED DECISION policies=[]
2026-08-21T19:30:18Z | stress_test | decision='migrar LEGACY-VPN-EU' asset=LEGACY-VPN-EU severity=NO_CONFLICT conflict=False label=CONFIRMED DECISION policies=[]
2026-08-21T19:30:18Z | stress_test | decision='migrar LEGACY-PKI-01' asset=LEGACY-PKI-01 severity=NO_CONFLICT conflict=False label=CONFIRMED DECISION policies=[]
2026-08-21T19:30:18Z | stress_test | decision='migrar LEGACY-ERP-02' asset=LEGACY-ERP-02 severity=CONFLICT conflict=True label=RECOMMENDED ALTERNATIVE policies=['P003']
2026-08-21T19:30:18Z | stress_test | decision='migrar LEGACY-MANUFACTURING' asset=LEGACY-MANUFACTURING severity=NO_CONFLICT conflict=False label=CONFIRMED DECISION policies=[]
2026-08-21T19:30:18Z | stress_test | decision='migrar LEGACY-RADIUS' asset=LEGACY-RADIUS severity=NO_CONFLICT conflict=False label=CONFIRMED DECISION policies=[]
2026-08-21T19:30:18Z | stress_test | decision='migrar LEGACY-BACKUP-TAPE' asset=LEGACY-BACKUP-TAPE severity=NO_CONFLICT conflict=False label=CONFIRMED DECISION policies=[]
2026-08-21T19:30:18Z | stress_test | decision='migrar GIT-INFRA' asset=GIT-INFRA severity=NO_CONFLICT conflict=False label=CONFIRMED DECISION policies=[]
2026-08-21T19:30:18Z | stress_test | decision='migrar MFG-CONTROL-01' asset=MFG-CONTROL-01 severity=NO_CONFLICT conflict=False label=CONFIRMED DECISION policies=[]
2026-08-21T19:30:18Z | stress_test | decision='migrar PQC-PILOT-DSA' asset=PQC-PILOT-DSA severity=NO_CONFLICT conflict=False label=CONFIRMED DECISION policies=[]
2026-08-21T19:30:18Z | stress_test | decision='migrar PQC-PILOT-KEM' asset=PQC-PILOT-KEM severity=NO_CONFLICT conflict=False label=CONFIRMED DECISION policies=[]
2026-08-21T19:30:18Z | stress_test | decision='migrar ASSET-071' asset=ASSET-071 severity=NO_CONFLICT conflict=False label=CONFIRMED DECISION policies=[]
2026-08-21T19:30:18Z | stress_test | decision='migrar HR-PORTAL' asset=HR-PORTAL severity=NO_CONFLICT conflict=False label=CONFIRMED DECISION policies=[]
2026-08-21T19:30:18Z | stress_test | decision='migrar HR-DATABASE' asset=HR-DATABASE severity=NO_CONFLICT conflict=False label=CONFIRMED DECISION policies=[]
2026-08-21T19:30:18Z | stress_test | decision='migrar CICD-RUNNERS' asset=CICD-RUNNERS severity=NO_CONFLICT conflict=False label=CONFIRMED DECISION policies=[]
2026-08-21T19:30:18Z | stress_test | decision='migrar MONITORING-STACK' asset=MONITORING-STACK severity=NO_CONFLICT conflict=False label=CONFIRMED DECISION policies=[]
2026-08-21T19:30:18Z | stress_test | decision='migrar COLLAB-SUITE' asset=COLLAB-SUITE severity=NO_CONFLICT conflict=False label=CONFIRMED DECISION policies=[]
2026-08-21T19:30:18Z | stress_test | decision='migrar FILE-SHARE-GLOBAL' asset=FILE-SHARE-GLOBAL severity=NO_CONFLICT conflict=False label=CONFIRMED DECISION policies=[]
2026-08-21T19:30:18Z | stress_test | decision='migrar MFG-CONTROL-02' asset=MFG-CONTROL-02 severity=NO_CONFLICT conflict=False label=CONFIRMED DECISION policies=[]
2026-08-21T19:30:18Z | stress_test | decision='migrar SUPPLY-CHAIN-API' asset=SUPPLY-CHAIN-API severity=NO_CONFLICT conflict=False label=CONFIRMED DECISION policies=[]
2026-08-21T19:30:18Z | stress_test | decision='migrar EMAIL-GATEWAY' asset=EMAIL-GATEWAY severity=NO_CONFLICT conflict=False label=CONFIRMED DECISION policies=[]
2026-08-21T19:30:18Z | stress_test | decision='migrar ASSET-MGMT' asset=ASSET-MGMT severity=NO_CONFLICT conflict=False label=CONFIRMED DECISION policies=[]
2026-08-21T19:30:18Z | stress_test | decision='migrar TIME-SYNC' asset=TIME-SYNC severity=NO_CONFLICT conflict=False label=CONFIRMED DECISION policies=[]
2026-08-21T19:30:18Z | stress_test | decision='migrar LAB-WIFI-CONTROLLER' asset=LAB-WIFI-CONTROLLER severity=NO_CONFLICT conflict=False label=CONFIRMED DECISION policies=[]
2026-08-21T19:30:18Z | stress_test | decision='migrar DEMO-ENV-PORTAL' asset=DEMO-ENV-PORTAL severity=NO_CONFLICT conflict=False label=CONFIRMED DECISION policies=[]
2026-08-21T19:30:18Z | stress_test | decision='migrar TRAINING-SIMULATOR' asset=TRAINING-SIMULATOR severity=NO_CONFLICT conflict=False label=CONFIRMED DECISION policies=[]
2026-08-21T19:30:18Z | stress_test | decision='migrar PRINT-SERVER-HQ' asset=PRINT-SERVER-HQ severity=NO_CONFLICT conflict=False label=CONFIRMED DECISION policies=[]
2026-08-21T19:30:18Z | stress_test | decision='migrar ASSET-042' asset=ASSET-042 severity=NO_CONFLICT conflict=False label=CONFIRMED DECISION policies=[]
2026-08-21T19:30:18Z | stress_test | decision='migrar ASSET-057' asset=ASSET-057 severity=NO_CONFLICT conflict=False label=CONFIRMED DECISION policies=[]
2026-08-21T19:30:18Z | stress_test | decision='migrar ASSET-063' asset=ASSET-063 severity=NO_CONFLICT conflict=False label=CONFIRMED DECISION policies=[]
2026-08-21T19:30:18Z | stress_test | decision='migrar APAC-SG' asset=APAC-SG severity=NO_CONFLICT conflict=False label=CONFIRMED DECISION policies=[]
2026-08-21T19:30:18Z | stress_test | decision='migrar NG-07' asset=NG-07 severity=NO_CONFLICT conflict=False label=CONFIRMED DECISION policies=[]
2026-08-21T19:30:18Z | stress_test | decision='migrar MISSION-CONTROL' asset=MISSION-CONTROL severity=CONFLICT conflict=True label=RECOMMENDED ALTERNATIVE policies=['P002', 'P003', 'P008']
2026-08-21T19:30:18Z | stress_test | decision='migrar PAYMENTS-CORE' asset=PAYMENTS-CORE severity=NO_CONFLICT conflict=False label=CONFIRMED DECISION policies=[]
2026-08-21T19:30:18Z | stress_test | decision='migrar FLIGHT-DATA' asset=FLIGHT-DATA severity=NO_CONFLICT conflict=False label=CONFIRMED DECISION policies=[]
2026-08-21T19:30:18Z | stress_test | decision='migrar SECURITY-SIEM' asset=SECURITY-SIEM severity=NO_CONFLICT conflict=False label=CONFIRMED DECISION policies=[]
2026-08-21T19:30:18Z | stress_test | decision='migrar LEGACY-FTP' asset=LEGACY-FTP severity=NO_CONFLICT conflict=False label=CONFIRMED DECISION policies=[]
2026-08-21T19:30:18Z | stress_test | decision='migrar IDENTITY-CORE' asset=IDENTITY-CORE severity=CONFLICT conflict=True label=RECOMMENDED ALTERNATIVE policies=['P003']
2026-08-21T19:30:18Z | stress_test | decision='migrar SSO-GLOBAL' asset=SSO-GLOBAL severity=NO_CONFLICT conflict=False label=CONFIRMED DECISION policies=[]
2026-08-21T19:30:18Z | stress_test | decision='migrar PKI-ROOT' asset=PKI-ROOT severity=NO_CONFLICT conflict=False label=CONFIRMED DECISION policies=[]
2026-08-21T19:30:18Z | stress_test | decision='migrar PKI-INTERMEDIATE' asset=PKI-INTERMEDIATE severity=NO_CONFLICT conflict=False label=CONFIRMED DECISION policies=[]
2026-08-21T19:30:18Z | stress_test | decision='migrar HSM-CLUSTER-US' asset=HSM-CLUSTER-US severity=NO_CONFLICT conflict=False label=CONFIRMED DECISION policies=[]
2026-08-21T19:30:18Z | stress_test | decision='migrar HSM-CLUSTER-EU' asset=HSM-CLUSTER-EU severity=NO_CONFLICT conflict=False label=CONFIRMED DECISION policies=[]
2026-08-21T19:30:18Z | stress_test | decision='migrar PAYMENT-CORE' asset=PAYMENT-CORE severity=NO_CONFLICT conflict=False label=CONFIRMED DECISION policies=[]
2026-08-21T19:30:18Z | stress_test | decision='migrar COMMAND-SIGNING' asset=COMMAND-SIGNING severity=NO_CONFLICT conflict=False label=CONFIRMED DECISION policies=[]
2026-08-21T19:30:18Z | stress_test | decision='migrar SAT-OPS-01' asset=SAT-OPS-01 severity=CONFLICT conflict=True label=RECOMMENDED ALTERNATIVE policies=['P002', 'P008']
2026-08-21T19:30:18Z | stress_test | decision='migrar GROUND-STATION-EU' asset=GROUND-STATION-EU severity=NO_CONFLICT conflict=False label=CONFIRMED DECISION policies=[]
2026-08-21T19:30:18Z | stress_test | decision='migrar CUSTOMER-PORTAL' asset=CUSTOMER-PORTAL severity=CONFLICT conflict=True label=RECOMMENDED ALTERNATIVE policies=['P003']
2026-08-21T19:30:18Z | stress_test | decision='migrar TELEMETRY-BUS' asset=TELEMETRY-BUS severity=NO_CONFLICT conflict=False label=CONFIRMED DECISION policies=[]
2026-08-21T19:30:18Z | stress_test | decision='migrar DATA-LAKE-01' asset=DATA-LAKE-01 severity=NO_CONFLICT conflict=False label=CONFIRMED DECISION policies=[]
2026-08-21T19:30:18Z | stress_test | decision='migrar GROUND-STATION-US' asset=GROUND-STATION-US severity=NO_CONFLICT conflict=False label=CONFIRMED DECISION policies=[]
2026-08-21T19:30:18Z | stress_test | decision='migrar GROUND-STATION-APAC' asset=GROUND-STATION-APAC severity=NO_CONFLICT conflict=False label=CONFIRMED DECISION policies=[]
2026-08-21T19:30:18Z | stress_test | decision='migrar SAT-OPS-02' asset=SAT-OPS-02 severity=NO_CONFLICT conflict=False label=CONFIRMED DECISION policies=[]
2026-08-21T19:30:18Z | stress_test | decision='migrar SAT-COMMS-RELAY' asset=SAT-COMMS-RELAY severity=NO_CONFLICT conflict=False label=CONFIRMED DECISION policies=[]
2026-08-21T19:30:18Z | stress_test | decision='migrar API-GATEWAY-EDGE' asset=API-GATEWAY-EDGE severity=NO_CONFLICT conflict=False label=CONFIRMED DECISION policies=[]
2026-08-21T19:30:18Z | stress_test | decision='migrar API-GATEWAY-INTERNAL' asset=API-GATEWAY-INTERNAL severity=NO_CONFLICT conflict=False label=CONFIRMED DECISION policies=[]
2026-08-21T19:30:18Z | stress_test | decision='migrar IAM-WORKFORCE' asset=IAM-WORKFORCE severity=NO_CONFLICT conflict=False label=CONFIRMED DECISION policies=[]
2026-08-21T19:30:18Z | stress_test | decision='migrar PKI-EXTERNAL-CA' asset=PKI-EXTERNAL-CA severity=NO_CONFLICT conflict=False label=CONFIRMED DECISION policies=[]
2026-08-21T19:30:18Z | stress_test | decision='migrar KMS-CLOUD-PRIMARY' asset=KMS-CLOUD-PRIMARY severity=NO_CONFLICT conflict=False label=CONFIRMED DECISION policies=[]
2026-08-21T19:30:18Z | stress_test | decision='migrar BACKUP-VAULT-01' asset=BACKUP-VAULT-01 severity=NO_CONFLICT conflict=False label=CONFIRMED DECISION policies=[]
2026-08-21T19:30:18Z | stress_test | decision='migrar ERP-FINANCE' asset=ERP-FINANCE severity=NO_CONFLICT conflict=False label=CONFIRMED DECISION policies=[]
2026-08-21T19:30:18Z | stress_test | decision='migrar MOBILE-BANKING-APP' asset=MOBILE-BANKING-APP severity=NO_CONFLICT conflict=False label=CONFIRMED DECISION policies=[]
2026-08-21T19:30:18Z | stress_test | decision='migrar CODE-SIGNING-PROD' asset=CODE-SIGNING-PROD severity=CONFLICT conflict=True label=RECOMMENDED ALTERNATIVE policies=['P003']
2026-08-21T19:30:18Z | stress_test | decision='migrar FIRMWARE-SIGNING' asset=FIRMWARE-SIGNING severity=CONFLICT conflict=True label=RECOMMENDED ALTERNATIVE policies=['P003']
2026-08-21T19:30:18Z | stress_test | decision='migrar SIEM-CORE' asset=SIEM-CORE severity=NO_CONFLICT conflict=False label=CONFIRMED DECISION policies=[]
2026-08-21T19:30:18Z | stress_test | decision='migrar SOC-PLATFORM' asset=SOC-PLATFORM severity=NO_CONFLICT conflict=False label=CONFIRMED DECISION policies=[]
2026-08-21T19:30:18Z | stress_test | decision='migrar LOGGING-PIPELINE' asset=LOGGING-PIPELINE severity=NO_CONFLICT conflict=False label=CONFIRMED DECISION policies=[]
2026-08-21T19:30:18Z | stress_test | decision='migrar VPN-CORP-PRIMARY' asset=VPN-CORP-PRIMARY severity=NO_CONFLICT conflict=False label=CONFIRMED DECISION policies=[]
2026-08-21T19:30:18Z | stress_test | decision='migrar K8S-PROD-US' asset=K8S-PROD-US severity=NO_CONFLICT conflict=False label=CONFIRMED DECISION policies=[]
2026-08-21T19:30:18Z | stress_test | decision='migrar K8S-PROD-EU' asset=K8S-PROD-EU severity=NO_CONFLICT conflict=False label=CONFIRMED DECISION policies=[]
2026-08-21T19:30:18Z | stress_test | decision='migrar DB-MISSION-PRIMARY' asset=DB-MISSION-PRIMARY severity=NO_CONFLICT conflict=False label=CONFIRMED DECISION policies=[]
2026-08-21T19:30:18Z | stress_test | decision='migrar DB-PAYMENTS' asset=DB-PAYMENTS severity=NO_CONFLICT conflict=False label=CONFIRMED DECISION policies=[]
2026-08-21T19:30:18Z | stress_test | decision='migrar CUSTOMER-API' asset=CUSTOMER-API severity=NO_CONFLICT conflict=False label=CONFIRMED DECISION policies=[]
2026-08-21T19:30:18Z | stress_test | decision='migrar SECURE-COMMS-GW' asset=SECURE-COMMS-GW severity=NO_CONFLICT conflict=False label=CONFIRMED DECISION policies=[]
2026-08-21T19:30:18Z | stress_test | decision='migrar LAUNCH-AUTH' asset=LAUNCH-AUTH severity=NO_CONFLICT conflict=False label=CONFIRMED DECISION policies=[]
2026-08-21T19:30:18Z | stress_test | decision='migrar QA-IDENTITY' asset=QA-IDENTITY severity=NO_CONFLICT conflict=False label=CONFIRMED DECISION policies=[]
2026-08-21T19:30:18Z | stress_test | decision='migrar PARTNER-PORTAL' asset=PARTNER-PORTAL severity=NO_CONFLICT conflict=False label=CONFIRMED DECISION policies=[]
2026-08-21T19:30:18Z | stress_test | decision='migrar BILLING-ENGINE' asset=BILLING-ENGINE severity=NO_CONFLICT conflict=False label=CONFIRMED DECISION policies=[]
2026-08-21T19:30:18Z | stress_test | decision='migrar TREASURY-WORKSTATION' asset=TREASURY-WORKSTATION severity=NO_CONFLICT conflict=False label=CONFIRMED DECISION policies=[]
2026-08-21T19:30:18Z | stress_test | decision='migrar TELEMETRY-ARCHIVE' asset=TELEMETRY-ARCHIVE severity=NO_CONFLICT conflict=False label=CONFIRMED DECISION policies=[]
2026-08-21T19:30:18Z | stress_test | decision='migrar DATA-WAREHOUSE' asset=DATA-WAREHOUSE severity=NO_CONFLICT conflict=False label=CONFIRMED DECISION policies=[]
2026-08-21T19:30:18Z | stress_test | decision='migrar DEV-PORTAL' asset=DEV-PORTAL severity=NO_CONFLICT conflict=False label=CONFIRMED DECISION policies=[]
2026-08-21T19:30:18Z | stress_test | decision='migrar STAGING-K8S' asset=STAGING-K8S severity=NO_CONFLICT conflict=False label=CONFIRMED DECISION policies=[]
2026-08-21T19:30:18Z | stress_test | decision='migrar CLOUD-OBJ-STORE' asset=CLOUD-OBJ-STORE severity=NO_CONFLICT conflict=False label=CONFIRMED DECISION policies=[]
2026-08-21T19:30:18Z | stress_test | decision='migrar DNS-INTERNAL' asset=DNS-INTERNAL severity=NO_CONFLICT conflict=False label=CONFIRMED DECISION policies=[]
2026-08-21T19:30:18Z | stress_test | decision='migrar REGION-LB-EU' asset=REGION-LB-EU severity=NO_CONFLICT conflict=False label=CONFIRMED DECISION policies=[]
2026-08-21T19:30:18Z | stress_test | decision='migrar REGION-LB-US' asset=REGION-LB-US severity=NO_CONFLICT conflict=False label=CONFIRMED DECISION policies=[]
2026-08-21T19:30:18Z | stress_test | decision='migrar GUEST-NETWORK-PORTAL' asset=GUEST-NETWORK-PORTAL severity=NO_CONFLICT conflict=False label=CONFIRMED DECISION policies=[]
2026-08-21T19:30:18Z | stress_test | decision='migrar LEGACY-VPN-EU' asset=LEGACY-VPN-EU severity=NO_CONFLICT conflict=False label=CONFIRMED DECISION policies=[]
2026-08-21T19:30:18Z | stress_test | decision='migrar LEGACY-PKI-01' asset=LEGACY-PKI-01 severity=NO_CONFLICT conflict=False label=CONFIRMED DECISION policies=[]
2026-08-21T19:30:18Z | stress_test | decision='migrar LEGACY-ERP-02' asset=LEGACY-ERP-02 severity=CONFLICT conflict=True label=RECOMMENDED ALTERNATIVE policies=['P003']
2026-08-21T19:30:18Z | stress_test | decision='migrar LEGACY-MANUFACTURING' asset=LEGACY-MANUFACTURING severity=NO_CONFLICT conflict=False label=CONFIRMED DECISION policies=[]
2026-08-21T19:30:18Z | stress_test | decision='migrar LEGACY-RADIUS' asset=LEGACY-RADIUS severity=NO_CONFLICT conflict=False label=CONFIRMED DECISION policies=[]
2026-08-21T19:30:18Z | stress_test | decision='migrar LEGACY-BACKUP-TAPE' asset=LEGACY-BACKUP-TAPE severity=NO_CONFLICT conflict=False label=CONFIRMED DECISION policies=[]
2026-08-21T19:30:18Z | stress_test | decision='migrar GIT-INFRA' asset=GIT-INFRA severity=NO_CONFLICT conflict=False label=CONFIRMED DECISION policies=[]
2026-08-21T19:30:18Z | stress_test | decision='migrar MFG-CONTROL-01' asset=MFG-CONTROL-01 severity=NO_CONFLICT conflict=False label=CONFIRMED DECISION policies=[]
2026-08-21T19:30:18Z | stress_test | decision='migrar PQC-PILOT-DSA' asset=PQC-PILOT-DSA severity=NO_CONFLICT conflict=False label=CONFIRMED DECISION policies=[]
2026-08-21T19:30:18Z | stress_test | decision='migrar PQC-PILOT-KEM' asset=PQC-PILOT-KEM severity=NO_CONFLICT conflict=False label=CONFIRMED DECISION policies=[]
2026-08-21T19:30:18Z | stress_test | decision='migrar ASSET-071' asset=ASSET-071 severity=NO_CONFLICT conflict=False label=CONFIRMED DECISION policies=[]
2026-08-21T19:30:18Z | stress_test | decision='migrar HR-PORTAL' asset=HR-PORTAL severity=NO_CONFLICT conflict=False label=CONFIRMED DECISION policies=[]
2026-08-21T19:30:18Z | stress_test | decision='migrar HR-DATABASE' asset=HR-DATABASE severity=NO_CONFLICT conflict=False label=CONFIRMED DECISION policies=[]
2026-08-21T19:30:18Z | stress_test | decision='migrar CICD-RUNNERS' asset=CICD-RUNNERS severity=NO_CONFLICT conflict=False label=CONFIRMED DECISION policies=[]
2026-08-21T19:30:18Z | stress_test | decision='migrar MONITORING-STACK' asset=MONITORING-STACK severity=NO_CONFLICT conflict=False label=CONFIRMED DECISION policies=[]
2026-08-21T19:30:18Z | stress_test | decision='migrar COLLAB-SUITE' asset=COLLAB-SUITE severity=NO_CONFLICT conflict=False label=CONFIRMED DECISION policies=[]
2026-08-21T19:30:18Z | stress_test | decision='migrar FILE-SHARE-GLOBAL' asset=FILE-SHARE-GLOBAL severity=NO_CONFLICT conflict=False label=CONFIRMED DECISION policies=[]
2026-08-21T19:30:18Z | stress_test | decision='migrar MFG-CONTROL-02' asset=MFG-CONTROL-02 severity=NO_CONFLICT conflict=False label=CONFIRMED DECISION policies=[]
2026-08-21T19:30:18Z | stress_test | decision='migrar SUPPLY-CHAIN-API' asset=SUPPLY-CHAIN-API severity=NO_CONFLICT conflict=False label=CONFIRMED DECISION policies=[]
2026-08-21T19:30:18Z | stress_test | decision='migrar EMAIL-GATEWAY' asset=EMAIL-GATEWAY severity=NO_CONFLICT conflict=False label=CONFIRMED DECISION policies=[]
2026-08-21T19:30:18Z | stress_test | decision='migrar ASSET-MGMT' asset=ASSET-MGMT severity=NO_CONFLICT conflict=False label=CONFIRMED DECISION policies=[]
2026-08-21T19:30:18Z | stress_test | decision='migrar TIME-SYNC' asset=TIME-SYNC severity=NO_CONFLICT conflict=False label=CONFIRMED DECISION policies=[]
2026-08-21T19:30:18Z | stress_test | decision='migrar LAB-WIFI-CONTROLLER' asset=LAB-WIFI-CONTROLLER severity=NO_CONFLICT conflict=False label=CONFIRMED DECISION policies=[]
2026-08-21T19:30:18Z | stress_test | decision='migrar DEMO-ENV-PORTAL' asset=DEMO-ENV-PORTAL severity=NO_CONFLICT conflict=False label=CONFIRMED DECISION policies=[]
2026-08-21T19:30:18Z | stress_test | decision='migrar TRAINING-SIMULATOR' asset=TRAINING-SIMULATOR severity=NO_CONFLICT conflict=False label=CONFIRMED DECISION policies=[]
2026-08-21T19:30:18Z | stress_test | decision='migrar PRINT-SERVER-HQ' asset=PRINT-SERVER-HQ severity=NO_CONFLICT conflict=False label=CONFIRMED DECISION policies=[]
2026-08-21T19:30:18Z | stress_test | decision='migrar ASSET-042' asset=ASSET-042 severity=NO_CONFLICT conflict=False label=CONFIRMED DECISION policies=[]
2026-08-21T19:30:18Z | stress_test | decision='migrar ASSET-057' asset=ASSET-057 severity=NO_CONFLICT conflict=False label=CONFIRMED DECISION policies=[]
2026-08-21T19:30:18Z | stress_test | decision='migrar ASSET-063' asset=ASSET-063 severity=NO_CONFLICT conflict=False label=CONFIRMED DECISION policies=[]
2026-08-21T19:30:18Z | stress_test | decision='migrar APAC-SG' asset=APAC-SG severity=NO_CONFLICT conflict=False label=CONFIRMED DECISION policies=[]
2026-08-21T19:30:18Z | stress_test | decision='migrar NG-07' asset=NG-07 severity=NO_CONFLICT conflict=False label=CONFIRMED DECISION policies=[]
2026-08-21T19:30:18Z | stress_test | decision='migrar MISSION-CONTROL' asset=MISSION-CONTROL severity=CONFLICT conflict=True label=RECOMMENDED ALTERNATIVE policies=['P002', 'P003', 'P008']
2026-08-21T19:30:18Z | stress_test | decision='migrar PAYMENTS-CORE' asset=PAYMENTS-CORE severity=NO_CONFLICT conflict=False label=CONFIRMED DECISION policies=[]
2026-08-21T19:30:18Z | stress_test | decision='migrar FLIGHT-DATA' asset=FLIGHT-DATA severity=NO_CONFLICT conflict=False label=CONFIRMED DECISION policies=[]
2026-08-21T19:30:18Z | stress_test | decision='migrar SECURITY-SIEM' asset=SECURITY-SIEM severity=NO_CONFLICT conflict=False label=CONFIRMED DECISION policies=[]
2026-08-21T19:30:18Z | stress_test | decision='migrar LEGACY-FTP' asset=LEGACY-FTP severity=NO_CONFLICT conflict=False label=CONFIRMED DECISION policies=[]
2026-08-21T19:30:39Z | stress_test | decision='migrar IDENTITY-CORE' asset=IDENTITY-CORE severity=CONFLICT conflict=True label=RECOMMENDED ALTERNATIVE policies=['P003']
2026-08-21T19:30:39Z | stress_test | decision='migrar SSO-GLOBAL' asset=SSO-GLOBAL severity=NO_CONFLICT conflict=False label=CONFIRMED DECISION policies=[]
2026-08-21T19:30:39Z | stress_test | decision='migrar PKI-ROOT' asset=PKI-ROOT severity=NO_CONFLICT conflict=False label=CONFIRMED DECISION policies=[]
2026-08-21T19:30:39Z | stress_test | decision='migrar PKI-INTERMEDIATE' asset=PKI-INTERMEDIATE severity=NO_CONFLICT conflict=False label=CONFIRMED DECISION policies=[]
2026-08-21T19:30:39Z | stress_test | decision='migrar HSM-CLUSTER-US' asset=HSM-CLUSTER-US severity=NO_CONFLICT conflict=False label=CONFIRMED DECISION policies=[]
2026-08-21T19:30:39Z | stress_test | decision='migrar HSM-CLUSTER-EU' asset=HSM-CLUSTER-EU severity=NO_CONFLICT conflict=False label=CONFIRMED DECISION policies=[]
2026-08-21T19:30:39Z | stress_test | decision='migrar PAYMENT-CORE' asset=PAYMENT-CORE severity=NO_CONFLICT conflict=False label=CONFIRMED DECISION policies=[]
2026-08-21T19:30:39Z | stress_test | decision='migrar COMMAND-SIGNING' asset=COMMAND-SIGNING severity=NO_CONFLICT conflict=False label=CONFIRMED DECISION policies=[]
2026-08-21T19:30:39Z | stress_test | decision='migrar SAT-OPS-01' asset=SAT-OPS-01 severity=CONFLICT conflict=True label=RECOMMENDED ALTERNATIVE policies=['P002', 'P008']
2026-08-21T19:30:39Z | stress_test | decision='migrar GROUND-STATION-EU' asset=GROUND-STATION-EU severity=NO_CONFLICT conflict=False label=CONFIRMED DECISION policies=[]
2026-08-21T19:30:39Z | stress_test | decision='migrar CUSTOMER-PORTAL' asset=CUSTOMER-PORTAL severity=CONFLICT conflict=True label=RECOMMENDED ALTERNATIVE policies=['P003']
2026-08-21T19:30:39Z | stress_test | decision='migrar TELEMETRY-BUS' asset=TELEMETRY-BUS severity=NO_CONFLICT conflict=False label=CONFIRMED DECISION policies=[]
2026-08-21T19:30:39Z | stress_test | decision='migrar DATA-LAKE-01' asset=DATA-LAKE-01 severity=NO_CONFLICT conflict=False label=CONFIRMED DECISION policies=[]
2026-08-21T19:30:39Z | stress_test | decision='migrar GROUND-STATION-US' asset=GROUND-STATION-US severity=NO_CONFLICT conflict=False label=CONFIRMED DECISION policies=[]
2026-08-21T19:30:39Z | stress_test | decision='migrar GROUND-STATION-APAC' asset=GROUND-STATION-APAC severity=NO_CONFLICT conflict=False label=CONFIRMED DECISION policies=[]
2026-08-21T19:30:39Z | stress_test | decision='migrar SAT-OPS-02' asset=SAT-OPS-02 severity=NO_CONFLICT conflict=False label=CONFIRMED DECISION policies=[]
2026-08-21T19:30:39Z | stress_test | decision='migrar SAT-COMMS-RELAY' asset=SAT-COMMS-RELAY severity=NO_CONFLICT conflict=False label=CONFIRMED DECISION policies=[]
2026-08-21T19:30:39Z | stress_test | decision='migrar API-GATEWAY-EDGE' asset=API-GATEWAY-EDGE severity=NO_CONFLICT conflict=False label=CONFIRMED DECISION policies=[]
2026-08-21T19:30:39Z | stress_test | decision='migrar API-GATEWAY-INTERNAL' asset=API-GATEWAY-INTERNAL severity=NO_CONFLICT conflict=False label=CONFIRMED DECISION policies=[]
2026-08-21T19:30:39Z | stress_test | decision='migrar IAM-WORKFORCE' asset=IAM-WORKFORCE severity=NO_CONFLICT conflict=False label=CONFIRMED DECISION policies=[]
2026-08-21T19:30:39Z | stress_test | decision='migrar PKI-EXTERNAL-CA' asset=PKI-EXTERNAL-CA severity=NO_CONFLICT conflict=False label=CONFIRMED DECISION policies=[]
2026-08-21T19:30:39Z | stress_test | decision='migrar KMS-CLOUD-PRIMARY' asset=KMS-CLOUD-PRIMARY severity=NO_CONFLICT conflict=False label=CONFIRMED DECISION policies=[]
2026-08-21T19:30:39Z | stress_test | decision='migrar BACKUP-VAULT-01' asset=BACKUP-VAULT-01 severity=NO_CONFLICT conflict=False label=CONFIRMED DECISION policies=[]
2026-08-21T19:30:39Z | stress_test | decision='migrar ERP-FINANCE' asset=ERP-FINANCE severity=NO_CONFLICT conflict=False label=CONFIRMED DECISION policies=[]
2026-08-21T19:30:39Z | stress_test | decision='migrar MOBILE-BANKING-APP' asset=MOBILE-BANKING-APP severity=NO_CONFLICT conflict=False label=CONFIRMED DECISION policies=[]
2026-08-21T19:30:39Z | stress_test | decision='migrar CODE-SIGNING-PROD' asset=CODE-SIGNING-PROD severity=CONFLICT conflict=True label=RECOMMENDED ALTERNATIVE policies=['P003']
2026-08-21T19:30:39Z | stress_test | decision='migrar FIRMWARE-SIGNING' asset=FIRMWARE-SIGNING severity=CONFLICT conflict=True label=RECOMMENDED ALTERNATIVE policies=['P003']
2026-08-21T19:30:39Z | stress_test | decision='migrar SIEM-CORE' asset=SIEM-CORE severity=NO_CONFLICT conflict=False label=CONFIRMED DECISION policies=[]
2026-08-21T19:30:39Z | stress_test | decision='migrar SOC-PLATFORM' asset=SOC-PLATFORM severity=NO_CONFLICT conflict=False label=CONFIRMED DECISION policies=[]
2026-08-21T19:30:39Z | stress_test | decision='migrar LOGGING-PIPELINE' asset=LOGGING-PIPELINE severity=NO_CONFLICT conflict=False label=CONFIRMED DECISION policies=[]
2026-08-21T19:30:39Z | stress_test | decision='migrar VPN-CORP-PRIMARY' asset=VPN-CORP-PRIMARY severity=NO_CONFLICT conflict=False label=CONFIRMED DECISION policies=[]
2026-08-21T19:30:39Z | stress_test | decision='migrar K8S-PROD-US' asset=K8S-PROD-US severity=NO_CONFLICT conflict=False label=CONFIRMED DECISION policies=[]
2026-08-21T19:30:39Z | stress_test | decision='migrar K8S-PROD-EU' asset=K8S-PROD-EU severity=NO_CONFLICT conflict=False label=CONFIRMED DECISION policies=[]
2026-08-21T19:30:39Z | stress_test | decision='migrar DB-MISSION-PRIMARY' asset=DB-MISSION-PRIMARY severity=NO_CONFLICT conflict=False label=CONFIRMED DECISION policies=[]
2026-08-21T19:30:39Z | stress_test | decision='migrar DB-PAYMENTS' asset=DB-PAYMENTS severity=NO_CONFLICT conflict=False label=CONFIRMED DECISION policies=[]
2026-08-21T19:30:39Z | stress_test | decision='migrar CUSTOMER-API' asset=CUSTOMER-API severity=NO_CONFLICT conflict=False label=CONFIRMED DECISION policies=[]
2026-08-21T19:30:39Z | stress_test | decision='migrar SECURE-COMMS-GW' asset=SECURE-COMMS-GW severity=NO_CONFLICT conflict=False label=CONFIRMED DECISION policies=[]
2026-08-21T19:30:39Z | stress_test | decision='migrar LAUNCH-AUTH' asset=LAUNCH-AUTH severity=NO_CONFLICT conflict=False label=CONFIRMED DECISION policies=[]
2026-08-21T19:30:39Z | stress_test | decision='migrar QA-IDENTITY' asset=QA-IDENTITY severity=NO_CONFLICT conflict=False label=CONFIRMED DECISION policies=[]
2026-08-21T19:30:39Z | stress_test | decision='migrar PARTNER-PORTAL' asset=PARTNER-PORTAL severity=NO_CONFLICT conflict=False label=CONFIRMED DECISION policies=[]
2026-08-21T19:30:39Z | stress_test | decision='migrar BILLING-ENGINE' asset=BILLING-ENGINE severity=NO_CONFLICT conflict=False label=CONFIRMED DECISION policies=[]
2026-08-21T19:30:39Z | stress_test | decision='migrar TREASURY-WORKSTATION' asset=TREASURY-WORKSTATION severity=NO_CONFLICT conflict=False label=CONFIRMED DECISION policies=[]
2026-08-21T19:30:39Z | stress_test | decision='migrar TELEMETRY-ARCHIVE' asset=TELEMETRY-ARCHIVE severity=NO_CONFLICT conflict=False label=CONFIRMED DECISION policies=[]
2026-08-21T19:30:39Z | stress_test | decision='migrar DATA-WAREHOUSE' asset=DATA-WAREHOUSE severity=NO_CONFLICT conflict=False label=CONFIRMED DECISION policies=[]
2026-08-21T19:30:39Z | stress_test | decision='migrar DEV-PORTAL' asset=DEV-PORTAL severity=NO_CONFLICT conflict=False label=CONFIRMED DECISION policies=[]
2026-08-21T19:30:39Z | stress_test | decision='migrar STAGING-K8S' asset=STAGING-K8S severity=NO_CONFLICT conflict=False label=CONFIRMED DECISION policies=[]
2026-08-21T19:30:39Z | stress_test | decision='migrar CLOUD-OBJ-STORE' asset=CLOUD-OBJ-STORE severity=NO_CONFLICT conflict=False label=CONFIRMED DECISION policies=[]
2026-08-21T19:30:39Z | stress_test | decision='migrar DNS-INTERNAL' asset=DNS-INTERNAL severity=NO_CONFLICT conflict=False label=CONFIRMED DECISION policies=[]
2026-08-21T19:30:39Z | stress_test | decision='migrar REGION-LB-EU' asset=REGION-LB-EU severity=NO_CONFLICT conflict=False label=CONFIRMED DECISION policies=[]
2026-08-21T19:30:39Z | stress_test | decision='migrar REGION-LB-US' asset=REGION-LB-US severity=NO_CONFLICT conflict=False label=CONFIRMED DECISION policies=[]
2026-08-21T19:30:39Z | stress_test | decision='migrar GUEST-NETWORK-PORTAL' asset=GUEST-NETWORK-PORTAL severity=NO_CONFLICT conflict=False label=CONFIRMED DECISION policies=[]
2026-08-21T19:30:39Z | stress_test | decision='migrar LEGACY-VPN-EU' asset=LEGACY-VPN-EU severity=NO_CONFLICT conflict=False label=CONFIRMED DECISION policies=[]
2026-08-21T19:30:39Z | stress_test | decision='migrar LEGACY-PKI-01' asset=LEGACY-PKI-01 severity=NO_CONFLICT conflict=False label=CONFIRMED DECISION policies=[]
2026-08-21T19:30:39Z | stress_test | decision='migrar LEGACY-ERP-02' asset=LEGACY-ERP-02 severity=CONFLICT conflict=True label=RECOMMENDED ALTERNATIVE policies=['P003']
2026-08-21T19:30:39Z | stress_test | decision='migrar LEGACY-MANUFACTURING' asset=LEGACY-MANUFACTURING severity=NO_CONFLICT conflict=False label=CONFIRMED DECISION policies=[]
2026-08-21T19:30:39Z | stress_test | decision='migrar LEGACY-RADIUS' asset=LEGACY-RADIUS severity=NO_CONFLICT conflict=False label=CONFIRMED DECISION policies=[]
2026-08-21T19:30:39Z | stress_test | decision='migrar LEGACY-BACKUP-TAPE' asset=LEGACY-BACKUP-TAPE severity=NO_CONFLICT conflict=False label=CONFIRMED DECISION policies=[]
2026-08-21T19:30:39Z | stress_test | decision='migrar GIT-INFRA' asset=GIT-INFRA severity=NO_CONFLICT conflict=False label=CONFIRMED DECISION policies=[]
2026-08-21T19:30:39Z | stress_test | decision='migrar MFG-CONTROL-01' asset=MFG-CONTROL-01 severity=NO_CONFLICT conflict=False label=CONFIRMED DECISION policies=[]
2026-08-21T19:30:39Z | stress_test | decision='migrar PQC-PILOT-DSA' asset=PQC-PILOT-DSA severity=NO_CONFLICT conflict=False label=CONFIRMED DECISION policies=[]
2026-08-21T19:30:39Z | stress_test | decision='migrar PQC-PILOT-KEM' asset=PQC-PILOT-KEM severity=NO_CONFLICT conflict=False label=CONFIRMED DECISION policies=[]
2026-08-21T19:30:39Z | stress_test | decision='migrar ASSET-071' asset=ASSET-071 severity=NO_CONFLICT conflict=False label=CONFIRMED DECISION policies=[]
2026-08-21T19:30:39Z | stress_test | decision='migrar HR-PORTAL' asset=HR-PORTAL severity=NO_CONFLICT conflict=False label=CONFIRMED DECISION policies=[]
2026-08-21T19:30:39Z | stress_test | decision='migrar HR-DATABASE' asset=HR-DATABASE severity=NO_CONFLICT conflict=False label=CONFIRMED DECISION policies=[]
2026-08-21T19:30:39Z | stress_test | decision='migrar CICD-RUNNERS' asset=CICD-RUNNERS severity=NO_CONFLICT conflict=False label=CONFIRMED DECISION policies=[]
2026-08-21T19:30:39Z | stress_test | decision='migrar MONITORING-STACK' asset=MONITORING-STACK severity=NO_CONFLICT conflict=False label=CONFIRMED DECISION policies=[]
2026-08-21T19:30:39Z | stress_test | decision='migrar COLLAB-SUITE' asset=COLLAB-SUITE severity=NO_CONFLICT conflict=False label=CONFIRMED DECISION policies=[]
2026-08-21T19:30:39Z | stress_test | decision='migrar FILE-SHARE-GLOBAL' asset=FILE-SHARE-GLOBAL severity=NO_CONFLICT conflict=False label=CONFIRMED DECISION policies=[]
2026-08-21T19:30:39Z | stress_test | decision='migrar MFG-CONTROL-02' asset=MFG-CONTROL-02 severity=NO_CONFLICT conflict=False label=CONFIRMED DECISION policies=[]
2026-08-21T19:30:39Z | stress_test | decision='migrar SUPPLY-CHAIN-API' asset=SUPPLY-CHAIN-API severity=NO_CONFLICT conflict=False label=CONFIRMED DECISION policies=[]
2026-08-21T19:30:39Z | stress_test | decision='migrar EMAIL-GATEWAY' asset=EMAIL-GATEWAY severity=NO_CONFLICT conflict=False label=CONFIRMED DECISION policies=[]
2026-08-21T19:30:39Z | stress_test | decision='migrar ASSET-MGMT' asset=ASSET-MGMT severity=NO_CONFLICT conflict=False label=CONFIRMED DECISION policies=[]
2026-08-21T19:30:39Z | stress_test | decision='migrar TIME-SYNC' asset=TIME-SYNC severity=NO_CONFLICT conflict=False label=CONFIRMED DECISION policies=[]
2026-08-21T19:30:39Z | stress_test | decision='migrar LAB-WIFI-CONTROLLER' asset=LAB-WIFI-CONTROLLER severity=NO_CONFLICT conflict=False label=CONFIRMED DECISION policies=[]
2026-08-21T19:30:39Z | stress_test | decision='migrar DEMO-ENV-PORTAL' asset=DEMO-ENV-PORTAL severity=NO_CONFLICT conflict=False label=CONFIRMED DECISION policies=[]
2026-08-21T19:30:39Z | stress_test | decision='migrar TRAINING-SIMULATOR' asset=TRAINING-SIMULATOR severity=NO_CONFLICT conflict=False label=CONFIRMED DECISION policies=[]
2026-08-21T19:30:39Z | stress_test | decision='migrar PRINT-SERVER-HQ' asset=PRINT-SERVER-HQ severity=NO_CONFLICT conflict=False label=CONFIRMED DECISION policies=[]
2026-08-21T19:30:39Z | stress_test | decision='migrar ASSET-042' asset=ASSET-042 severity=NO_CONFLICT conflict=False label=CONFIRMED DECISION policies=[]
2026-08-21T19:30:39Z | stress_test | decision='migrar ASSET-057' asset=ASSET-057 severity=NO_CONFLICT conflict=False label=CONFIRMED DECISION policies=[]
2026-08-21T19:30:39Z | stress_test | decision='migrar ASSET-063' asset=ASSET-063 severity=NO_CONFLICT conflict=False label=CONFIRMED DECISION policies=[]
2026-08-21T19:30:39Z | stress_test | decision='migrar APAC-SG' asset=APAC-SG severity=NO_CONFLICT conflict=False label=CONFIRMED DECISION policies=[]
2026-08-21T19:30:39Z | stress_test | decision='migrar NG-07' asset=NG-07 severity=NO_CONFLICT conflict=False label=CONFIRMED DECISION policies=[]
2026-08-21T19:30:39Z | stress_test | decision='migrar MISSION-CONTROL' asset=MISSION-CONTROL severity=CONFLICT conflict=True label=RECOMMENDED ALTERNATIVE policies=['P002', 'P003', 'P008']
2026-08-21T19:30:39Z | stress_test | decision='migrar PAYMENTS-CORE' asset=PAYMENTS-CORE severity=NO_CONFLICT conflict=False label=CONFIRMED DECISION policies=[]
2026-08-21T19:30:39Z | stress_test | decision='migrar FLIGHT-DATA' asset=FLIGHT-DATA severity=NO_CONFLICT conflict=False label=CONFIRMED DECISION policies=[]
2026-08-21T19:30:39Z | stress_test | decision='migrar SECURITY-SIEM' asset=SECURITY-SIEM severity=NO_CONFLICT conflict=False label=CONFIRMED DECISION policies=[]
2026-08-21T19:30:39Z | stress_test | decision='migrar LEGACY-FTP' asset=LEGACY-FTP severity=NO_CONFLICT conflict=False label=CONFIRMED DECISION policies=[]
2026-08-21T19:30:39Z | stress_test | decision='migrar IDENTITY-CORE' asset=IDENTITY-CORE severity=CONFLICT conflict=True label=RECOMMENDED ALTERNATIVE policies=['P003']
2026-08-21T19:30:39Z | stress_test | decision='migrar SSO-GLOBAL' asset=SSO-GLOBAL severity=NO_CONFLICT conflict=False label=CONFIRMED DECISION policies=[]
2026-08-21T19:30:39Z | stress_test | decision='migrar PKI-ROOT' asset=PKI-ROOT severity=NO_CONFLICT conflict=False label=CONFIRMED DECISION policies=[]
2026-08-21T19:30:39Z | stress_test | decision='migrar PKI-INTERMEDIATE' asset=PKI-INTERMEDIATE severity=NO_CONFLICT conflict=False label=CONFIRMED DECISION policies=[]
2026-08-21T19:30:39Z | stress_test | decision='migrar HSM-CLUSTER-US' asset=HSM-CLUSTER-US severity=NO_CONFLICT conflict=False label=CONFIRMED DECISION policies=[]
2026-08-21T19:30:39Z | stress_test | decision='migrar HSM-CLUSTER-EU' asset=HSM-CLUSTER-EU severity=NO_CONFLICT conflict=False label=CONFIRMED DECISION policies=[]
2026-08-21T19:30:39Z | stress_test | decision='migrar PAYMENT-CORE' asset=PAYMENT-CORE severity=NO_CONFLICT conflict=False label=CONFIRMED DECISION policies=[]
2026-08-21T19:30:39Z | stress_test | decision='migrar COMMAND-SIGNING' asset=COMMAND-SIGNING severity=NO_CONFLICT conflict=False label=CONFIRMED DECISION policies=[]
2026-08-21T19:30:39Z | stress_test | decision='migrar SAT-OPS-01' asset=SAT-OPS-01 severity=CONFLICT conflict=True label=RECOMMENDED ALTERNATIVE policies=['P002', 'P008']
2026-08-21T19:30:39Z | stress_test | decision='migrar GROUND-STATION-EU' asset=GROUND-STATION-EU severity=NO_CONFLICT conflict=False label=CONFIRMED DECISION policies=[]
2026-08-21T19:30:39Z | stress_test | decision='migrar CUSTOMER-PORTAL' asset=CUSTOMER-PORTAL severity=CONFLICT conflict=True label=RECOMMENDED ALTERNATIVE policies=['P003']
2026-08-21T19:30:39Z | stress_test | decision='migrar TELEMETRY-BUS' asset=TELEMETRY-BUS severity=NO_CONFLICT conflict=False label=CONFIRMED DECISION policies=[]
2026-08-21T19:30:39Z | stress_test | decision='migrar DATA-LAKE-01' asset=DATA-LAKE-01 severity=NO_CONFLICT conflict=False label=CONFIRMED DECISION policies=[]
2026-08-21T19:30:39Z | stress_test | decision='migrar GROUND-STATION-US' asset=GROUND-STATION-US severity=NO_CONFLICT conflict=False label=CONFIRMED DECISION policies=[]
2026-08-21T19:30:39Z | stress_test | decision='migrar GROUND-STATION-APAC' asset=GROUND-STATION-APAC severity=NO_CONFLICT conflict=False label=CONFIRMED DECISION policies=[]
2026-08-21T19:30:39Z | stress_test | decision='migrar SAT-OPS-02' asset=SAT-OPS-02 severity=NO_CONFLICT conflict=False label=CONFIRMED DECISION policies=[]
2026-08-21T19:30:39Z | stress_test | decision='migrar SAT-COMMS-RELAY' asset=SAT-COMMS-RELAY severity=NO_CONFLICT conflict=False label=CONFIRMED DECISION policies=[]
2026-08-21T19:30:39Z | stress_test | decision='migrar API-GATEWAY-EDGE' asset=API-GATEWAY-EDGE severity=NO_CONFLICT conflict=False label=CONFIRMED DECISION policies=[]
2026-08-21T19:30:39Z | stress_test | decision='migrar API-GATEWAY-INTERNAL' asset=API-GATEWAY-INTERNAL severity=NO_CONFLICT conflict=False label=CONFIRMED DECISION policies=[]
2026-08-21T19:30:39Z | stress_test | decision='migrar IAM-WORKFORCE' asset=IAM-WORKFORCE severity=NO_CONFLICT conflict=False label=CONFIRMED DECISION policies=[]
2026-08-21T19:30:39Z | stress_test | decision='migrar PKI-EXTERNAL-CA' asset=PKI-EXTERNAL-CA severity=NO_CONFLICT conflict=False label=CONFIRMED DECISION policies=[]
2026-08-21T19:30:39Z | stress_test | decision='migrar KMS-CLOUD-PRIMARY' asset=KMS-CLOUD-PRIMARY severity=NO_CONFLICT conflict=False label=CONFIRMED DECISION policies=[]
2026-08-21T19:30:39Z | stress_test | decision='migrar BACKUP-VAULT-01' asset=BACKUP-VAULT-01 severity=NO_CONFLICT conflict=False label=CONFIRMED DECISION policies=[]
2026-08-21T19:30:39Z | stress_test | decision='migrar ERP-FINANCE' asset=ERP-FINANCE severity=NO_CONFLICT conflict=False label=CONFIRMED DECISION policies=[]
2026-08-21T19:30:39Z | stress_test | decision='migrar MOBILE-BANKING-APP' asset=MOBILE-BANKING-APP severity=NO_CONFLICT conflict=False label=CONFIRMED DECISION policies=[]
2026-08-21T19:30:39Z | stress_test | decision='migrar CODE-SIGNING-PROD' asset=CODE-SIGNING-PROD severity=CONFLICT conflict=True label=RECOMMENDED ALTERNATIVE policies=['P003']
2026-08-21T19:30:39Z | stress_test | decision='migrar FIRMWARE-SIGNING' asset=FIRMWARE-SIGNING severity=CONFLICT conflict=True label=RECOMMENDED ALTERNATIVE policies=['P003']
2026-08-21T19:30:39Z | stress_test | decision='migrar SIEM-CORE' asset=SIEM-CORE severity=NO_CONFLICT conflict=False label=CONFIRMED DECISION policies=[]
2026-08-21T19:30:39Z | stress_test | decision='migrar SOC-PLATFORM' asset=SOC-PLATFORM severity=NO_CONFLICT conflict=False label=CONFIRMED DECISION policies=[]
2026-08-21T19:30:39Z | stress_test | decision='migrar LOGGING-PIPELINE' asset=LOGGING-PIPELINE severity=NO_CONFLICT conflict=False label=CONFIRMED DECISION policies=[]
2026-08-21T19:30:39Z | stress_test | decision='migrar VPN-CORP-PRIMARY' asset=VPN-CORP-PRIMARY severity=NO_CONFLICT conflict=False label=CONFIRMED DECISION policies=[]
2026-08-21T19:30:39Z | stress_test | decision='migrar K8S-PROD-US' asset=K8S-PROD-US severity=NO_CONFLICT conflict=False label=CONFIRMED DECISION policies=[]
2026-08-21T19:30:39Z | stress_test | decision='migrar K8S-PROD-EU' asset=K8S-PROD-EU severity=NO_CONFLICT conflict=False label=CONFIRMED DECISION policies=[]
2026-08-21T19:30:39Z | stress_test | decision='migrar DB-MISSION-PRIMARY' asset=DB-MISSION-PRIMARY severity=NO_CONFLICT conflict=False label=CONFIRMED DECISION policies=[]
2026-08-21T19:30:39Z | stress_test | decision='migrar DB-PAYMENTS' asset=DB-PAYMENTS severity=NO_CONFLICT conflict=False label=CONFIRMED DECISION policies=[]
2026-08-21T19:30:39Z | stress_test | decision='migrar CUSTOMER-API' asset=CUSTOMER-API severity=NO_CONFLICT conflict=False label=CONFIRMED DECISION policies=[]
2026-08-21T19:30:39Z | stress_test | decision='migrar SECURE-COMMS-GW' asset=SECURE-COMMS-GW severity=NO_CONFLICT conflict=False label=CONFIRMED DECISION policies=[]
2026-08-21T19:30:39Z | stress_test | decision='migrar LAUNCH-AUTH' asset=LAUNCH-AUTH severity=NO_CONFLICT conflict=False label=CONFIRMED DECISION policies=[]
2026-08-21T19:30:39Z | stress_test | decision='migrar QA-IDENTITY' asset=QA-IDENTITY severity=NO_CONFLICT conflict=False label=CONFIRMED DECISION policies=[]
2026-08-21T19:30:39Z | stress_test | decision='migrar PARTNER-PORTAL' asset=PARTNER-PORTAL severity=NO_CONFLICT conflict=False label=CONFIRMED DECISION policies=[]
2026-08-21T19:30:39Z | stress_test | decision='migrar BILLING-ENGINE' asset=BILLING-ENGINE severity=NO_CONFLICT conflict=False label=CONFIRMED DECISION policies=[]
2026-08-21T19:30:39Z | stress_test | decision='migrar TREASURY-WORKSTATION' asset=TREASURY-WORKSTATION severity=NO_CONFLICT conflict=False label=CONFIRMED DECISION policies=[]
2026-08-21T19:30:39Z | stress_test | decision='migrar TELEMETRY-ARCHIVE' asset=TELEMETRY-ARCHIVE severity=NO_CONFLICT conflict=False label=CONFIRMED DECISION policies=[]
2026-08-21T19:30:39Z | stress_test | decision='migrar DATA-WAREHOUSE' asset=DATA-WAREHOUSE severity=NO_CONFLICT conflict=False label=CONFIRMED DECISION policies=[]
2026-08-21T19:30:39Z | stress_test | decision='migrar DEV-PORTAL' asset=DEV-PORTAL severity=NO_CONFLICT conflict=False label=CONFIRMED DECISION policies=[]
2026-08-21T19:30:39Z | stress_test | decision='migrar STAGING-K8S' asset=STAGING-K8S severity=NO_CONFLICT conflict=False label=CONFIRMED DECISION policies=[]
2026-08-21T19:30:39Z | stress_test | decision='migrar CLOUD-OBJ-STORE' asset=CLOUD-OBJ-STORE severity=NO_CONFLICT conflict=False label=CONFIRMED DECISION policies=[]
2026-08-21T19:30:39Z | stress_test | decision='migrar DNS-INTERNAL' asset=DNS-INTERNAL severity=NO_CONFLICT conflict=False label=CONFIRMED DECISION policies=[]
2026-08-21T19:30:39Z | stress_test | decision='migrar REGION-LB-EU' asset=REGION-LB-EU severity=NO_CONFLICT conflict=False label=CONFIRMED DECISION policies=[]
2026-08-21T19:30:39Z | stress_test | decision='migrar REGION-LB-US' asset=REGION-LB-US severity=NO_CONFLICT conflict=False label=CONFIRMED DECISION policies=[]
2026-08-21T19:30:39Z | stress_test | decision='migrar GUEST-NETWORK-PORTAL' asset=GUEST-NETWORK-PORTAL severity=NO_CONFLICT conflict=False label=CONFIRMED DECISION policies=[]
2026-08-21T19:30:39Z | stress_test | decision='migrar LEGACY-VPN-EU' asset=LEGACY-VPN-EU severity=NO_CONFLICT conflict=False label=CONFIRMED DECISION policies=[]
2026-08-21T19:30:39Z | stress_test | decision='migrar LEGACY-PKI-01' asset=LEGACY-PKI-01 severity=NO_CONFLICT conflict=False label=CONFIRMED DECISION policies=[]
2026-08-21T19:30:39Z | stress_test | decision='migrar LEGACY-ERP-02' asset=LEGACY-ERP-02 severity=CONFLICT conflict=True label=RECOMMENDED ALTERNATIVE policies=['P003']
2026-08-21T19:30:39Z | stress_test | decision='migrar LEGACY-MANUFACTURING' asset=LEGACY-MANUFACTURING severity=NO_CONFLICT conflict=False label=CONFIRMED DECISION policies=[]
2026-08-21T19:30:39Z | stress_test | decision='migrar LEGACY-RADIUS' asset=LEGACY-RADIUS severity=NO_CONFLICT conflict=False label=CONFIRMED DECISION policies=[]
2026-08-21T19:30:39Z | stress_test | decision='migrar LEGACY-BACKUP-TAPE' asset=LEGACY-BACKUP-TAPE severity=NO_CONFLICT conflict=False label=CONFIRMED DECISION policies=[]
2026-08-21T19:30:39Z | stress_test | decision='migrar GIT-INFRA' asset=GIT-INFRA severity=NO_CONFLICT conflict=False label=CONFIRMED DECISION policies=[]
2026-08-21T19:30:39Z | stress_test | decision='migrar MFG-CONTROL-01' asset=MFG-CONTROL-01 severity=NO_CONFLICT conflict=False label=CONFIRMED DECISION policies=[]
2026-08-21T19:30:39Z | stress_test | decision='migrar PQC-PILOT-DSA' asset=PQC-PILOT-DSA severity=NO_CONFLICT conflict=False label=CONFIRMED DECISION policies=[]
2026-08-21T19:30:39Z | stress_test | decision='migrar PQC-PILOT-KEM' asset=PQC-PILOT-KEM severity=NO_CONFLICT conflict=False label=CONFIRMED DECISION policies=[]
2026-08-21T19:30:39Z | stress_test | decision='migrar ASSET-071' asset=ASSET-071 severity=NO_CONFLICT conflict=False label=CONFIRMED DECISION policies=[]
2026-08-21T19:30:39Z | stress_test | decision='migrar HR-PORTAL' asset=HR-PORTAL severity=NO_CONFLICT conflict=False label=CONFIRMED DECISION policies=[]
2026-08-21T19:30:39Z | stress_test | decision='migrar HR-DATABASE' asset=HR-DATABASE severity=NO_CONFLICT conflict=False label=CONFIRMED DECISION policies=[]
2026-08-21T19:30:39Z | stress_test | decision='migrar CICD-RUNNERS' asset=CICD-RUNNERS severity=NO_CONFLICT conflict=False label=CONFIRMED DECISION policies=[]
2026-08-21T19:30:39Z | stress_test | decision='migrar MONITORING-STACK' asset=MONITORING-STACK severity=NO_CONFLICT conflict=False label=CONFIRMED DECISION policies=[]
2026-08-21T19:30:39Z | stress_test | decision='migrar COLLAB-SUITE' asset=COLLAB-SUITE severity=NO_CONFLICT conflict=False label=CONFIRMED DECISION policies=[]
2026-08-21T19:30:39Z | stress_test | decision='migrar FILE-SHARE-GLOBAL' asset=FILE-SHARE-GLOBAL severity=NO_CONFLICT conflict=False label=CONFIRMED DECISION policies=[]
2026-08-21T19:30:39Z | stress_test | decision='migrar MFG-CONTROL-02' asset=MFG-CONTROL-02 severity=NO_CONFLICT conflict=False label=CONFIRMED DECISION policies=[]
2026-08-21T19:30:39Z | stress_test | decision='migrar SUPPLY-CHAIN-API' asset=SUPPLY-CHAIN-API severity=NO_CONFLICT conflict=False label=CONFIRMED DECISION policies=[]
2026-08-21T19:30:39Z | stress_test | decision='migrar EMAIL-GATEWAY' asset=EMAIL-GATEWAY severity=NO_CONFLICT conflict=False label=CONFIRMED DECISION policies=[]
2026-08-21T19:30:39Z | stress_test | decision='migrar ASSET-MGMT' asset=ASSET-MGMT severity=NO_CONFLICT conflict=False label=CONFIRMED DECISION policies=[]
2026-08-21T19:30:39Z | stress_test | decision='migrar TIME-SYNC' asset=TIME-SYNC severity=NO_CONFLICT conflict=False label=CONFIRMED DECISION policies=[]
2026-08-21T19:30:39Z | stress_test | decision='migrar LAB-WIFI-CONTROLLER' asset=LAB-WIFI-CONTROLLER severity=NO_CONFLICT conflict=False label=CONFIRMED DECISION policies=[]
2026-08-21T19:30:39Z | stress_test | decision='migrar DEMO-ENV-PORTAL' asset=DEMO-ENV-PORTAL severity=NO_CONFLICT conflict=False label=CONFIRMED DECISION policies=[]
2026-08-21T19:30:39Z | stress_test | decision='migrar TRAINING-SIMULATOR' asset=TRAINING-SIMULATOR severity=NO_CONFLICT conflict=False label=CONFIRMED DECISION policies=[]
2026-08-21T19:30:39Z | stress_test | decision='migrar PRINT-SERVER-HQ' asset=PRINT-SERVER-HQ severity=NO_CONFLICT conflict=False label=CONFIRMED DECISION policies=[]
2026-08-21T19:30:39Z | stress_test | decision='migrar ASSET-042' asset=ASSET-042 severity=NO_CONFLICT conflict=False label=CONFIRMED DECISION policies=[]
2026-08-21T19:30:39Z | stress_test | decision='migrar ASSET-057' asset=ASSET-057 severity=NO_CONFLICT conflict=False label=CONFIRMED DECISION policies=[]
2026-08-21T19:30:39Z | stress_test | decision='migrar ASSET-063' asset=ASSET-063 severity=NO_CONFLICT conflict=False label=CONFIRMED DECISION policies=[]
2026-08-21T19:30:39Z | stress_test | decision='migrar APAC-SG' asset=APAC-SG severity=NO_CONFLICT conflict=False label=CONFIRMED DECISION policies=[]
2026-08-21T19:30:39Z | stress_test | decision='migrar NG-07' asset=NG-07 severity=NO_CONFLICT conflict=False label=CONFIRMED DECISION policies=[]
2026-08-21T19:30:39Z | stress_test | decision='migrar MISSION-CONTROL' asset=MISSION-CONTROL severity=CONFLICT conflict=True label=RECOMMENDED ALTERNATIVE policies=['P002', 'P003', 'P008']
2026-08-21T19:30:39Z | stress_test | decision='migrar PAYMENTS-CORE' asset=PAYMENTS-CORE severity=NO_CONFLICT conflict=False label=CONFIRMED DECISION policies=[]
2026-08-21T19:30:39Z | stress_test | decision='migrar FLIGHT-DATA' asset=FLIGHT-DATA severity=NO_CONFLICT conflict=False label=CONFIRMED DECISION policies=[]
2026-08-21T19:30:39Z | stress_test | decision='migrar SECURITY-SIEM' asset=SECURITY-SIEM severity=NO_CONFLICT conflict=False label=CONFIRMED DECISION policies=[]
2026-08-21T19:30:39Z | stress_test | decision='migrar LEGACY-FTP' asset=LEGACY-FTP severity=NO_CONFLICT conflict=False label=CONFIRMED DECISION policies=[]
2026-08-21T19:30:40Z | stress_test | decision='migrar IDENTITY-CORE' asset=IDENTITY-CORE severity=CONFLICT conflict=True label=RECOMMENDED ALTERNATIVE policies=['P003']
2026-08-21T19:30:40Z | stress_test | decision='migrar SSO-GLOBAL' asset=SSO-GLOBAL severity=NO_CONFLICT conflict=False label=CONFIRMED DECISION policies=[]
2026-08-21T19:30:40Z | stress_test | decision='migrar PKI-ROOT' asset=PKI-ROOT severity=NO_CONFLICT conflict=False label=CONFIRMED DECISION policies=[]
2026-08-21T19:30:40Z | stress_test | decision='migrar PKI-INTERMEDIATE' asset=PKI-INTERMEDIATE severity=NO_CONFLICT conflict=False label=CONFIRMED DECISION policies=[]
2026-08-21T19:30:40Z | stress_test | decision='migrar HSM-CLUSTER-US' asset=HSM-CLUSTER-US severity=NO_CONFLICT conflict=False label=CONFIRMED DECISION policies=[]
2026-08-21T19:30:40Z | stress_test | decision='migrar HSM-CLUSTER-EU' asset=HSM-CLUSTER-EU severity=NO_CONFLICT conflict=False label=CONFIRMED DECISION policies=[]
2026-08-21T19:30:40Z | stress_test | decision='migrar PAYMENT-CORE' asset=PAYMENT-CORE severity=NO_CONFLICT conflict=False label=CONFIRMED DECISION policies=[]
2026-08-21T19:30:40Z | stress_test | decision='migrar COMMAND-SIGNING' asset=COMMAND-SIGNING severity=NO_CONFLICT conflict=False label=CONFIRMED DECISION policies=[]
2026-08-21T19:30:40Z | stress_test | decision='migrar SAT-OPS-01' asset=SAT-OPS-01 severity=CONFLICT conflict=True label=RECOMMENDED ALTERNATIVE policies=['P002', 'P008']
2026-08-21T19:30:40Z | stress_test | decision='migrar GROUND-STATION-EU' asset=GROUND-STATION-EU severity=NO_CONFLICT conflict=False label=CONFIRMED DECISION policies=[]
2026-08-21T19:30:40Z | stress_test | decision='migrar CUSTOMER-PORTAL' asset=CUSTOMER-PORTAL severity=CONFLICT conflict=True label=RECOMMENDED ALTERNATIVE policies=['P003']
2026-08-21T19:30:40Z | stress_test | decision='migrar TELEMETRY-BUS' asset=TELEMETRY-BUS severity=NO_CONFLICT conflict=False label=CONFIRMED DECISION policies=[]
2026-08-21T19:30:40Z | stress_test | decision='migrar DATA-LAKE-01' asset=DATA-LAKE-01 severity=NO_CONFLICT conflict=False label=CONFIRMED DECISION policies=[]
2026-08-21T19:30:40Z | stress_test | decision='migrar GROUND-STATION-US' asset=GROUND-STATION-US severity=NO_CONFLICT conflict=False label=CONFIRMED DECISION policies=[]
2026-08-21T19:30:40Z | stress_test | decision='migrar GROUND-STATION-APAC' asset=GROUND-STATION-APAC severity=NO_CONFLICT conflict=False label=CONFIRMED DECISION policies=[]
2026-08-21T19:30:40Z | stress_test | decision='migrar SAT-OPS-02' asset=SAT-OPS-02 severity=NO_CONFLICT conflict=False label=CONFIRMED DECISION policies=[]
2026-08-21T19:30:40Z | stress_test | decision='migrar SAT-COMMS-RELAY' asset=SAT-COMMS-RELAY severity=NO_CONFLICT conflict=False label=CONFIRMED DECISION policies=[]
2026-08-21T19:30:40Z | stress_test | decision='migrar API-GATEWAY-EDGE' asset=API-GATEWAY-EDGE severity=NO_CONFLICT conflict=False label=CONFIRMED DECISION policies=[]
2026-08-21T19:30:40Z | stress_test | decision='migrar API-GATEWAY-INTERNAL' asset=API-GATEWAY-INTERNAL severity=NO_CONFLICT conflict=False label=CONFIRMED DECISION policies=[]
2026-08-21T19:30:40Z | stress_test | decision='migrar IAM-WORKFORCE' asset=IAM-WORKFORCE severity=NO_CONFLICT conflict=False label=CONFIRMED DECISION policies=[]
2026-08-21T19:30:40Z | stress_test | decision='migrar PKI-EXTERNAL-CA' asset=PKI-EXTERNAL-CA severity=NO_CONFLICT conflict=False label=CONFIRMED DECISION policies=[]
2026-08-21T19:30:40Z | stress_test | decision='migrar KMS-CLOUD-PRIMARY' asset=KMS-CLOUD-PRIMARY severity=NO_CONFLICT conflict=False label=CONFIRMED DECISION policies=[]
2026-08-21T19:30:40Z | stress_test | decision='migrar BACKUP-VAULT-01' asset=BACKUP-VAULT-01 severity=NO_CONFLICT conflict=False label=CONFIRMED DECISION policies=[]
2026-08-21T19:30:40Z | stress_test | decision='migrar ERP-FINANCE' asset=ERP-FINANCE severity=NO_CONFLICT conflict=False label=CONFIRMED DECISION policies=[]
2026-08-21T19:30:40Z | stress_test | decision='migrar MOBILE-BANKING-APP' asset=MOBILE-BANKING-APP severity=NO_CONFLICT conflict=False label=CONFIRMED DECISION policies=[]
2026-08-21T19:30:40Z | stress_test | decision='migrar CODE-SIGNING-PROD' asset=CODE-SIGNING-PROD severity=CONFLICT conflict=True label=RECOMMENDED ALTERNATIVE policies=['P003']
2026-08-21T19:30:40Z | stress_test | decision='migrar FIRMWARE-SIGNING' asset=FIRMWARE-SIGNING severity=CONFLICT conflict=True label=RECOMMENDED ALTERNATIVE policies=['P003']
2026-08-21T19:30:40Z | stress_test | decision='migrar SIEM-CORE' asset=SIEM-CORE severity=NO_CONFLICT conflict=False label=CONFIRMED DECISION policies=[]
2026-08-21T19:30:40Z | stress_test | decision='migrar SOC-PLATFORM' asset=SOC-PLATFORM severity=NO_CONFLICT conflict=False label=CONFIRMED DECISION policies=[]
2026-08-21T19:30:40Z | stress_test | decision='migrar LOGGING-PIPELINE' asset=LOGGING-PIPELINE severity=NO_CONFLICT conflict=False label=CONFIRMED DECISION policies=[]
2026-08-21T19:30:40Z | stress_test | decision='migrar VPN-CORP-PRIMARY' asset=VPN-CORP-PRIMARY severity=NO_CONFLICT conflict=False label=CONFIRMED DECISION policies=[]
2026-08-21T19:30:40Z | stress_test | decision='migrar K8S-PROD-US' asset=K8S-PROD-US severity=NO_CONFLICT conflict=False label=CONFIRMED DECISION policies=[]
2026-08-21T19:30:40Z | stress_test | decision='migrar K8S-PROD-EU' asset=K8S-PROD-EU severity=NO_CONFLICT conflict=False label=CONFIRMED DECISION policies=[]
2026-08-21T19:30:40Z | stress_test | decision='migrar DB-MISSION-PRIMARY' asset=DB-MISSION-PRIMARY severity=NO_CONFLICT conflict=False label=CONFIRMED DECISION policies=[]
2026-08-21T19:30:40Z | stress_test | decision='migrar DB-PAYMENTS' asset=DB-PAYMENTS severity=NO_CONFLICT conflict=False label=CONFIRMED DECISION policies=[]
2026-08-21T19:30:40Z | stress_test | decision='migrar CUSTOMER-API' asset=CUSTOMER-API severity=NO_CONFLICT conflict=False label=CONFIRMED DECISION policies=[]
2026-08-21T19:30:40Z | stress_test | decision='migrar SECURE-COMMS-GW' asset=SECURE-COMMS-GW severity=NO_CONFLICT conflict=False label=CONFIRMED DECISION policies=[]
2026-08-21T19:30:40Z | stress_test | decision='migrar LAUNCH-AUTH' asset=LAUNCH-AUTH severity=NO_CONFLICT conflict=False label=CONFIRMED DECISION policies=[]
2026-08-21T19:30:40Z | stress_test | decision='migrar QA-IDENTITY' asset=QA-IDENTITY severity=NO_CONFLICT conflict=False label=CONFIRMED DECISION policies=[]
2026-08-21T19:30:40Z | stress_test | decision='migrar PARTNER-PORTAL' asset=PARTNER-PORTAL severity=NO_CONFLICT conflict=False label=CONFIRMED DECISION policies=[]
2026-08-21T19:30:40Z | stress_test | decision='migrar BILLING-ENGINE' asset=BILLING-ENGINE severity=NO_CONFLICT conflict=False label=CONFIRMED DECISION policies=[]
2026-08-21T19:30:40Z | stress_test | decision='migrar TREASURY-WORKSTATION' asset=TREASURY-WORKSTATION severity=NO_CONFLICT conflict=False label=CONFIRMED DECISION policies=[]
2026-08-21T19:30:40Z | stress_test | decision='migrar TELEMETRY-ARCHIVE' asset=TELEMETRY-ARCHIVE severity=NO_CONFLICT conflict=False label=CONFIRMED DECISION policies=[]
2026-08-21T19:30:40Z | stress_test | decision='migrar DATA-WAREHOUSE' asset=DATA-WAREHOUSE severity=NO_CONFLICT conflict=False label=CONFIRMED DECISION policies=[]
2026-08-21T19:30:40Z | stress_test | decision='migrar DEV-PORTAL' asset=DEV-PORTAL severity=NO_CONFLICT conflict=False label=CONFIRMED DECISION policies=[]
2026-08-21T19:30:40Z | stress_test | decision='migrar STAGING-K8S' asset=STAGING-K8S severity=NO_CONFLICT conflict=False label=CONFIRMED DECISION policies=[]
2026-08-21T19:30:40Z | stress_test | decision='migrar CLOUD-OBJ-STORE' asset=CLOUD-OBJ-STORE severity=NO_CONFLICT conflict=False label=CONFIRMED DECISION policies=[]
2026-08-21T19:30:40Z | stress_test | decision='migrar DNS-INTERNAL' asset=DNS-INTERNAL severity=NO_CONFLICT conflict=False label=CONFIRMED DECISION policies=[]
2026-08-21T19:30:40Z | stress_test | decision='migrar REGION-LB-EU' asset=REGION-LB-EU severity=NO_CONFLICT conflict=False label=CONFIRMED DECISION policies=[]
2026-08-21T19:30:40Z | stress_test | decision='migrar REGION-LB-US' asset=REGION-LB-US severity=NO_CONFLICT conflict=False label=CONFIRMED DECISION policies=[]
2026-08-21T19:30:40Z | stress_test | decision='migrar GUEST-NETWORK-PORTAL' asset=GUEST-NETWORK-PORTAL severity=NO_CONFLICT conflict=False label=CONFIRMED DECISION policies=[]
2026-08-21T19:30:40Z | stress_test | decision='migrar LEGACY-VPN-EU' asset=LEGACY-VPN-EU severity=NO_CONFLICT conflict=False label=CONFIRMED DECISION policies=[]
2026-08-21T19:30:40Z | stress_test | decision='migrar LEGACY-PKI-01' asset=LEGACY-PKI-01 severity=NO_CONFLICT conflict=False label=CONFIRMED DECISION policies=[]
2026-08-21T19:30:40Z | stress_test | decision='migrar LEGACY-ERP-02' asset=LEGACY-ERP-02 severity=CONFLICT conflict=True label=RECOMMENDED ALTERNATIVE policies=['P003']
2026-08-21T19:30:40Z | stress_test | decision='migrar LEGACY-MANUFACTURING' asset=LEGACY-MANUFACTURING severity=NO_CONFLICT conflict=False label=CONFIRMED DECISION policies=[]
2026-08-21T19:30:40Z | stress_test | decision='migrar LEGACY-RADIUS' asset=LEGACY-RADIUS severity=NO_CONFLICT conflict=False label=CONFIRMED DECISION policies=[]
2026-08-21T19:30:40Z | stress_test | decision='migrar LEGACY-BACKUP-TAPE' asset=LEGACY-BACKUP-TAPE severity=NO_CONFLICT conflict=False label=CONFIRMED DECISION policies=[]
2026-08-21T19:30:40Z | stress_test | decision='migrar GIT-INFRA' asset=GIT-INFRA severity=NO_CONFLICT conflict=False label=CONFIRMED DECISION policies=[]
2026-08-21T19:30:40Z | stress_test | decision='migrar MFG-CONTROL-01' asset=MFG-CONTROL-01 severity=NO_CONFLICT conflict=False label=CONFIRMED DECISION policies=[]
2026-08-21T19:30:40Z | stress_test | decision='migrar PQC-PILOT-DSA' asset=PQC-PILOT-DSA severity=NO_CONFLICT conflict=False label=CONFIRMED DECISION policies=[]
2026-08-21T19:30:40Z | stress_test | decision='migrar PQC-PILOT-KEM' asset=PQC-PILOT-KEM severity=NO_CONFLICT conflict=False label=CONFIRMED DECISION policies=[]
2026-08-21T19:30:40Z | stress_test | decision='migrar ASSET-071' asset=ASSET-071 severity=NO_CONFLICT conflict=False label=CONFIRMED DECISION policies=[]
2026-08-21T19:30:40Z | stress_test | decision='migrar HR-PORTAL' asset=HR-PORTAL severity=NO_CONFLICT conflict=False label=CONFIRMED DECISION policies=[]
2026-08-21T19:30:40Z | stress_test | decision='migrar HR-DATABASE' asset=HR-DATABASE severity=NO_CONFLICT conflict=False label=CONFIRMED DECISION policies=[]
2026-08-21T19:30:40Z | stress_test | decision='migrar CICD-RUNNERS' asset=CICD-RUNNERS severity=NO_CONFLICT conflict=False label=CONFIRMED DECISION policies=[]
2026-08-21T19:30:40Z | stress_test | decision='migrar MONITORING-STACK' asset=MONITORING-STACK severity=NO_CONFLICT conflict=False label=CONFIRMED DECISION policies=[]
2026-08-21T19:30:40Z | stress_test | decision='migrar COLLAB-SUITE' asset=COLLAB-SUITE severity=NO_CONFLICT conflict=False label=CONFIRMED DECISION policies=[]
2026-08-21T19:30:40Z | stress_test | decision='migrar FILE-SHARE-GLOBAL' asset=FILE-SHARE-GLOBAL severity=NO_CONFLICT conflict=False label=CONFIRMED DECISION policies=[]
2026-08-21T19:30:40Z | stress_test | decision='migrar MFG-CONTROL-02' asset=MFG-CONTROL-02 severity=NO_CONFLICT conflict=False label=CONFIRMED DECISION policies=[]
2026-08-21T19:30:40Z | stress_test | decision='migrar SUPPLY-CHAIN-API' asset=SUPPLY-CHAIN-API severity=NO_CONFLICT conflict=False label=CONFIRMED DECISION policies=[]
2026-08-21T19:30:40Z | stress_test | decision='migrar EMAIL-GATEWAY' asset=EMAIL-GATEWAY severity=NO_CONFLICT conflict=False label=CONFIRMED DECISION policies=[]
2026-08-21T19:30:40Z | stress_test | decision='migrar ASSET-MGMT' asset=ASSET-MGMT severity=NO_CONFLICT conflict=False label=CONFIRMED DECISION policies=[]
2026-08-21T19:30:40Z | stress_test | decision='migrar TIME-SYNC' asset=TIME-SYNC severity=NO_CONFLICT conflict=False label=CONFIRMED DECISION policies=[]
2026-08-21T19:30:40Z | stress_test | decision='migrar LAB-WIFI-CONTROLLER' asset=LAB-WIFI-CONTROLLER severity=NO_CONFLICT conflict=False label=CONFIRMED DECISION policies=[]
2026-08-21T19:30:40Z | stress_test | decision='migrar DEMO-ENV-PORTAL' asset=DEMO-ENV-PORTAL severity=NO_CONFLICT conflict=False label=CONFIRMED DECISION policies=[]
2026-08-21T19:30:40Z | stress_test | decision='migrar TRAINING-SIMULATOR' asset=TRAINING-SIMULATOR severity=NO_CONFLICT conflict=False label=CONFIRMED DECISION policies=[]
2026-08-21T19:30:40Z | stress_test | decision='migrar PRINT-SERVER-HQ' asset=PRINT-SERVER-HQ severity=NO_CONFLICT conflict=False label=CONFIRMED DECISION policies=[]
2026-08-21T19:30:40Z | stress_test | decision='migrar ASSET-042' asset=ASSET-042 severity=NO_CONFLICT conflict=False label=CONFIRMED DECISION policies=[]
2026-08-21T19:30:40Z | stress_test | decision='migrar ASSET-057' asset=ASSET-057 severity=NO_CONFLICT conflict=False label=CONFIRMED DECISION policies=[]
2026-08-21T19:30:40Z | stress_test | decision='migrar ASSET-063' asset=ASSET-063 severity=NO_CONFLICT conflict=False label=CONFIRMED DECISION policies=[]
2026-08-21T19:30:40Z | stress_test | decision='migrar APAC-SG' asset=APAC-SG severity=NO_CONFLICT conflict=False label=CONFIRMED DECISION policies=[]
2026-08-21T19:30:40Z | stress_test | decision='migrar NG-07' asset=NG-07 severity=NO_CONFLICT conflict=False label=CONFIRMED DECISION policies=[]
2026-08-21T19:30:40Z | stress_test | decision='migrar MISSION-CONTROL' asset=MISSION-CONTROL severity=CONFLICT conflict=True label=RECOMMENDED ALTERNATIVE policies=['P002', 'P003', 'P008']
2026-08-21T19:30:40Z | stress_test | decision='migrar PAYMENTS-CORE' asset=PAYMENTS-CORE severity=NO_CONFLICT conflict=False label=CONFIRMED DECISION policies=[]
2026-08-21T19:30:40Z | stress_test | decision='migrar FLIGHT-DATA' asset=FLIGHT-DATA severity=NO_CONFLICT conflict=False label=CONFIRMED DECISION policies=[]
2026-08-21T19:30:40Z | stress_test | decision='migrar SECURITY-SIEM' asset=SECURITY-SIEM severity=NO_CONFLICT conflict=False label=CONFIRMED DECISION policies=[]
2026-08-21T19:30:40Z | stress_test | decision='migrar LEGACY-FTP' asset=LEGACY-FTP severity=NO_CONFLICT conflict=False label=CONFIRMED DECISION policies=[]
2026-08-21T19:30:42Z | stress_test | decision='migrar IDENTITY-CORE' asset=IDENTITY-CORE severity=CONFLICT conflict=True label=RECOMMENDED ALTERNATIVE policies=['P003']
2026-08-21T19:30:42Z | stress_test | decision='migrar SSO-GLOBAL' asset=SSO-GLOBAL severity=NO_CONFLICT conflict=False label=CONFIRMED DECISION policies=[]
2026-08-21T19:30:42Z | stress_test | decision='migrar PKI-ROOT' asset=PKI-ROOT severity=NO_CONFLICT conflict=False label=CONFIRMED DECISION policies=[]
2026-08-21T19:30:42Z | stress_test | decision='migrar PKI-INTERMEDIATE' asset=PKI-INTERMEDIATE severity=NO_CONFLICT conflict=False label=CONFIRMED DECISION policies=[]
2026-08-21T19:30:42Z | stress_test | decision='migrar HSM-CLUSTER-US' asset=HSM-CLUSTER-US severity=NO_CONFLICT conflict=False label=CONFIRMED DECISION policies=[]
2026-08-21T19:30:42Z | stress_test | decision='migrar HSM-CLUSTER-EU' asset=HSM-CLUSTER-EU severity=NO_CONFLICT conflict=False label=CONFIRMED DECISION policies=[]
2026-08-21T19:30:42Z | stress_test | decision='migrar PAYMENT-CORE' asset=PAYMENT-CORE severity=NO_CONFLICT conflict=False label=CONFIRMED DECISION policies=[]
2026-08-21T19:30:42Z | stress_test | decision='migrar COMMAND-SIGNING' asset=COMMAND-SIGNING severity=NO_CONFLICT conflict=False label=CONFIRMED DECISION policies=[]
2026-08-21T19:30:42Z | stress_test | decision='migrar SAT-OPS-01' asset=SAT-OPS-01 severity=CONFLICT conflict=True label=RECOMMENDED ALTERNATIVE policies=['P002', 'P008']
2026-08-21T19:30:42Z | stress_test | decision='migrar GROUND-STATION-EU' asset=GROUND-STATION-EU severity=NO_CONFLICT conflict=False label=CONFIRMED DECISION policies=[]
2026-08-21T19:30:42Z | stress_test | decision='migrar CUSTOMER-PORTAL' asset=CUSTOMER-PORTAL severity=CONFLICT conflict=True label=RECOMMENDED ALTERNATIVE policies=['P003']
2026-08-21T19:30:42Z | stress_test | decision='migrar TELEMETRY-BUS' asset=TELEMETRY-BUS severity=NO_CONFLICT conflict=False label=CONFIRMED DECISION policies=[]
2026-08-21T19:30:42Z | stress_test | decision='migrar DATA-LAKE-01' asset=DATA-LAKE-01 severity=NO_CONFLICT conflict=False label=CONFIRMED DECISION policies=[]
2026-08-21T19:30:42Z | stress_test | decision='migrar GROUND-STATION-US' asset=GROUND-STATION-US severity=NO_CONFLICT conflict=False label=CONFIRMED DECISION policies=[]
2026-08-21T19:30:42Z | stress_test | decision='migrar GROUND-STATION-APAC' asset=GROUND-STATION-APAC severity=NO_CONFLICT conflict=False label=CONFIRMED DECISION policies=[]
2026-08-21T19:30:42Z | stress_test | decision='migrar SAT-OPS-02' asset=SAT-OPS-02 severity=NO_CONFLICT conflict=False label=CONFIRMED DECISION policies=[]
2026-08-21T19:30:42Z | stress_test | decision='migrar SAT-COMMS-RELAY' asset=SAT-COMMS-RELAY severity=NO_CONFLICT conflict=False label=CONFIRMED DECISION policies=[]
2026-08-21T19:30:42Z | stress_test | decision='migrar API-GATEWAY-EDGE' asset=API-GATEWAY-EDGE severity=NO_CONFLICT conflict=False label=CONFIRMED DECISION policies=[]
2026-08-21T19:30:42Z | stress_test | decision='migrar API-GATEWAY-INTERNAL' asset=API-GATEWAY-INTERNAL severity=NO_CONFLICT conflict=False label=CONFIRMED DECISION policies=[]
2026-08-21T19:30:42Z | stress_test | decision='migrar IAM-WORKFORCE' asset=IAM-WORKFORCE severity=NO_CONFLICT conflict=False label=CONFIRMED DECISION policies=[]
2026-08-21T19:30:42Z | stress_test | decision='migrar PKI-EXTERNAL-CA' asset=PKI-EXTERNAL-CA severity=NO_CONFLICT conflict=False label=CONFIRMED DECISION policies=[]
2026-08-21T19:30:42Z | stress_test | decision='migrar KMS-CLOUD-PRIMARY' asset=KMS-CLOUD-PRIMARY severity=NO_CONFLICT conflict=False label=CONFIRMED DECISION policies=[]
2026-08-21T19:30:42Z | stress_test | decision='migrar BACKUP-VAULT-01' asset=BACKUP-VAULT-01 severity=NO_CONFLICT conflict=False label=CONFIRMED DECISION policies=[]
2026-08-21T19:30:42Z | stress_test | decision='migrar ERP-FINANCE' asset=ERP-FINANCE severity=NO_CONFLICT conflict=False label=CONFIRMED DECISION policies=[]
2026-08-21T19:30:42Z | stress_test | decision='migrar MOBILE-BANKING-APP' asset=MOBILE-BANKING-APP severity=NO_CONFLICT conflict=False label=CONFIRMED DECISION policies=[]
2026-08-21T19:30:42Z | stress_test | decision='migrar CODE-SIGNING-PROD' asset=CODE-SIGNING-PROD severity=CONFLICT conflict=True label=RECOMMENDED ALTERNATIVE policies=['P003']
2026-08-21T19:30:42Z | stress_test | decision='migrar FIRMWARE-SIGNING' asset=FIRMWARE-SIGNING severity=CONFLICT conflict=True label=RECOMMENDED ALTERNATIVE policies=['P003']
2026-08-21T19:30:42Z | stress_test | decision='migrar SIEM-CORE' asset=SIEM-CORE severity=NO_CONFLICT conflict=False label=CONFIRMED DECISION policies=[]
2026-08-21T19:30:42Z | stress_test | decision='migrar SOC-PLATFORM' asset=SOC-PLATFORM severity=NO_CONFLICT conflict=False label=CONFIRMED DECISION policies=[]
2026-08-21T19:30:42Z | stress_test | decision='migrar LOGGING-PIPELINE' asset=LOGGING-PIPELINE severity=NO_CONFLICT conflict=False label=CONFIRMED DECISION policies=[]
2026-08-21T19:30:42Z | stress_test | decision='migrar VPN-CORP-PRIMARY' asset=VPN-CORP-PRIMARY severity=NO_CONFLICT conflict=False label=CONFIRMED DECISION policies=[]
2026-08-21T19:30:42Z | stress_test | decision='migrar K8S-PROD-US' asset=K8S-PROD-US severity=NO_CONFLICT conflict=False label=CONFIRMED DECISION policies=[]
2026-08-21T19:30:42Z | stress_test | decision='migrar K8S-PROD-EU' asset=K8S-PROD-EU severity=NO_CONFLICT conflict=False label=CONFIRMED DECISION policies=[]
2026-08-21T19:30:42Z | stress_test | decision='migrar DB-MISSION-PRIMARY' asset=DB-MISSION-PRIMARY severity=NO_CONFLICT conflict=False label=CONFIRMED DECISION policies=[]
2026-08-21T19:30:42Z | stress_test | decision='migrar DB-PAYMENTS' asset=DB-PAYMENTS severity=NO_CONFLICT conflict=False label=CONFIRMED DECISION policies=[]
2026-08-21T19:30:42Z | stress_test | decision='migrar CUSTOMER-API' asset=CUSTOMER-API severity=NO_CONFLICT conflict=False label=CONFIRMED DECISION policies=[]
2026-08-21T19:30:42Z | stress_test | decision='migrar SECURE-COMMS-GW' asset=SECURE-COMMS-GW severity=NO_CONFLICT conflict=False label=CONFIRMED DECISION policies=[]
2026-08-21T19:30:42Z | stress_test | decision='migrar LAUNCH-AUTH' asset=LAUNCH-AUTH severity=NO_CONFLICT conflict=False label=CONFIRMED DECISION policies=[]
2026-08-21T19:30:42Z | stress_test | decision='migrar QA-IDENTITY' asset=QA-IDENTITY severity=NO_CONFLICT conflict=False label=CONFIRMED DECISION policies=[]
2026-08-21T19:30:42Z | stress_test | decision='migrar PARTNER-PORTAL' asset=PARTNER-PORTAL severity=NO_CONFLICT conflict=False label=CONFIRMED DECISION policies=[]
2026-08-21T19:30:42Z | stress_test | decision='migrar BILLING-ENGINE' asset=BILLING-ENGINE severity=NO_CONFLICT conflict=False label=CONFIRMED DECISION policies=[]
2026-08-21T19:30:42Z | stress_test | decision='migrar TREASURY-WORKSTATION' asset=TREASURY-WORKSTATION severity=NO_CONFLICT conflict=False label=CONFIRMED DECISION policies=[]
2026-08-21T19:30:42Z | stress_test | decision='migrar TELEMETRY-ARCHIVE' asset=TELEMETRY-ARCHIVE severity=NO_CONFLICT conflict=False label=CONFIRMED DECISION policies=[]
2026-08-21T19:30:42Z | stress_test | decision='migrar DATA-WAREHOUSE' asset=DATA-WAREHOUSE severity=NO_CONFLICT conflict=False label=CONFIRMED DECISION policies=[]
2026-08-21T19:30:42Z | stress_test | decision='migrar DEV-PORTAL' asset=DEV-PORTAL severity=NO_CONFLICT conflict=False label=CONFIRMED DECISION policies=[]
2026-08-21T19:30:42Z | stress_test | decision='migrar STAGING-K8S' asset=STAGING-K8S severity=NO_CONFLICT conflict=False label=CONFIRMED DECISION policies=[]
2026-08-21T19:30:42Z | stress_test | decision='migrar CLOUD-OBJ-STORE' asset=CLOUD-OBJ-STORE severity=NO_CONFLICT conflict=False label=CONFIRMED DECISION policies=[]
2026-08-21T19:30:42Z | stress_test | decision='migrar DNS-INTERNAL' asset=DNS-INTERNAL severity=NO_CONFLICT conflict=False label=CONFIRMED DECISION policies=[]
2026-08-21T19:30:42Z | stress_test | decision='migrar REGION-LB-EU' asset=REGION-LB-EU severity=NO_CONFLICT conflict=False label=CONFIRMED DECISION policies=[]
2026-08-21T19:30:42Z | stress_test | decision='migrar REGION-LB-US' asset=REGION-LB-US severity=NO_CONFLICT conflict=False label=CONFIRMED DECISION policies=[]
2026-08-21T19:30:42Z | stress_test | decision='migrar GUEST-NETWORK-PORTAL' asset=GUEST-NETWORK-PORTAL severity=NO_CONFLICT conflict=False label=CONFIRMED DECISION policies=[]
2026-08-21T19:30:42Z | stress_test | decision='migrar LEGACY-VPN-EU' asset=LEGACY-VPN-EU severity=NO_CONFLICT conflict=False label=CONFIRMED DECISION policies=[]
2026-08-21T19:30:42Z | stress_test | decision='migrar LEGACY-PKI-01' asset=LEGACY-PKI-01 severity=NO_CONFLICT conflict=False label=CONFIRMED DECISION policies=[]
2026-08-21T19:30:42Z | stress_test | decision='migrar LEGACY-ERP-02' asset=LEGACY-ERP-02 severity=CONFLICT conflict=True label=RECOMMENDED ALTERNATIVE policies=['P003']
2026-08-21T19:30:42Z | stress_test | decision='migrar LEGACY-MANUFACTURING' asset=LEGACY-MANUFACTURING severity=NO_CONFLICT conflict=False label=CONFIRMED DECISION policies=[]
2026-08-21T19:30:42Z | stress_test | decision='migrar LEGACY-RADIUS' asset=LEGACY-RADIUS severity=NO_CONFLICT conflict=False label=CONFIRMED DECISION policies=[]
2026-08-21T19:30:42Z | stress_test | decision='migrar LEGACY-BACKUP-TAPE' asset=LEGACY-BACKUP-TAPE severity=NO_CONFLICT conflict=False label=CONFIRMED DECISION policies=[]
2026-08-21T19:30:42Z | stress_test | decision='migrar GIT-INFRA' asset=GIT-INFRA severity=NO_CONFLICT conflict=False label=CONFIRMED DECISION policies=[]
2026-08-21T19:30:42Z | stress_test | decision='migrar MFG-CONTROL-01' asset=MFG-CONTROL-01 severity=NO_CONFLICT conflict=False label=CONFIRMED DECISION policies=[]
2026-08-21T19:30:42Z | stress_test | decision='migrar PQC-PILOT-DSA' asset=PQC-PILOT-DSA severity=NO_CONFLICT conflict=False label=CONFIRMED DECISION policies=[]
2026-08-21T19:30:42Z | stress_test | decision='migrar PQC-PILOT-KEM' asset=PQC-PILOT-KEM severity=NO_CONFLICT conflict=False label=CONFIRMED DECISION policies=[]
2026-08-21T19:30:42Z | stress_test | decision='migrar ASSET-071' asset=ASSET-071 severity=NO_CONFLICT conflict=False label=CONFIRMED DECISION policies=[]
2026-08-21T19:30:42Z | stress_test | decision='migrar HR-PORTAL' asset=HR-PORTAL severity=NO_CONFLICT conflict=False label=CONFIRMED DECISION policies=[]
2026-08-21T19:30:42Z | stress_test | decision='migrar HR-DATABASE' asset=HR-DATABASE severity=NO_CONFLICT conflict=False label=CONFIRMED DECISION policies=[]
2026-08-21T19:30:42Z | stress_test | decision='migrar CICD-RUNNERS' asset=CICD-RUNNERS severity=NO_CONFLICT conflict=False label=CONFIRMED DECISION policies=[]
2026-08-21T19:30:42Z | stress_test | decision='migrar MONITORING-STACK' asset=MONITORING-STACK severity=NO_CONFLICT conflict=False label=CONFIRMED DECISION policies=[]
2026-08-21T19:30:42Z | stress_test | decision='migrar COLLAB-SUITE' asset=COLLAB-SUITE severity=NO_CONFLICT conflict=False label=CONFIRMED DECISION policies=[]
2026-08-21T19:30:42Z | stress_test | decision='migrar FILE-SHARE-GLOBAL' asset=FILE-SHARE-GLOBAL severity=NO_CONFLICT conflict=False label=CONFIRMED DECISION policies=[]
2026-08-21T19:30:42Z | stress_test | decision='migrar MFG-CONTROL-02' asset=MFG-CONTROL-02 severity=NO_CONFLICT conflict=False label=CONFIRMED DECISION policies=[]
2026-08-21T19:30:42Z | stress_test | decision='migrar SUPPLY-CHAIN-API' asset=SUPPLY-CHAIN-API severity=NO_CONFLICT conflict=False label=CONFIRMED DECISION policies=[]
2026-08-21T19:30:42Z | stress_test | decision='migrar EMAIL-GATEWAY' asset=EMAIL-GATEWAY severity=NO_CONFLICT conflict=False label=CONFIRMED DECISION policies=[]
2026-08-21T19:30:42Z | stress_test | decision='migrar ASSET-MGMT' asset=ASSET-MGMT severity=NO_CONFLICT conflict=False label=CONFIRMED DECISION policies=[]
2026-08-21T19:30:42Z | stress_test | decision='migrar TIME-SYNC' asset=TIME-SYNC severity=NO_CONFLICT conflict=False label=CONFIRMED DECISION policies=[]
2026-08-21T19:30:42Z | stress_test | decision='migrar LAB-WIFI-CONTROLLER' asset=LAB-WIFI-CONTROLLER severity=NO_CONFLICT conflict=False label=CONFIRMED DECISION policies=[]
2026-08-21T19:30:42Z | stress_test | decision='migrar DEMO-ENV-PORTAL' asset=DEMO-ENV-PORTAL severity=NO_CONFLICT conflict=False label=CONFIRMED DECISION policies=[]
2026-08-21T19:30:42Z | stress_test | decision='migrar TRAINING-SIMULATOR' asset=TRAINING-SIMULATOR severity=NO_CONFLICT conflict=False label=CONFIRMED DECISION policies=[]
2026-08-21T19:30:42Z | stress_test | decision='migrar PRINT-SERVER-HQ' asset=PRINT-SERVER-HQ severity=NO_CONFLICT conflict=False label=CONFIRMED DECISION policies=[]
2026-08-21T19:30:42Z | stress_test | decision='migrar ASSET-042' asset=ASSET-042 severity=NO_CONFLICT conflict=False label=CONFIRMED DECISION policies=[]
2026-08-21T19:30:42Z | stress_test | decision='migrar ASSET-057' asset=ASSET-057 severity=NO_CONFLICT conflict=False label=CONFIRMED DECISION policies=[]
2026-08-21T19:30:42Z | stress_test | decision='migrar ASSET-063' asset=ASSET-063 severity=NO_CONFLICT conflict=False label=CONFIRMED DECISION policies=[]
2026-08-21T19:30:42Z | stress_test | decision='migrar APAC-SG' asset=APAC-SG severity=NO_CONFLICT conflict=False label=CONFIRMED DECISION policies=[]
2026-08-21T19:30:42Z | stress_test | decision='migrar NG-07' asset=NG-07 severity=NO_CONFLICT conflict=False label=CONFIRMED DECISION policies=[]
2026-08-21T19:30:42Z | stress_test | decision='migrar MISSION-CONTROL' asset=MISSION-CONTROL severity=CONFLICT conflict=True label=RECOMMENDED ALTERNATIVE policies=['P002', 'P003', 'P008']
2026-08-21T19:30:42Z | stress_test | decision='migrar PAYMENTS-CORE' asset=PAYMENTS-CORE severity=NO_CONFLICT conflict=False label=CONFIRMED DECISION policies=[]
2026-08-21T19:30:42Z | stress_test | decision='migrar FLIGHT-DATA' asset=FLIGHT-DATA severity=NO_CONFLICT conflict=False label=CONFIRMED DECISION policies=[]
2026-08-21T19:30:42Z | stress_test | decision='migrar SECURITY-SIEM' asset=SECURITY-SIEM severity=NO_CONFLICT conflict=False label=CONFIRMED DECISION policies=[]
2026-08-21T19:30:42Z | stress_test | decision='migrar LEGACY-FTP' asset=LEGACY-FTP severity=NO_CONFLICT conflict=False label=CONFIRMED DECISION policies=[]
2026-08-21T19:30:42Z | stress_test | decision='migrar IDENTITY-CORE' asset=IDENTITY-CORE severity=CONFLICT conflict=True label=RECOMMENDED ALTERNATIVE policies=['P003']
2026-08-21T19:30:42Z | stress_test | decision='migrar SSO-GLOBAL' asset=SSO-GLOBAL severity=NO_CONFLICT conflict=False label=CONFIRMED DECISION policies=[]
2026-08-21T19:30:42Z | stress_test | decision='migrar PKI-ROOT' asset=PKI-ROOT severity=NO_CONFLICT conflict=False label=CONFIRMED DECISION policies=[]
2026-08-21T19:30:42Z | stress_test | decision='migrar PKI-INTERMEDIATE' asset=PKI-INTERMEDIATE severity=NO_CONFLICT conflict=False label=CONFIRMED DECISION policies=[]
2026-08-21T19:30:42Z | stress_test | decision='migrar HSM-CLUSTER-US' asset=HSM-CLUSTER-US severity=NO_CONFLICT conflict=False label=CONFIRMED DECISION policies=[]
2026-08-21T19:30:42Z | stress_test | decision='migrar HSM-CLUSTER-EU' asset=HSM-CLUSTER-EU severity=NO_CONFLICT conflict=False label=CONFIRMED DECISION policies=[]
2026-08-21T19:30:42Z | stress_test | decision='migrar PAYMENT-CORE' asset=PAYMENT-CORE severity=NO_CONFLICT conflict=False label=CONFIRMED DECISION policies=[]
2026-08-21T19:30:42Z | stress_test | decision='migrar COMMAND-SIGNING' asset=COMMAND-SIGNING severity=NO_CONFLICT conflict=False label=CONFIRMED DECISION policies=[]
2026-08-21T19:30:42Z | stress_test | decision='migrar SAT-OPS-01' asset=SAT-OPS-01 severity=CONFLICT conflict=True label=RECOMMENDED ALTERNATIVE policies=['P002', 'P008']
2026-08-21T19:30:42Z | stress_test | decision='migrar GROUND-STATION-EU' asset=GROUND-STATION-EU severity=NO_CONFLICT conflict=False label=CONFIRMED DECISION policies=[]
2026-08-21T19:30:42Z | stress_test | decision='migrar CUSTOMER-PORTAL' asset=CUSTOMER-PORTAL severity=CONFLICT conflict=True label=RECOMMENDED ALTERNATIVE policies=['P003']
2026-08-21T19:30:42Z | stress_test | decision='migrar TELEMETRY-BUS' asset=TELEMETRY-BUS severity=NO_CONFLICT conflict=False label=CONFIRMED DECISION policies=[]
2026-08-21T19:30:42Z | stress_test | decision='migrar DATA-LAKE-01' asset=DATA-LAKE-01 severity=NO_CONFLICT conflict=False label=CONFIRMED DECISION policies=[]
2026-08-21T19:30:42Z | stress_test | decision='migrar GROUND-STATION-US' asset=GROUND-STATION-US severity=NO_CONFLICT conflict=False label=CONFIRMED DECISION policies=[]
2026-08-21T19:30:42Z | stress_test | decision='migrar GROUND-STATION-APAC' asset=GROUND-STATION-APAC severity=NO_CONFLICT conflict=False label=CONFIRMED DECISION policies=[]
2026-08-21T19:30:42Z | stress_test | decision='migrar SAT-OPS-02' asset=SAT-OPS-02 severity=NO_CONFLICT conflict=False label=CONFIRMED DECISION policies=[]
2026-08-21T19:30:42Z | stress_test | decision='migrar SAT-COMMS-RELAY' asset=SAT-COMMS-RELAY severity=NO_CONFLICT conflict=False label=CONFIRMED DECISION policies=[]
2026-08-21T19:30:42Z | stress_test | decision='migrar API-GATEWAY-EDGE' asset=API-GATEWAY-EDGE severity=NO_CONFLICT conflict=False label=CONFIRMED DECISION policies=[]
2026-08-21T19:30:42Z | stress_test | decision='migrar API-GATEWAY-INTERNAL' asset=API-GATEWAY-INTERNAL severity=NO_CONFLICT conflict=False label=CONFIRMED DECISION policies=[]
2026-08-21T19:30:42Z | stress_test | decision='migrar IAM-WORKFORCE' asset=IAM-WORKFORCE severity=NO_CONFLICT conflict=False label=CONFIRMED DECISION policies=[]
2026-08-21T19:30:42Z | stress_test | decision='migrar PKI-EXTERNAL-CA' asset=PKI-EXTERNAL-CA severity=NO_CONFLICT conflict=False label=CONFIRMED DECISION policies=[]
2026-08-21T19:30:42Z | stress_test | decision='migrar KMS-CLOUD-PRIMARY' asset=KMS-CLOUD-PRIMARY severity=NO_CONFLICT conflict=False label=CONFIRMED DECISION policies=[]
2026-08-21T19:30:42Z | stress_test | decision='migrar BACKUP-VAULT-01' asset=BACKUP-VAULT-01 severity=NO_CONFLICT conflict=False label=CONFIRMED DECISION policies=[]
2026-08-21T19:30:42Z | stress_test | decision='migrar ERP-FINANCE' asset=ERP-FINANCE severity=NO_CONFLICT conflict=False label=CONFIRMED DECISION policies=[]
2026-08-21T19:30:42Z | stress_test | decision='migrar MOBILE-BANKING-APP' asset=MOBILE-BANKING-APP severity=NO_CONFLICT conflict=False label=CONFIRMED DECISION policies=[]
2026-08-21T19:30:42Z | stress_test | decision='migrar CODE-SIGNING-PROD' asset=CODE-SIGNING-PROD severity=CONFLICT conflict=True label=RECOMMENDED ALTERNATIVE policies=['P003']
2026-08-21T19:30:42Z | stress_test | decision='migrar FIRMWARE-SIGNING' asset=FIRMWARE-SIGNING severity=CONFLICT conflict=True label=RECOMMENDED ALTERNATIVE policies=['P003']
2026-08-21T19:30:42Z | stress_test | decision='migrar SIEM-CORE' asset=SIEM-CORE severity=NO_CONFLICT conflict=False label=CONFIRMED DECISION policies=[]
2026-08-21T19:30:42Z | stress_test | decision='migrar SOC-PLATFORM' asset=SOC-PLATFORM severity=NO_CONFLICT conflict=False label=CONFIRMED DECISION policies=[]
2026-08-21T19:30:42Z | stress_test | decision='migrar LOGGING-PIPELINE' asset=LOGGING-PIPELINE severity=NO_CONFLICT conflict=False label=CONFIRMED DECISION policies=[]
2026-08-21T19:30:42Z | stress_test | decision='migrar VPN-CORP-PRIMARY' asset=VPN-CORP-PRIMARY severity=NO_CONFLICT conflict=False label=CONFIRMED DECISION policies=[]
2026-08-21T19:30:42Z | stress_test | decision='migrar K8S-PROD-US' asset=K8S-PROD-US severity=NO_CONFLICT conflict=False label=CONFIRMED DECISION policies=[]
2026-08-21T19:30:42Z | stress_test | decision='migrar K8S-PROD-EU' asset=K8S-PROD-EU severity=NO_CONFLICT conflict=False label=CONFIRMED DECISION policies=[]
2026-08-21T19:30:42Z | stress_test | decision='migrar DB-MISSION-PRIMARY' asset=DB-MISSION-PRIMARY severity=NO_CONFLICT conflict=False label=CONFIRMED DECISION policies=[]
2026-08-21T19:30:42Z | stress_test | decision='migrar DB-PAYMENTS' asset=DB-PAYMENTS severity=NO_CONFLICT conflict=False label=CONFIRMED DECISION policies=[]
2026-08-21T19:30:42Z | stress_test | decision='migrar CUSTOMER-API' asset=CUSTOMER-API severity=NO_CONFLICT conflict=False label=CONFIRMED DECISION policies=[]
2026-08-21T19:30:42Z | stress_test | decision='migrar SECURE-COMMS-GW' asset=SECURE-COMMS-GW severity=NO_CONFLICT conflict=False label=CONFIRMED DECISION policies=[]
2026-08-21T19:30:42Z | stress_test | decision='migrar LAUNCH-AUTH' asset=LAUNCH-AUTH severity=NO_CONFLICT conflict=False label=CONFIRMED DECISION policies=[]
2026-08-21T19:30:42Z | stress_test | decision='migrar QA-IDENTITY' asset=QA-IDENTITY severity=NO_CONFLICT conflict=False label=CONFIRMED DECISION policies=[]
2026-08-21T19:30:42Z | stress_test | decision='migrar PARTNER-PORTAL' asset=PARTNER-PORTAL severity=NO_CONFLICT conflict=False label=CONFIRMED DECISION policies=[]
2026-08-21T19:30:42Z | stress_test | decision='migrar BILLING-ENGINE' asset=BILLING-ENGINE severity=NO_CONFLICT conflict=False label=CONFIRMED DECISION policies=[]
2026-08-21T19:30:42Z | stress_test | decision='migrar TREASURY-WORKSTATION' asset=TREASURY-WORKSTATION severity=NO_CONFLICT conflict=False label=CONFIRMED DECISION policies=[]
2026-08-21T19:30:42Z | stress_test | decision='migrar TELEMETRY-ARCHIVE' asset=TELEMETRY-ARCHIVE severity=NO_CONFLICT conflict=False label=CONFIRMED DECISION policies=[]
2026-08-21T19:30:42Z | stress_test | decision='migrar DATA-WAREHOUSE' asset=DATA-WAREHOUSE severity=NO_CONFLICT conflict=False label=CONFIRMED DECISION policies=[]
2026-08-21T19:30:42Z | stress_test | decision='migrar DEV-PORTAL' asset=DEV-PORTAL severity=NO_CONFLICT conflict=False label=CONFIRMED DECISION policies=[]
2026-08-21T19:30:42Z | stress_test | decision='migrar STAGING-K8S' asset=STAGING-K8S severity=NO_CONFLICT conflict=False label=CONFIRMED DECISION policies=[]
2026-08-21T19:30:42Z | stress_test | decision='migrar CLOUD-OBJ-STORE' asset=CLOUD-OBJ-STORE severity=NO_CONFLICT conflict=False label=CONFIRMED DECISION policies=[]
2026-08-21T19:30:42Z | stress_test | decision='migrar DNS-INTERNAL' asset=DNS-INTERNAL severity=NO_CONFLICT conflict=False label=CONFIRMED DECISION policies=[]
2026-08-21T19:30:42Z | stress_test | decision='migrar REGION-LB-EU' asset=REGION-LB-EU severity=NO_CONFLICT conflict=False label=CONFIRMED DECISION policies=[]
2026-08-21T19:30:42Z | stress_test | decision='migrar REGION-LB-US' asset=REGION-LB-US severity=NO_CONFLICT conflict=False label=CONFIRMED DECISION policies=[]
2026-08-21T19:30:42Z | stress_test | decision='migrar GUEST-NETWORK-PORTAL' asset=GUEST-NETWORK-PORTAL severity=NO_CONFLICT conflict=False label=CONFIRMED DECISION policies=[]
2026-08-21T19:30:42Z | stress_test | decision='migrar LEGACY-VPN-EU' asset=LEGACY-VPN-EU severity=NO_CONFLICT conflict=False label=CONFIRMED DECISION policies=[]
2026-08-21T19:30:42Z | stress_test | decision='migrar LEGACY-PKI-01' asset=LEGACY-PKI-01 severity=NO_CONFLICT conflict=False label=CONFIRMED DECISION policies=[]
2026-08-21T19:30:42Z | stress_test | decision='migrar LEGACY-ERP-02' asset=LEGACY-ERP-02 severity=CONFLICT conflict=True label=RECOMMENDED ALTERNATIVE policies=['P003']
2026-08-21T19:30:42Z | stress_test | decision='migrar LEGACY-MANUFACTURING' asset=LEGACY-MANUFACTURING severity=NO_CONFLICT conflict=False label=CONFIRMED DECISION policies=[]
2026-08-21T19:30:42Z | stress_test | decision='migrar LEGACY-RADIUS' asset=LEGACY-RADIUS severity=NO_CONFLICT conflict=False label=CONFIRMED DECISION policies=[]
2026-08-21T19:30:42Z | stress_test | decision='migrar LEGACY-BACKUP-TAPE' asset=LEGACY-BACKUP-TAPE severity=NO_CONFLICT conflict=False label=CONFIRMED DECISION policies=[]
2026-08-21T19:30:42Z | stress_test | decision='migrar GIT-INFRA' asset=GIT-INFRA severity=NO_CONFLICT conflict=False label=CONFIRMED DECISION policies=[]
2026-08-21T19:30:42Z | stress_test | decision='migrar MFG-CONTROL-01' asset=MFG-CONTROL-01 severity=NO_CONFLICT conflict=False label=CONFIRMED DECISION policies=[]
2026-08-21T19:30:42Z | stress_test | decision='migrar PQC-PILOT-DSA' asset=PQC-PILOT-DSA severity=NO_CONFLICT conflict=False label=CONFIRMED DECISION policies=[]
2026-08-21T19:30:42Z | stress_test | decision='migrar PQC-PILOT-KEM' asset=PQC-PILOT-KEM severity=NO_CONFLICT conflict=False label=CONFIRMED DECISION policies=[]
2026-08-21T19:30:42Z | stress_test | decision='migrar ASSET-071' asset=ASSET-071 severity=NO_CONFLICT conflict=False label=CONFIRMED DECISION policies=[]
2026-08-21T19:30:42Z | stress_test | decision='migrar HR-PORTAL' asset=HR-PORTAL severity=NO_CONFLICT conflict=False label=CONFIRMED DECISION policies=[]
2026-08-21T19:30:42Z | stress_test | decision='migrar HR-DATABASE' asset=HR-DATABASE severity=NO_CONFLICT conflict=False label=CONFIRMED DECISION policies=[]
2026-08-21T19:30:42Z | stress_test | decision='migrar CICD-RUNNERS' asset=CICD-RUNNERS severity=NO_CONFLICT conflict=False label=CONFIRMED DECISION policies=[]
2026-08-21T19:30:42Z | stress_test | decision='migrar MONITORING-STACK' asset=MONITORING-STACK severity=NO_CONFLICT conflict=False label=CONFIRMED DECISION policies=[]
2026-08-21T19:30:42Z | stress_test | decision='migrar COLLAB-SUITE' asset=COLLAB-SUITE severity=NO_CONFLICT conflict=False label=CONFIRMED DECISION policies=[]
2026-08-21T19:30:42Z | stress_test | decision='migrar FILE-SHARE-GLOBAL' asset=FILE-SHARE-GLOBAL severity=NO_CONFLICT conflict=False label=CONFIRMED DECISION policies=[]
2026-08-21T19:30:42Z | stress_test | decision='migrar MFG-CONTROL-02' asset=MFG-CONTROL-02 severity=NO_CONFLICT conflict=False label=CONFIRMED DECISION policies=[]
2026-08-21T19:30:42Z | stress_test | decision='migrar SUPPLY-CHAIN-API' asset=SUPPLY-CHAIN-API severity=NO_CONFLICT conflict=False label=CONFIRMED DECISION policies=[]
2026-08-21T19:30:42Z | stress_test | decision='migrar EMAIL-GATEWAY' asset=EMAIL-GATEWAY severity=NO_CONFLICT conflict=False label=CONFIRMED DECISION policies=[]
2026-08-21T19:30:42Z | stress_test | decision='migrar ASSET-MGMT' asset=ASSET-MGMT severity=NO_CONFLICT conflict=False label=CONFIRMED DECISION policies=[]
2026-08-21T19:30:42Z | stress_test | decision='migrar TIME-SYNC' asset=TIME-SYNC severity=NO_CONFLICT conflict=False label=CONFIRMED DECISION policies=[]
2026-08-21T19:30:42Z | stress_test | decision='migrar LAB-WIFI-CONTROLLER' asset=LAB-WIFI-CONTROLLER severity=NO_CONFLICT conflict=False label=CONFIRMED DECISION policies=[]
2026-08-21T19:30:42Z | stress_test | decision='migrar DEMO-ENV-PORTAL' asset=DEMO-ENV-PORTAL severity=NO_CONFLICT conflict=False label=CONFIRMED DECISION policies=[]
2026-08-21T19:30:42Z | stress_test | decision='migrar TRAINING-SIMULATOR' asset=TRAINING-SIMULATOR severity=NO_CONFLICT conflict=False label=CONFIRMED DECISION policies=[]
2026-08-21T19:30:42Z | stress_test | decision='migrar PRINT-SERVER-HQ' asset=PRINT-SERVER-HQ severity=NO_CONFLICT conflict=False label=CONFIRMED DECISION policies=[]
2026-08-21T19:30:42Z | stress_test | decision='migrar ASSET-042' asset=ASSET-042 severity=NO_CONFLICT conflict=False label=CONFIRMED DECISION policies=[]
2026-08-21T19:30:42Z | stress_test | decision='migrar ASSET-057' asset=ASSET-057 severity=NO_CONFLICT conflict=False label=CONFIRMED DECISION policies=[]
2026-08-21T19:30:42Z | stress_test | decision='migrar ASSET-063' asset=ASSET-063 severity=NO_CONFLICT conflict=False label=CONFIRMED DECISION policies=[]
2026-08-21T19:30:42Z | stress_test | decision='migrar APAC-SG' asset=APAC-SG severity=NO_CONFLICT conflict=False label=CONFIRMED DECISION policies=[]
2026-08-21T19:30:42Z | stress_test | decision='migrar NG-07' asset=NG-07 severity=NO_CONFLICT conflict=False label=CONFIRMED DECISION policies=[]
2026-08-21T19:30:42Z | stress_test | decision='migrar MISSION-CONTROL' asset=MISSION-CONTROL severity=CONFLICT conflict=True label=RECOMMENDED ALTERNATIVE policies=['P002', 'P003', 'P008']
2026-08-21T19:30:42Z | stress_test | decision='migrar PAYMENTS-CORE' asset=PAYMENTS-CORE severity=NO_CONFLICT conflict=False label=CONFIRMED DECISION policies=[]
2026-08-21T19:30:42Z | stress_test | decision='migrar FLIGHT-DATA' asset=FLIGHT-DATA severity=NO_CONFLICT conflict=False label=CONFIRMED DECISION policies=[]
2026-08-21T19:30:42Z | stress_test | decision='migrar SECURITY-SIEM' asset=SECURITY-SIEM severity=NO_CONFLICT conflict=False label=CONFIRMED DECISION policies=[]
2026-08-21T19:30:42Z | stress_test | decision='migrar LEGACY-FTP' asset=LEGACY-FTP severity=NO_CONFLICT conflict=False label=CONFIRMED DECISION policies=[]
2026-08-21T19:43:34Z | stress_test | decision='migrar HSM-CLUSTER-US' asset=HSM-CLUSTER-US severity=NO_CONFLICT conflict=False label=CONFIRMED DECISION policies=[]
2026-08-21T19:44:06Z | stress_test | decision='migrar IDENTITY-CORE' asset=IDENTITY-CORE severity=CONFLICT conflict=True label=RECOMMENDED ALTERNATIVE policies=['P003']
2026-08-21T19:44:06Z | stress_test | decision='migrar SSO-GLOBAL' asset=SSO-GLOBAL severity=NO_CONFLICT conflict=False label=CONFIRMED DECISION policies=[]
2026-08-21T19:44:06Z | stress_test | decision='migrar PKI-ROOT' asset=PKI-ROOT severity=NO_CONFLICT conflict=False label=CONFIRMED DECISION policies=[]
2026-08-21T19:44:06Z | stress_test | decision='migrar PKI-INTERMEDIATE' asset=PKI-INTERMEDIATE severity=NO_CONFLICT conflict=False label=CONFIRMED DECISION policies=[]
2026-08-21T19:44:06Z | stress_test | decision='migrar HSM-CLUSTER-US' asset=HSM-CLUSTER-US severity=NO_CONFLICT conflict=False label=CONFIRMED DECISION policies=[]
2026-08-21T19:44:06Z | stress_test | decision='migrar HSM-CLUSTER-EU' asset=HSM-CLUSTER-EU severity=NO_CONFLICT conflict=False label=CONFIRMED DECISION policies=[]
2026-08-21T19:44:06Z | stress_test | decision='migrar PAYMENT-CORE' asset=PAYMENT-CORE severity=NO_CONFLICT conflict=False label=CONFIRMED DECISION policies=[]
2026-08-21T19:44:06Z | stress_test | decision='migrar COMMAND-SIGNING' asset=COMMAND-SIGNING severity=NO_CONFLICT conflict=False label=CONFIRMED DECISION policies=[]
2026-08-21T19:44:06Z | stress_test | decision='migrar SAT-OPS-01' asset=SAT-OPS-01 severity=CONFLICT conflict=True label=RECOMMENDED ALTERNATIVE policies=['P002', 'P008']
2026-08-21T19:44:06Z | stress_test | decision='migrar GROUND-STATION-EU' asset=GROUND-STATION-EU severity=NO_CONFLICT conflict=False label=CONFIRMED DECISION policies=[]
2026-08-21T19:44:06Z | stress_test | decision='migrar CUSTOMER-PORTAL' asset=CUSTOMER-PORTAL severity=CONFLICT conflict=True label=RECOMMENDED ALTERNATIVE policies=['P003']
2026-08-21T19:44:06Z | stress_test | decision='migrar TELEMETRY-BUS' asset=TELEMETRY-BUS severity=NO_CONFLICT conflict=False label=CONFIRMED DECISION policies=[]
2026-08-21T19:44:06Z | stress_test | decision='migrar DATA-LAKE-01' asset=DATA-LAKE-01 severity=NO_CONFLICT conflict=False label=CONFIRMED DECISION policies=[]
2026-08-21T19:44:06Z | stress_test | decision='migrar GROUND-STATION-US' asset=GROUND-STATION-US severity=NO_CONFLICT conflict=False label=CONFIRMED DECISION policies=[]
2026-08-21T19:44:06Z | stress_test | decision='migrar GROUND-STATION-APAC' asset=GROUND-STATION-APAC severity=NO_CONFLICT conflict=False label=CONFIRMED DECISION policies=[]
2026-08-21T19:44:06Z | stress_test | decision='migrar SAT-OPS-02' asset=SAT-OPS-02 severity=NO_CONFLICT conflict=False label=CONFIRMED DECISION policies=[]
2026-08-21T19:44:06Z | stress_test | decision='migrar SAT-COMMS-RELAY' asset=SAT-COMMS-RELAY severity=NO_CONFLICT conflict=False label=CONFIRMED DECISION policies=[]
2026-08-21T19:44:06Z | stress_test | decision='migrar API-GATEWAY-EDGE' asset=API-GATEWAY-EDGE severity=NO_CONFLICT conflict=False label=CONFIRMED DECISION policies=[]
2026-08-21T19:44:06Z | stress_test | decision='migrar API-GATEWAY-INTERNAL' asset=API-GATEWAY-INTERNAL severity=NO_CONFLICT conflict=False label=CONFIRMED DECISION policies=[]
2026-08-21T19:44:06Z | stress_test | decision='migrar IAM-WORKFORCE' asset=IAM-WORKFORCE severity=NO_CONFLICT conflict=False label=CONFIRMED DECISION policies=[]
2026-08-21T19:44:06Z | stress_test | decision='migrar PKI-EXTERNAL-CA' asset=PKI-EXTERNAL-CA severity=NO_CONFLICT conflict=False label=CONFIRMED DECISION policies=[]
2026-08-21T19:44:06Z | stress_test | decision='migrar KMS-CLOUD-PRIMARY' asset=KMS-CLOUD-PRIMARY severity=NO_CONFLICT conflict=False label=CONFIRMED DECISION policies=[]
2026-08-21T19:44:06Z | stress_test | decision='migrar BACKUP-VAULT-01' asset=BACKUP-VAULT-01 severity=NO_CONFLICT conflict=False label=CONFIRMED DECISION policies=[]
2026-08-21T19:44:06Z | stress_test | decision='migrar ERP-FINANCE' asset=ERP-FINANCE severity=NO_CONFLICT conflict=False label=CONFIRMED DECISION policies=[]
2026-08-21T19:44:06Z | stress_test | decision='migrar MOBILE-BANKING-APP' asset=MOBILE-BANKING-APP severity=NO_CONFLICT conflict=False label=CONFIRMED DECISION policies=[]
2026-08-21T19:44:06Z | stress_test | decision='migrar CODE-SIGNING-PROD' asset=CODE-SIGNING-PROD severity=CONFLICT conflict=True label=RECOMMENDED ALTERNATIVE policies=['P003']
2026-08-21T19:44:06Z | stress_test | decision='migrar FIRMWARE-SIGNING' asset=FIRMWARE-SIGNING severity=CONFLICT conflict=True label=RECOMMENDED ALTERNATIVE policies=['P003']
2026-08-21T19:44:06Z | stress_test | decision='migrar SIEM-CORE' asset=SIEM-CORE severity=NO_CONFLICT conflict=False label=CONFIRMED DECISION policies=[]
2026-08-21T19:44:06Z | stress_test | decision='migrar SOC-PLATFORM' asset=SOC-PLATFORM severity=NO_CONFLICT conflict=False label=CONFIRMED DECISION policies=[]
2026-08-21T19:44:06Z | stress_test | decision='migrar LOGGING-PIPELINE' asset=LOGGING-PIPELINE severity=NO_CONFLICT conflict=False label=CONFIRMED DECISION policies=[]
2026-08-21T19:44:06Z | stress_test | decision='migrar VPN-CORP-PRIMARY' asset=VPN-CORP-PRIMARY severity=NO_CONFLICT conflict=False label=CONFIRMED DECISION policies=[]
2026-08-21T19:44:06Z | stress_test | decision='migrar K8S-PROD-US' asset=K8S-PROD-US severity=NO_CONFLICT conflict=False label=CONFIRMED DECISION policies=[]
2026-08-21T19:44:06Z | stress_test | decision='migrar K8S-PROD-EU' asset=K8S-PROD-EU severity=NO_CONFLICT conflict=False label=CONFIRMED DECISION policies=[]
2026-08-21T19:44:06Z | stress_test | decision='migrar DB-MISSION-PRIMARY' asset=DB-MISSION-PRIMARY severity=NO_CONFLICT conflict=False label=CONFIRMED DECISION policies=[]
2026-08-21T19:44:06Z | stress_test | decision='migrar DB-PAYMENTS' asset=DB-PAYMENTS severity=NO_CONFLICT conflict=False label=CONFIRMED DECISION policies=[]
2026-08-21T19:44:06Z | stress_test | decision='migrar CUSTOMER-API' asset=CUSTOMER-API severity=NO_CONFLICT conflict=False label=CONFIRMED DECISION policies=[]
2026-08-21T19:44:06Z | stress_test | decision='migrar SECURE-COMMS-GW' asset=SECURE-COMMS-GW severity=NO_CONFLICT conflict=False label=CONFIRMED DECISION policies=[]
2026-08-21T19:44:06Z | stress_test | decision='migrar LAUNCH-AUTH' asset=LAUNCH-AUTH severity=NO_CONFLICT conflict=False label=CONFIRMED DECISION policies=[]
2026-08-21T19:44:06Z | stress_test | decision='migrar QA-IDENTITY' asset=QA-IDENTITY severity=NO_CONFLICT conflict=False label=CONFIRMED DECISION policies=[]
2026-08-21T19:44:06Z | stress_test | decision='migrar PARTNER-PORTAL' asset=PARTNER-PORTAL severity=NO_CONFLICT conflict=False label=CONFIRMED DECISION policies=[]
2026-08-21T19:44:06Z | stress_test | decision='migrar BILLING-ENGINE' asset=BILLING-ENGINE severity=NO_CONFLICT conflict=False label=CONFIRMED DECISION policies=[]
2026-08-21T19:44:06Z | stress_test | decision='migrar TREASURY-WORKSTATION' asset=TREASURY-WORKSTATION severity=NO_CONFLICT conflict=False label=CONFIRMED DECISION policies=[]
2026-08-21T19:44:06Z | stress_test | decision='migrar TELEMETRY-ARCHIVE' asset=TELEMETRY-ARCHIVE severity=NO_CONFLICT conflict=False label=CONFIRMED DECISION policies=[]
2026-08-21T19:44:06Z | stress_test | decision='migrar DATA-WAREHOUSE' asset=DATA-WAREHOUSE severity=NO_CONFLICT conflict=False label=CONFIRMED DECISION policies=[]
2026-08-21T19:44:06Z | stress_test | decision='migrar DEV-PORTAL' asset=DEV-PORTAL severity=NO_CONFLICT conflict=False label=CONFIRMED DECISION policies=[]
2026-08-21T19:44:06Z | stress_test | decision='migrar STAGING-K8S' asset=STAGING-K8S severity=NO_CONFLICT conflict=False label=CONFIRMED DECISION policies=[]
2026-08-21T19:44:06Z | stress_test | decision='migrar CLOUD-OBJ-STORE' asset=CLOUD-OBJ-STORE severity=NO_CONFLICT conflict=False label=CONFIRMED DECISION policies=[]
2026-08-21T19:44:06Z | stress_test | decision='migrar DNS-INTERNAL' asset=DNS-INTERNAL severity=NO_CONFLICT conflict=False label=CONFIRMED DECISION policies=[]
2026-08-21T19:44:06Z | stress_test | decision='migrar REGION-LB-EU' asset=REGION-LB-EU severity=NO_CONFLICT conflict=False label=CONFIRMED DECISION policies=[]
2026-08-21T19:44:06Z | stress_test | decision='migrar REGION-LB-US' asset=REGION-LB-US severity=NO_CONFLICT conflict=False label=CONFIRMED DECISION policies=[]
2026-08-21T19:44:06Z | stress_test | decision='migrar GUEST-NETWORK-PORTAL' asset=GUEST-NETWORK-PORTAL severity=NO_CONFLICT conflict=False label=CONFIRMED DECISION policies=[]
2026-08-21T19:44:06Z | stress_test | decision='migrar LEGACY-VPN-EU' asset=LEGACY-VPN-EU severity=NO_CONFLICT conflict=False label=CONFIRMED DECISION policies=[]
2026-08-21T19:44:06Z | stress_test | decision='migrar LEGACY-PKI-01' asset=LEGACY-PKI-01 severity=NO_CONFLICT conflict=False label=CONFIRMED DECISION policies=[]
2026-08-21T19:44:06Z | stress_test | decision='migrar LEGACY-ERP-02' asset=LEGACY-ERP-02 severity=CONFLICT conflict=True label=RECOMMENDED ALTERNATIVE policies=['P003']
2026-08-21T19:44:06Z | stress_test | decision='migrar LEGACY-MANUFACTURING' asset=LEGACY-MANUFACTURING severity=NO_CONFLICT conflict=False label=CONFIRMED DECISION policies=[]
2026-08-21T19:44:06Z | stress_test | decision='migrar LEGACY-RADIUS' asset=LEGACY-RADIUS severity=NO_CONFLICT conflict=False label=CONFIRMED DECISION policies=[]
2026-08-21T19:44:06Z | stress_test | decision='migrar LEGACY-BACKUP-TAPE' asset=LEGACY-BACKUP-TAPE severity=NO_CONFLICT conflict=False label=CONFIRMED DECISION policies=[]
2026-08-21T19:44:06Z | stress_test | decision='migrar GIT-INFRA' asset=GIT-INFRA severity=NO_CONFLICT conflict=False label=CONFIRMED DECISION policies=[]
2026-08-21T19:44:06Z | stress_test | decision='migrar MFG-CONTROL-01' asset=MFG-CONTROL-01 severity=NO_CONFLICT conflict=False label=CONFIRMED DECISION policies=[]
2026-08-21T19:44:06Z | stress_test | decision='migrar PQC-PILOT-DSA' asset=PQC-PILOT-DSA severity=NO_CONFLICT conflict=False label=CONFIRMED DECISION policies=[]
2026-08-21T19:44:06Z | stress_test | decision='migrar PQC-PILOT-KEM' asset=PQC-PILOT-KEM severity=NO_CONFLICT conflict=False label=CONFIRMED DECISION policies=[]
2026-08-21T19:44:06Z | stress_test | decision='migrar ASSET-071' asset=ASSET-071 severity=NO_CONFLICT conflict=False label=CONFIRMED DECISION policies=[]
2026-08-21T19:44:06Z | stress_test | decision='migrar HR-PORTAL' asset=HR-PORTAL severity=NO_CONFLICT conflict=False label=CONFIRMED DECISION policies=[]
2026-08-21T19:44:06Z | stress_test | decision='migrar HR-DATABASE' asset=HR-DATABASE severity=NO_CONFLICT conflict=False label=CONFIRMED DECISION policies=[]
2026-08-21T19:44:06Z | stress_test | decision='migrar CICD-RUNNERS' asset=CICD-RUNNERS severity=NO_CONFLICT conflict=False label=CONFIRMED DECISION policies=[]
2026-08-21T19:44:06Z | stress_test | decision='migrar MONITORING-STACK' asset=MONITORING-STACK severity=NO_CONFLICT conflict=False label=CONFIRMED DECISION policies=[]
2026-08-21T19:44:06Z | stress_test | decision='migrar COLLAB-SUITE' asset=COLLAB-SUITE severity=NO_CONFLICT conflict=False label=CONFIRMED DECISION policies=[]
2026-08-21T19:44:06Z | stress_test | decision='migrar FILE-SHARE-GLOBAL' asset=FILE-SHARE-GLOBAL severity=NO_CONFLICT conflict=False label=CONFIRMED DECISION policies=[]
2026-08-21T19:44:06Z | stress_test | decision='migrar MFG-CONTROL-02' asset=MFG-CONTROL-02 severity=NO_CONFLICT conflict=False label=CONFIRMED DECISION policies=[]
2026-08-21T19:44:06Z | stress_test | decision='migrar SUPPLY-CHAIN-API' asset=SUPPLY-CHAIN-API severity=NO_CONFLICT conflict=False label=CONFIRMED DECISION policies=[]
2026-08-21T19:44:06Z | stress_test | decision='migrar EMAIL-GATEWAY' asset=EMAIL-GATEWAY severity=NO_CONFLICT conflict=False label=CONFIRMED DECISION policies=[]
2026-08-21T19:44:06Z | stress_test | decision='migrar ASSET-MGMT' asset=ASSET-MGMT severity=NO_CONFLICT conflict=False label=CONFIRMED DECISION policies=[]
2026-08-21T19:44:06Z | stress_test | decision='migrar TIME-SYNC' asset=TIME-SYNC severity=NO_CONFLICT conflict=False label=CONFIRMED DECISION policies=[]
2026-08-21T19:44:06Z | stress_test | decision='migrar LAB-WIFI-CONTROLLER' asset=LAB-WIFI-CONTROLLER severity=NO_CONFLICT conflict=False label=CONFIRMED DECISION policies=[]
2026-08-21T19:44:06Z | stress_test | decision='migrar DEMO-ENV-PORTAL' asset=DEMO-ENV-PORTAL severity=NO_CONFLICT conflict=False label=CONFIRMED DECISION policies=[]
2026-08-21T19:44:06Z | stress_test | decision='migrar TRAINING-SIMULATOR' asset=TRAINING-SIMULATOR severity=NO_CONFLICT conflict=False label=CONFIRMED DECISION policies=[]
2026-08-21T19:44:06Z | stress_test | decision='migrar PRINT-SERVER-HQ' asset=PRINT-SERVER-HQ severity=NO_CONFLICT conflict=False label=CONFIRMED DECISION policies=[]
2026-08-21T19:44:06Z | stress_test | decision='migrar ASSET-042' asset=ASSET-042 severity=NO_CONFLICT conflict=False label=CONFIRMED DECISION policies=[]
2026-08-21T19:44:06Z | stress_test | decision='migrar ASSET-057' asset=ASSET-057 severity=NO_CONFLICT conflict=False label=CONFIRMED DECISION policies=[]
2026-08-21T19:44:06Z | stress_test | decision='migrar ASSET-063' asset=ASSET-063 severity=NO_CONFLICT conflict=False label=CONFIRMED DECISION policies=[]
2026-08-21T19:44:06Z | stress_test | decision='migrar APAC-SG' asset=APAC-SG severity=NO_CONFLICT conflict=False label=CONFIRMED DECISION policies=[]
2026-08-21T19:44:06Z | stress_test | decision='migrar NG-07' asset=NG-07 severity=NO_CONFLICT conflict=False label=CONFIRMED DECISION policies=[]
2026-08-21T19:44:06Z | stress_test | decision='migrar MISSION-CONTROL' asset=MISSION-CONTROL severity=CONFLICT conflict=True label=RECOMMENDED ALTERNATIVE policies=['P002', 'P003', 'P008']
2026-08-21T19:44:06Z | stress_test | decision='migrar PAYMENTS-CORE' asset=PAYMENTS-CORE severity=NO_CONFLICT conflict=False label=CONFIRMED DECISION policies=[]
2026-08-21T19:44:06Z | stress_test | decision='migrar FLIGHT-DATA' asset=FLIGHT-DATA severity=NO_CONFLICT conflict=False label=CONFIRMED DECISION policies=[]
2026-08-21T19:44:06Z | stress_test | decision='migrar SECURITY-SIEM' asset=SECURITY-SIEM severity=NO_CONFLICT conflict=False label=CONFIRMED DECISION policies=[]
2026-08-21T19:44:06Z | stress_test | decision='migrar LEGACY-FTP' asset=LEGACY-FTP severity=NO_CONFLICT conflict=False label=CONFIRMED DECISION policies=[]
2026-08-21T19:44:06Z | stress_test | decision='migrar IDENTITY-CORE' asset=IDENTITY-CORE severity=CONFLICT conflict=True label=RECOMMENDED ALTERNATIVE policies=['P003']
2026-08-21T19:44:06Z | stress_test | decision='migrar SSO-GLOBAL' asset=SSO-GLOBAL severity=NO_CONFLICT conflict=False label=CONFIRMED DECISION policies=[]
2026-08-21T19:44:06Z | stress_test | decision='migrar PKI-ROOT' asset=PKI-ROOT severity=NO_CONFLICT conflict=False label=CONFIRMED DECISION policies=[]
2026-08-21T19:44:06Z | stress_test | decision='migrar PKI-INTERMEDIATE' asset=PKI-INTERMEDIATE severity=NO_CONFLICT conflict=False label=CONFIRMED DECISION policies=[]
2026-08-21T19:44:06Z | stress_test | decision='migrar HSM-CLUSTER-US' asset=HSM-CLUSTER-US severity=NO_CONFLICT conflict=False label=CONFIRMED DECISION policies=[]
2026-08-21T19:44:06Z | stress_test | decision='migrar HSM-CLUSTER-EU' asset=HSM-CLUSTER-EU severity=NO_CONFLICT conflict=False label=CONFIRMED DECISION policies=[]
2026-08-21T19:44:06Z | stress_test | decision='migrar PAYMENT-CORE' asset=PAYMENT-CORE severity=NO_CONFLICT conflict=False label=CONFIRMED DECISION policies=[]
2026-08-21T19:44:06Z | stress_test | decision='migrar COMMAND-SIGNING' asset=COMMAND-SIGNING severity=NO_CONFLICT conflict=False label=CONFIRMED DECISION policies=[]
2026-08-21T19:44:06Z | stress_test | decision='migrar SAT-OPS-01' asset=SAT-OPS-01 severity=CONFLICT conflict=True label=RECOMMENDED ALTERNATIVE policies=['P002', 'P008']
2026-08-21T19:44:06Z | stress_test | decision='migrar GROUND-STATION-EU' asset=GROUND-STATION-EU severity=NO_CONFLICT conflict=False label=CONFIRMED DECISION policies=[]
2026-08-21T19:44:06Z | stress_test | decision='migrar CUSTOMER-PORTAL' asset=CUSTOMER-PORTAL severity=CONFLICT conflict=True label=RECOMMENDED ALTERNATIVE policies=['P003']
2026-08-21T19:44:06Z | stress_test | decision='migrar TELEMETRY-BUS' asset=TELEMETRY-BUS severity=NO_CONFLICT conflict=False label=CONFIRMED DECISION policies=[]
2026-08-21T19:44:06Z | stress_test | decision='migrar DATA-LAKE-01' asset=DATA-LAKE-01 severity=NO_CONFLICT conflict=False label=CONFIRMED DECISION policies=[]
2026-08-21T19:44:06Z | stress_test | decision='migrar GROUND-STATION-US' asset=GROUND-STATION-US severity=NO_CONFLICT conflict=False label=CONFIRMED DECISION policies=[]
2026-08-21T19:44:06Z | stress_test | decision='migrar GROUND-STATION-APAC' asset=GROUND-STATION-APAC severity=NO_CONFLICT conflict=False label=CONFIRMED DECISION policies=[]
2026-08-21T19:44:06Z | stress_test | decision='migrar SAT-OPS-02' asset=SAT-OPS-02 severity=NO_CONFLICT conflict=False label=CONFIRMED DECISION policies=[]
2026-08-21T19:44:06Z | stress_test | decision='migrar SAT-COMMS-RELAY' asset=SAT-COMMS-RELAY severity=NO_CONFLICT conflict=False label=CONFIRMED DECISION policies=[]
2026-08-21T19:44:06Z | stress_test | decision='migrar API-GATEWAY-EDGE' asset=API-GATEWAY-EDGE severity=NO_CONFLICT conflict=False label=CONFIRMED DECISION policies=[]
2026-08-21T19:44:06Z | stress_test | decision='migrar API-GATEWAY-INTERNAL' asset=API-GATEWAY-INTERNAL severity=NO_CONFLICT conflict=False label=CONFIRMED DECISION policies=[]
2026-08-21T19:44:06Z | stress_test | decision='migrar IAM-WORKFORCE' asset=IAM-WORKFORCE severity=NO_CONFLICT conflict=False label=CONFIRMED DECISION policies=[]
2026-08-21T19:44:06Z | stress_test | decision='migrar PKI-EXTERNAL-CA' asset=PKI-EXTERNAL-CA severity=NO_CONFLICT conflict=False label=CONFIRMED DECISION policies=[]
2026-08-21T19:44:06Z | stress_test | decision='migrar KMS-CLOUD-PRIMARY' asset=KMS-CLOUD-PRIMARY severity=NO_CONFLICT conflict=False label=CONFIRMED DECISION policies=[]
2026-08-21T19:44:06Z | stress_test | decision='migrar BACKUP-VAULT-01' asset=BACKUP-VAULT-01 severity=NO_CONFLICT conflict=False label=CONFIRMED DECISION policies=[]
2026-08-21T19:44:06Z | stress_test | decision='migrar ERP-FINANCE' asset=ERP-FINANCE severity=NO_CONFLICT conflict=False label=CONFIRMED DECISION policies=[]
2026-08-21T19:44:06Z | stress_test | decision='migrar MOBILE-BANKING-APP' asset=MOBILE-BANKING-APP severity=NO_CONFLICT conflict=False label=CONFIRMED DECISION policies=[]
2026-08-21T19:44:06Z | stress_test | decision='migrar CODE-SIGNING-PROD' asset=CODE-SIGNING-PROD severity=CONFLICT conflict=True label=RECOMMENDED ALTERNATIVE policies=['P003']
2026-08-21T19:44:06Z | stress_test | decision='migrar FIRMWARE-SIGNING' asset=FIRMWARE-SIGNING severity=CONFLICT conflict=True label=RECOMMENDED ALTERNATIVE policies=['P003']
2026-08-21T19:44:06Z | stress_test | decision='migrar SIEM-CORE' asset=SIEM-CORE severity=NO_CONFLICT conflict=False label=CONFIRMED DECISION policies=[]
2026-08-21T19:44:06Z | stress_test | decision='migrar SOC-PLATFORM' asset=SOC-PLATFORM severity=NO_CONFLICT conflict=False label=CONFIRMED DECISION policies=[]
2026-08-21T19:44:06Z | stress_test | decision='migrar LOGGING-PIPELINE' asset=LOGGING-PIPELINE severity=NO_CONFLICT conflict=False label=CONFIRMED DECISION policies=[]
2026-08-21T19:44:06Z | stress_test | decision='migrar VPN-CORP-PRIMARY' asset=VPN-CORP-PRIMARY severity=NO_CONFLICT conflict=False label=CONFIRMED DECISION policies=[]
2026-08-21T19:44:06Z | stress_test | decision='migrar K8S-PROD-US' asset=K8S-PROD-US severity=NO_CONFLICT conflict=False label=CONFIRMED DECISION policies=[]
2026-08-21T19:44:06Z | stress_test | decision='migrar K8S-PROD-EU' asset=K8S-PROD-EU severity=NO_CONFLICT conflict=False label=CONFIRMED DECISION policies=[]
2026-08-21T19:44:06Z | stress_test | decision='migrar DB-MISSION-PRIMARY' asset=DB-MISSION-PRIMARY severity=NO_CONFLICT conflict=False label=CONFIRMED DECISION policies=[]
2026-08-21T19:44:06Z | stress_test | decision='migrar DB-PAYMENTS' asset=DB-PAYMENTS severity=NO_CONFLICT conflict=False label=CONFIRMED DECISION policies=[]
2026-08-21T19:44:06Z | stress_test | decision='migrar CUSTOMER-API' asset=CUSTOMER-API severity=NO_CONFLICT conflict=False label=CONFIRMED DECISION policies=[]
2026-08-21T19:44:06Z | stress_test | decision='migrar SECURE-COMMS-GW' asset=SECURE-COMMS-GW severity=NO_CONFLICT conflict=False label=CONFIRMED DECISION policies=[]
2026-08-21T19:44:06Z | stress_test | decision='migrar LAUNCH-AUTH' asset=LAUNCH-AUTH severity=NO_CONFLICT conflict=False label=CONFIRMED DECISION policies=[]
2026-08-21T19:44:06Z | stress_test | decision='migrar QA-IDENTITY' asset=QA-IDENTITY severity=NO_CONFLICT conflict=False label=CONFIRMED DECISION policies=[]
2026-08-21T19:44:06Z | stress_test | decision='migrar PARTNER-PORTAL' asset=PARTNER-PORTAL severity=NO_CONFLICT conflict=False label=CONFIRMED DECISION policies=[]
2026-08-21T19:44:06Z | stress_test | decision='migrar BILLING-ENGINE' asset=BILLING-ENGINE severity=NO_CONFLICT conflict=False label=CONFIRMED DECISION policies=[]
2026-08-21T19:44:06Z | stress_test | decision='migrar TREASURY-WORKSTATION' asset=TREASURY-WORKSTATION severity=NO_CONFLICT conflict=False label=CONFIRMED DECISION policies=[]
2026-08-21T19:44:06Z | stress_test | decision='migrar TELEMETRY-ARCHIVE' asset=TELEMETRY-ARCHIVE severity=NO_CONFLICT conflict=False label=CONFIRMED DECISION policies=[]
2026-08-21T19:44:06Z | stress_test | decision='migrar DATA-WAREHOUSE' asset=DATA-WAREHOUSE severity=NO_CONFLICT conflict=False label=CONFIRMED DECISION policies=[]
2026-08-21T19:44:06Z | stress_test | decision='migrar DEV-PORTAL' asset=DEV-PORTAL severity=NO_CONFLICT conflict=False label=CONFIRMED DECISION policies=[]
2026-08-21T19:44:06Z | stress_test | decision='migrar STAGING-K8S' asset=STAGING-K8S severity=NO_CONFLICT conflict=False label=CONFIRMED DECISION policies=[]
2026-08-21T19:44:06Z | stress_test | decision='migrar CLOUD-OBJ-STORE' asset=CLOUD-OBJ-STORE severity=NO_CONFLICT conflict=False label=CONFIRMED DECISION policies=[]
2026-08-21T19:44:06Z | stress_test | decision='migrar DNS-INTERNAL' asset=DNS-INTERNAL severity=NO_CONFLICT conflict=False label=CONFIRMED DECISION policies=[]
2026-08-21T19:44:06Z | stress_test | decision='migrar REGION-LB-EU' asset=REGION-LB-EU severity=NO_CONFLICT conflict=False label=CONFIRMED DECISION policies=[]
2026-08-21T19:44:06Z | stress_test | decision='migrar REGION-LB-US' asset=REGION-LB-US severity=NO_CONFLICT conflict=False label=CONFIRMED DECISION policies=[]
2026-08-21T19:44:06Z | stress_test | decision='migrar GUEST-NETWORK-PORTAL' asset=GUEST-NETWORK-PORTAL severity=NO_CONFLICT conflict=False label=CONFIRMED DECISION policies=[]
2026-08-21T19:44:06Z | stress_test | decision='migrar LEGACY-VPN-EU' asset=LEGACY-VPN-EU severity=NO_CONFLICT conflict=False label=CONFIRMED DECISION policies=[]
2026-08-21T19:44:06Z | stress_test | decision='migrar LEGACY-PKI-01' asset=LEGACY-PKI-01 severity=NO_CONFLICT conflict=False label=CONFIRMED DECISION policies=[]
2026-08-21T19:44:06Z | stress_test | decision='migrar LEGACY-ERP-02' asset=LEGACY-ERP-02 severity=CONFLICT conflict=True label=RECOMMENDED ALTERNATIVE policies=['P003']
2026-08-21T19:44:06Z | stress_test | decision='migrar LEGACY-MANUFACTURING' asset=LEGACY-MANUFACTURING severity=NO_CONFLICT conflict=False label=CONFIRMED DECISION policies=[]
2026-08-21T19:44:06Z | stress_test | decision='migrar LEGACY-RADIUS' asset=LEGACY-RADIUS severity=NO_CONFLICT conflict=False label=CONFIRMED DECISION policies=[]
2026-08-21T19:44:06Z | stress_test | decision='migrar LEGACY-BACKUP-TAPE' asset=LEGACY-BACKUP-TAPE severity=NO_CONFLICT conflict=False label=CONFIRMED DECISION policies=[]
2026-08-21T19:44:06Z | stress_test | decision='migrar GIT-INFRA' asset=GIT-INFRA severity=NO_CONFLICT conflict=False label=CONFIRMED DECISION policies=[]
2026-08-21T19:44:06Z | stress_test | decision='migrar MFG-CONTROL-01' asset=MFG-CONTROL-01 severity=NO_CONFLICT conflict=False label=CONFIRMED DECISION policies=[]
2026-08-21T19:44:06Z | stress_test | decision='migrar PQC-PILOT-DSA' asset=PQC-PILOT-DSA severity=NO_CONFLICT conflict=False label=CONFIRMED DECISION policies=[]
2026-08-21T19:44:06Z | stress_test | decision='migrar PQC-PILOT-KEM' asset=PQC-PILOT-KEM severity=NO_CONFLICT conflict=False label=CONFIRMED DECISION policies=[]
2026-08-21T19:44:06Z | stress_test | decision='migrar ASSET-071' asset=ASSET-071 severity=NO_CONFLICT conflict=False label=CONFIRMED DECISION policies=[]
2026-08-21T19:44:06Z | stress_test | decision='migrar HR-PORTAL' asset=HR-PORTAL severity=NO_CONFLICT conflict=False label=CONFIRMED DECISION policies=[]
2026-08-21T19:44:06Z | stress_test | decision='migrar HR-DATABASE' asset=HR-DATABASE severity=NO_CONFLICT conflict=False label=CONFIRMED DECISION policies=[]
2026-08-21T19:44:06Z | stress_test | decision='migrar CICD-RUNNERS' asset=CICD-RUNNERS severity=NO_CONFLICT conflict=False label=CONFIRMED DECISION policies=[]
2026-08-21T19:44:06Z | stress_test | decision='migrar MONITORING-STACK' asset=MONITORING-STACK severity=NO_CONFLICT conflict=False label=CONFIRMED DECISION policies=[]
2026-08-21T19:44:06Z | stress_test | decision='migrar COLLAB-SUITE' asset=COLLAB-SUITE severity=NO_CONFLICT conflict=False label=CONFIRMED DECISION policies=[]
2026-08-21T19:44:06Z | stress_test | decision='migrar FILE-SHARE-GLOBAL' asset=FILE-SHARE-GLOBAL severity=NO_CONFLICT conflict=False label=CONFIRMED DECISION policies=[]
2026-08-21T19:44:06Z | stress_test | decision='migrar MFG-CONTROL-02' asset=MFG-CONTROL-02 severity=NO_CONFLICT conflict=False label=CONFIRMED DECISION policies=[]
2026-08-21T19:44:06Z | stress_test | decision='migrar SUPPLY-CHAIN-API' asset=SUPPLY-CHAIN-API severity=NO_CONFLICT conflict=False label=CONFIRMED DECISION policies=[]
2026-08-21T19:44:06Z | stress_test | decision='migrar EMAIL-GATEWAY' asset=EMAIL-GATEWAY severity=NO_CONFLICT conflict=False label=CONFIRMED DECISION policies=[]
2026-08-21T19:44:06Z | stress_test | decision='migrar ASSET-MGMT' asset=ASSET-MGMT severity=NO_CONFLICT conflict=False label=CONFIRMED DECISION policies=[]
2026-08-21T19:44:06Z | stress_test | decision='migrar TIME-SYNC' asset=TIME-SYNC severity=NO_CONFLICT conflict=False label=CONFIRMED DECISION policies=[]
2026-08-21T19:44:06Z | stress_test | decision='migrar LAB-WIFI-CONTROLLER' asset=LAB-WIFI-CONTROLLER severity=NO_CONFLICT conflict=False label=CONFIRMED DECISION policies=[]
2026-08-21T19:44:06Z | stress_test | decision='migrar DEMO-ENV-PORTAL' asset=DEMO-ENV-PORTAL severity=NO_CONFLICT conflict=False label=CONFIRMED DECISION policies=[]
2026-08-21T19:44:06Z | stress_test | decision='migrar TRAINING-SIMULATOR' asset=TRAINING-SIMULATOR severity=NO_CONFLICT conflict=False label=CONFIRMED DECISION policies=[]
2026-08-21T19:44:06Z | stress_test | decision='migrar PRINT-SERVER-HQ' asset=PRINT-SERVER-HQ severity=NO_CONFLICT conflict=False label=CONFIRMED DECISION policies=[]
2026-08-21T19:44:06Z | stress_test | decision='migrar ASSET-042' asset=ASSET-042 severity=NO_CONFLICT conflict=False label=CONFIRMED DECISION policies=[]
2026-08-21T19:44:06Z | stress_test | decision='migrar ASSET-057' asset=ASSET-057 severity=NO_CONFLICT conflict=False label=CONFIRMED DECISION policies=[]
2026-08-21T19:44:06Z | stress_test | decision='migrar ASSET-063' asset=ASSET-063 severity=NO_CONFLICT conflict=False label=CONFIRMED DECISION policies=[]
2026-08-21T19:44:06Z | stress_test | decision='migrar APAC-SG' asset=APAC-SG severity=NO_CONFLICT conflict=False label=CONFIRMED DECISION policies=[]
2026-08-21T19:44:06Z | stress_test | decision='migrar NG-07' asset=NG-07 severity=NO_CONFLICT conflict=False label=CONFIRMED DECISION policies=[]
2026-08-21T19:44:06Z | stress_test | decision='migrar MISSION-CONTROL' asset=MISSION-CONTROL severity=CONFLICT conflict=True label=RECOMMENDED ALTERNATIVE policies=['P002', 'P003', 'P008']
2026-08-21T19:44:06Z | stress_test | decision='migrar PAYMENTS-CORE' asset=PAYMENTS-CORE severity=NO_CONFLICT conflict=False label=CONFIRMED DECISION policies=[]
2026-08-21T19:44:06Z | stress_test | decision='migrar FLIGHT-DATA' asset=FLIGHT-DATA severity=NO_CONFLICT conflict=False label=CONFIRMED DECISION policies=[]
2026-08-21T19:44:06Z | stress_test | decision='migrar SECURITY-SIEM' asset=SECURITY-SIEM severity=NO_CONFLICT conflict=False label=CONFIRMED DECISION policies=[]
2026-08-21T19:44:06Z | stress_test | decision='migrar LEGACY-FTP' asset=LEGACY-FTP severity=NO_CONFLICT conflict=False label=CONFIRMED DECISION policies=[]
2026-08-21T19:44:07Z | stress_test | decision='migrar IDENTITY-CORE' asset=IDENTITY-CORE severity=CONFLICT conflict=True label=RECOMMENDED ALTERNATIVE policies=['P003']
2026-08-21T19:44:07Z | stress_test | decision='migrar SSO-GLOBAL' asset=SSO-GLOBAL severity=NO_CONFLICT conflict=False label=CONFIRMED DECISION policies=[]
2026-08-21T19:44:07Z | stress_test | decision='migrar PKI-ROOT' asset=PKI-ROOT severity=NO_CONFLICT conflict=False label=CONFIRMED DECISION policies=[]
2026-08-21T19:44:07Z | stress_test | decision='migrar PKI-INTERMEDIATE' asset=PKI-INTERMEDIATE severity=NO_CONFLICT conflict=False label=CONFIRMED DECISION policies=[]
2026-08-21T19:44:07Z | stress_test | decision='migrar HSM-CLUSTER-US' asset=HSM-CLUSTER-US severity=NO_CONFLICT conflict=False label=CONFIRMED DECISION policies=[]
2026-08-21T19:44:07Z | stress_test | decision='migrar HSM-CLUSTER-EU' asset=HSM-CLUSTER-EU severity=NO_CONFLICT conflict=False label=CONFIRMED DECISION policies=[]
2026-08-21T19:44:07Z | stress_test | decision='migrar PAYMENT-CORE' asset=PAYMENT-CORE severity=NO_CONFLICT conflict=False label=CONFIRMED DECISION policies=[]
2026-08-21T19:44:07Z | stress_test | decision='migrar COMMAND-SIGNING' asset=COMMAND-SIGNING severity=NO_CONFLICT conflict=False label=CONFIRMED DECISION policies=[]
2026-08-21T19:44:07Z | stress_test | decision='migrar SAT-OPS-01' asset=SAT-OPS-01 severity=CONFLICT conflict=True label=RECOMMENDED ALTERNATIVE policies=['P002', 'P008']
2026-08-21T19:44:07Z | stress_test | decision='migrar GROUND-STATION-EU' asset=GROUND-STATION-EU severity=NO_CONFLICT conflict=False label=CONFIRMED DECISION policies=[]
2026-08-21T19:44:07Z | stress_test | decision='migrar CUSTOMER-PORTAL' asset=CUSTOMER-PORTAL severity=CONFLICT conflict=True label=RECOMMENDED ALTERNATIVE policies=['P003']
2026-08-21T19:44:07Z | stress_test | decision='migrar TELEMETRY-BUS' asset=TELEMETRY-BUS severity=NO_CONFLICT conflict=False label=CONFIRMED DECISION policies=[]
2026-08-21T19:44:07Z | stress_test | decision='migrar DATA-LAKE-01' asset=DATA-LAKE-01 severity=NO_CONFLICT conflict=False label=CONFIRMED DECISION policies=[]
2026-08-21T19:44:07Z | stress_test | decision='migrar GROUND-STATION-US' asset=GROUND-STATION-US severity=NO_CONFLICT conflict=False label=CONFIRMED DECISION policies=[]
2026-08-21T19:44:07Z | stress_test | decision='migrar GROUND-STATION-APAC' asset=GROUND-STATION-APAC severity=NO_CONFLICT conflict=False label=CONFIRMED DECISION policies=[]
2026-08-21T19:44:07Z | stress_test | decision='migrar SAT-OPS-02' asset=SAT-OPS-02 severity=NO_CONFLICT conflict=False label=CONFIRMED DECISION policies=[]
2026-08-21T19:44:07Z | stress_test | decision='migrar SAT-COMMS-RELAY' asset=SAT-COMMS-RELAY severity=NO_CONFLICT conflict=False label=CONFIRMED DECISION policies=[]
2026-08-21T19:44:07Z | stress_test | decision='migrar API-GATEWAY-EDGE' asset=API-GATEWAY-EDGE severity=NO_CONFLICT conflict=False label=CONFIRMED DECISION policies=[]
2026-08-21T19:44:07Z | stress_test | decision='migrar API-GATEWAY-INTERNAL' asset=API-GATEWAY-INTERNAL severity=NO_CONFLICT conflict=False label=CONFIRMED DECISION policies=[]
2026-08-21T19:44:07Z | stress_test | decision='migrar IAM-WORKFORCE' asset=IAM-WORKFORCE severity=NO_CONFLICT conflict=False label=CONFIRMED DECISION policies=[]
2026-08-21T19:44:07Z | stress_test | decision='migrar PKI-EXTERNAL-CA' asset=PKI-EXTERNAL-CA severity=NO_CONFLICT conflict=False label=CONFIRMED DECISION policies=[]
2026-08-21T19:44:07Z | stress_test | decision='migrar KMS-CLOUD-PRIMARY' asset=KMS-CLOUD-PRIMARY severity=NO_CONFLICT conflict=False label=CONFIRMED DECISION policies=[]
2026-08-21T19:44:07Z | stress_test | decision='migrar BACKUP-VAULT-01' asset=BACKUP-VAULT-01 severity=NO_CONFLICT conflict=False label=CONFIRMED DECISION policies=[]
2026-08-21T19:44:07Z | stress_test | decision='migrar ERP-FINANCE' asset=ERP-FINANCE severity=NO_CONFLICT conflict=False label=CONFIRMED DECISION policies=[]
2026-08-21T19:44:07Z | stress_test | decision='migrar MOBILE-BANKING-APP' asset=MOBILE-BANKING-APP severity=NO_CONFLICT conflict=False label=CONFIRMED DECISION policies=[]
2026-08-21T19:44:07Z | stress_test | decision='migrar CODE-SIGNING-PROD' asset=CODE-SIGNING-PROD severity=CONFLICT conflict=True label=RECOMMENDED ALTERNATIVE policies=['P003']
2026-08-21T19:44:07Z | stress_test | decision='migrar FIRMWARE-SIGNING' asset=FIRMWARE-SIGNING severity=CONFLICT conflict=True label=RECOMMENDED ALTERNATIVE policies=['P003']
2026-08-21T19:44:07Z | stress_test | decision='migrar SIEM-CORE' asset=SIEM-CORE severity=NO_CONFLICT conflict=False label=CONFIRMED DECISION policies=[]
2026-08-21T19:44:07Z | stress_test | decision='migrar SOC-PLATFORM' asset=SOC-PLATFORM severity=NO_CONFLICT conflict=False label=CONFIRMED DECISION policies=[]
2026-08-21T19:44:07Z | stress_test | decision='migrar LOGGING-PIPELINE' asset=LOGGING-PIPELINE severity=NO_CONFLICT conflict=False label=CONFIRMED DECISION policies=[]
2026-08-21T19:44:07Z | stress_test | decision='migrar VPN-CORP-PRIMARY' asset=VPN-CORP-PRIMARY severity=NO_CONFLICT conflict=False label=CONFIRMED DECISION policies=[]
2026-08-21T19:44:07Z | stress_test | decision='migrar K8S-PROD-US' asset=K8S-PROD-US severity=NO_CONFLICT conflict=False label=CONFIRMED DECISION policies=[]
2026-08-21T19:44:07Z | stress_test | decision='migrar K8S-PROD-EU' asset=K8S-PROD-EU severity=NO_CONFLICT conflict=False label=CONFIRMED DECISION policies=[]
2026-08-21T19:44:07Z | stress_test | decision='migrar DB-MISSION-PRIMARY' asset=DB-MISSION-PRIMARY severity=NO_CONFLICT conflict=False label=CONFIRMED DECISION policies=[]
2026-08-21T19:44:07Z | stress_test | decision='migrar DB-PAYMENTS' asset=DB-PAYMENTS severity=NO_CONFLICT conflict=False label=CONFIRMED DECISION policies=[]
2026-08-21T19:44:07Z | stress_test | decision='migrar CUSTOMER-API' asset=CUSTOMER-API severity=NO_CONFLICT conflict=False label=CONFIRMED DECISION policies=[]
2026-08-21T19:44:07Z | stress_test | decision='migrar SECURE-COMMS-GW' asset=SECURE-COMMS-GW severity=NO_CONFLICT conflict=False label=CONFIRMED DECISION policies=[]
2026-08-21T19:44:07Z | stress_test | decision='migrar LAUNCH-AUTH' asset=LAUNCH-AUTH severity=NO_CONFLICT conflict=False label=CONFIRMED DECISION policies=[]
2026-08-21T19:44:07Z | stress_test | decision='migrar QA-IDENTITY' asset=QA-IDENTITY severity=NO_CONFLICT conflict=False label=CONFIRMED DECISION policies=[]
2026-08-21T19:44:07Z | stress_test | decision='migrar PARTNER-PORTAL' asset=PARTNER-PORTAL severity=NO_CONFLICT conflict=False label=CONFIRMED DECISION policies=[]
2026-08-21T19:44:07Z | stress_test | decision='migrar BILLING-ENGINE' asset=BILLING-ENGINE severity=NO_CONFLICT conflict=False label=CONFIRMED DECISION policies=[]
2026-08-21T19:44:07Z | stress_test | decision='migrar TREASURY-WORKSTATION' asset=TREASURY-WORKSTATION severity=NO_CONFLICT conflict=False label=CONFIRMED DECISION policies=[]
2026-08-21T19:44:07Z | stress_test | decision='migrar TELEMETRY-ARCHIVE' asset=TELEMETRY-ARCHIVE severity=NO_CONFLICT conflict=False label=CONFIRMED DECISION policies=[]
2026-08-21T19:44:07Z | stress_test | decision='migrar DATA-WAREHOUSE' asset=DATA-WAREHOUSE severity=NO_CONFLICT conflict=False label=CONFIRMED DECISION policies=[]
2026-08-21T19:44:07Z | stress_test | decision='migrar DEV-PORTAL' asset=DEV-PORTAL severity=NO_CONFLICT conflict=False label=CONFIRMED DECISION policies=[]
2026-08-21T19:44:07Z | stress_test | decision='migrar STAGING-K8S' asset=STAGING-K8S severity=NO_CONFLICT conflict=False label=CONFIRMED DECISION policies=[]
2026-08-21T19:44:07Z | stress_test | decision='migrar CLOUD-OBJ-STORE' asset=CLOUD-OBJ-STORE severity=NO_CONFLICT conflict=False label=CONFIRMED DECISION policies=[]
2026-08-21T19:44:07Z | stress_test | decision='migrar DNS-INTERNAL' asset=DNS-INTERNAL severity=NO_CONFLICT conflict=False label=CONFIRMED DECISION policies=[]
2026-08-21T19:44:07Z | stress_test | decision='migrar REGION-LB-EU' asset=REGION-LB-EU severity=NO_CONFLICT conflict=False label=CONFIRMED DECISION policies=[]
2026-08-21T19:44:07Z | stress_test | decision='migrar REGION-LB-US' asset=REGION-LB-US severity=NO_CONFLICT conflict=False label=CONFIRMED DECISION policies=[]
2026-08-21T19:44:07Z | stress_test | decision='migrar GUEST-NETWORK-PORTAL' asset=GUEST-NETWORK-PORTAL severity=NO_CONFLICT conflict=False label=CONFIRMED DECISION policies=[]
2026-08-21T19:44:07Z | stress_test | decision='migrar LEGACY-VPN-EU' asset=LEGACY-VPN-EU severity=NO_CONFLICT conflict=False label=CONFIRMED DECISION policies=[]
2026-08-21T19:44:07Z | stress_test | decision='migrar LEGACY-PKI-01' asset=LEGACY-PKI-01 severity=NO_CONFLICT conflict=False label=CONFIRMED DECISION policies=[]
2026-08-21T19:44:07Z | stress_test | decision='migrar LEGACY-ERP-02' asset=LEGACY-ERP-02 severity=CONFLICT conflict=True label=RECOMMENDED ALTERNATIVE policies=['P003']
2026-08-21T19:44:07Z | stress_test | decision='migrar LEGACY-MANUFACTURING' asset=LEGACY-MANUFACTURING severity=NO_CONFLICT conflict=False label=CONFIRMED DECISION policies=[]
2026-08-21T19:44:07Z | stress_test | decision='migrar LEGACY-RADIUS' asset=LEGACY-RADIUS severity=NO_CONFLICT conflict=False label=CONFIRMED DECISION policies=[]
2026-08-21T19:44:07Z | stress_test | decision='migrar LEGACY-BACKUP-TAPE' asset=LEGACY-BACKUP-TAPE severity=NO_CONFLICT conflict=False label=CONFIRMED DECISION policies=[]
2026-08-21T19:44:07Z | stress_test | decision='migrar GIT-INFRA' asset=GIT-INFRA severity=NO_CONFLICT conflict=False label=CONFIRMED DECISION policies=[]
2026-08-21T19:44:07Z | stress_test | decision='migrar MFG-CONTROL-01' asset=MFG-CONTROL-01 severity=NO_CONFLICT conflict=False label=CONFIRMED DECISION policies=[]
2026-08-21T19:44:07Z | stress_test | decision='migrar PQC-PILOT-DSA' asset=PQC-PILOT-DSA severity=NO_CONFLICT conflict=False label=CONFIRMED DECISION policies=[]
2026-08-21T19:44:07Z | stress_test | decision='migrar PQC-PILOT-KEM' asset=PQC-PILOT-KEM severity=NO_CONFLICT conflict=False label=CONFIRMED DECISION policies=[]
2026-08-21T19:44:07Z | stress_test | decision='migrar ASSET-071' asset=ASSET-071 severity=NO_CONFLICT conflict=False label=CONFIRMED DECISION policies=[]
2026-08-21T19:44:07Z | stress_test | decision='migrar HR-PORTAL' asset=HR-PORTAL severity=NO_CONFLICT conflict=False label=CONFIRMED DECISION policies=[]
2026-08-21T19:44:07Z | stress_test | decision='migrar HR-DATABASE' asset=HR-DATABASE severity=NO_CONFLICT conflict=False label=CONFIRMED DECISION policies=[]
2026-08-21T19:44:07Z | stress_test | decision='migrar CICD-RUNNERS' asset=CICD-RUNNERS severity=NO_CONFLICT conflict=False label=CONFIRMED DECISION policies=[]
2026-08-21T19:44:07Z | stress_test | decision='migrar MONITORING-STACK' asset=MONITORING-STACK severity=NO_CONFLICT conflict=False label=CONFIRMED DECISION policies=[]
2026-08-21T19:44:07Z | stress_test | decision='migrar COLLAB-SUITE' asset=COLLAB-SUITE severity=NO_CONFLICT conflict=False label=CONFIRMED DECISION policies=[]
2026-08-21T19:44:07Z | stress_test | decision='migrar FILE-SHARE-GLOBAL' asset=FILE-SHARE-GLOBAL severity=NO_CONFLICT conflict=False label=CONFIRMED DECISION policies=[]
2026-08-21T19:44:07Z | stress_test | decision='migrar MFG-CONTROL-02' asset=MFG-CONTROL-02 severity=NO_CONFLICT conflict=False label=CONFIRMED DECISION policies=[]
2026-08-21T19:44:07Z | stress_test | decision='migrar SUPPLY-CHAIN-API' asset=SUPPLY-CHAIN-API severity=NO_CONFLICT conflict=False label=CONFIRMED DECISION policies=[]
2026-08-21T19:44:07Z | stress_test | decision='migrar EMAIL-GATEWAY' asset=EMAIL-GATEWAY severity=NO_CONFLICT conflict=False label=CONFIRMED DECISION policies=[]
2026-08-21T19:44:07Z | stress_test | decision='migrar ASSET-MGMT' asset=ASSET-MGMT severity=NO_CONFLICT conflict=False label=CONFIRMED DECISION policies=[]
2026-08-21T19:44:07Z | stress_test | decision='migrar TIME-SYNC' asset=TIME-SYNC severity=NO_CONFLICT conflict=False label=CONFIRMED DECISION policies=[]
2026-08-21T19:44:07Z | stress_test | decision='migrar LAB-WIFI-CONTROLLER' asset=LAB-WIFI-CONTROLLER severity=NO_CONFLICT conflict=False label=CONFIRMED DECISION policies=[]
2026-08-21T19:44:07Z | stress_test | decision='migrar DEMO-ENV-PORTAL' asset=DEMO-ENV-PORTAL severity=NO_CONFLICT conflict=False label=CONFIRMED DECISION policies=[]
2026-08-21T19:44:07Z | stress_test | decision='migrar TRAINING-SIMULATOR' asset=TRAINING-SIMULATOR severity=NO_CONFLICT conflict=False label=CONFIRMED DECISION policies=[]
2026-08-21T19:44:07Z | stress_test | decision='migrar PRINT-SERVER-HQ' asset=PRINT-SERVER-HQ severity=NO_CONFLICT conflict=False label=CONFIRMED DECISION policies=[]
2026-08-21T19:44:07Z | stress_test | decision='migrar ASSET-042' asset=ASSET-042 severity=NO_CONFLICT conflict=False label=CONFIRMED DECISION policies=[]
2026-08-21T19:44:07Z | stress_test | decision='migrar ASSET-057' asset=ASSET-057 severity=NO_CONFLICT conflict=False label=CONFIRMED DECISION policies=[]
2026-08-21T19:44:07Z | stress_test | decision='migrar ASSET-063' asset=ASSET-063 severity=NO_CONFLICT conflict=False label=CONFIRMED DECISION policies=[]
2026-08-21T19:44:07Z | stress_test | decision='migrar APAC-SG' asset=APAC-SG severity=NO_CONFLICT conflict=False label=CONFIRMED DECISION policies=[]
2026-08-21T19:44:07Z | stress_test | decision='migrar NG-07' asset=NG-07 severity=NO_CONFLICT conflict=False label=CONFIRMED DECISION policies=[]
2026-08-21T19:44:07Z | stress_test | decision='migrar MISSION-CONTROL' asset=MISSION-CONTROL severity=CONFLICT conflict=True label=RECOMMENDED ALTERNATIVE policies=['P002', 'P003', 'P008']
2026-08-21T19:44:07Z | stress_test | decision='migrar PAYMENTS-CORE' asset=PAYMENTS-CORE severity=NO_CONFLICT conflict=False label=CONFIRMED DECISION policies=[]
2026-08-21T19:44:07Z | stress_test | decision='migrar FLIGHT-DATA' asset=FLIGHT-DATA severity=NO_CONFLICT conflict=False label=CONFIRMED DECISION policies=[]
2026-08-21T19:44:07Z | stress_test | decision='migrar SECURITY-SIEM' asset=SECURITY-SIEM severity=NO_CONFLICT conflict=False label=CONFIRMED DECISION policies=[]
2026-08-21T19:44:07Z | stress_test | decision='migrar LEGACY-FTP' asset=LEGACY-FTP severity=NO_CONFLICT conflict=False label=CONFIRMED DECISION policies=[]
2026-08-21T19:44:10Z | stress_test | decision='migrar HSM-CLUSTER-US' asset=HSM-CLUSTER-US severity=NO_CONFLICT conflict=False label=CONFIRMED DECISION policies=[]
2026-08-21T19:44:14Z | stress_test | decision='migrar IDENTITY-CORE' asset=IDENTITY-CORE severity=CONFLICT conflict=True label=RECOMMENDED ALTERNATIVE policies=['P003']
2026-08-21T19:44:14Z | stress_test | decision='migrar SSO-GLOBAL' asset=SSO-GLOBAL severity=NO_CONFLICT conflict=False label=CONFIRMED DECISION policies=[]
2026-08-21T19:44:14Z | stress_test | decision='migrar PKI-ROOT' asset=PKI-ROOT severity=NO_CONFLICT conflict=False label=CONFIRMED DECISION policies=[]
2026-08-21T19:44:14Z | stress_test | decision='migrar PKI-INTERMEDIATE' asset=PKI-INTERMEDIATE severity=NO_CONFLICT conflict=False label=CONFIRMED DECISION policies=[]
2026-08-21T19:44:14Z | stress_test | decision='migrar HSM-CLUSTER-US' asset=HSM-CLUSTER-US severity=NO_CONFLICT conflict=False label=CONFIRMED DECISION policies=[]
2026-08-21T19:44:14Z | stress_test | decision='migrar HSM-CLUSTER-EU' asset=HSM-CLUSTER-EU severity=NO_CONFLICT conflict=False label=CONFIRMED DECISION policies=[]
2026-08-21T19:44:14Z | stress_test | decision='migrar PAYMENT-CORE' asset=PAYMENT-CORE severity=NO_CONFLICT conflict=False label=CONFIRMED DECISION policies=[]
2026-08-21T19:44:14Z | stress_test | decision='migrar COMMAND-SIGNING' asset=COMMAND-SIGNING severity=NO_CONFLICT conflict=False label=CONFIRMED DECISION policies=[]
2026-08-21T19:44:14Z | stress_test | decision='migrar SAT-OPS-01' asset=SAT-OPS-01 severity=CONFLICT conflict=True label=RECOMMENDED ALTERNATIVE policies=['P002', 'P008']
2026-08-21T19:44:14Z | stress_test | decision='migrar GROUND-STATION-EU' asset=GROUND-STATION-EU severity=NO_CONFLICT conflict=False label=CONFIRMED DECISION policies=[]
2026-08-21T19:44:14Z | stress_test | decision='migrar CUSTOMER-PORTAL' asset=CUSTOMER-PORTAL severity=CONFLICT conflict=True label=RECOMMENDED ALTERNATIVE policies=['P003']
2026-08-21T19:44:14Z | stress_test | decision='migrar TELEMETRY-BUS' asset=TELEMETRY-BUS severity=NO_CONFLICT conflict=False label=CONFIRMED DECISION policies=[]
2026-08-21T19:44:14Z | stress_test | decision='migrar DATA-LAKE-01' asset=DATA-LAKE-01 severity=NO_CONFLICT conflict=False label=CONFIRMED DECISION policies=[]
2026-08-21T19:44:14Z | stress_test | decision='migrar GROUND-STATION-US' asset=GROUND-STATION-US severity=NO_CONFLICT conflict=False label=CONFIRMED DECISION policies=[]
2026-08-21T19:44:14Z | stress_test | decision='migrar GROUND-STATION-APAC' asset=GROUND-STATION-APAC severity=NO_CONFLICT conflict=False label=CONFIRMED DECISION policies=[]
2026-08-21T19:44:14Z | stress_test | decision='migrar SAT-OPS-02' asset=SAT-OPS-02 severity=NO_CONFLICT conflict=False label=CONFIRMED DECISION policies=[]
2026-08-21T19:44:14Z | stress_test | decision='migrar SAT-COMMS-RELAY' asset=SAT-COMMS-RELAY severity=NO_CONFLICT conflict=False label=CONFIRMED DECISION policies=[]
2026-08-21T19:44:14Z | stress_test | decision='migrar API-GATEWAY-EDGE' asset=API-GATEWAY-EDGE severity=NO_CONFLICT conflict=False label=CONFIRMED DECISION policies=[]
2026-08-21T19:44:14Z | stress_test | decision='migrar API-GATEWAY-INTERNAL' asset=API-GATEWAY-INTERNAL severity=NO_CONFLICT conflict=False label=CONFIRMED DECISION policies=[]
2026-08-21T19:44:14Z | stress_test | decision='migrar IAM-WORKFORCE' asset=IAM-WORKFORCE severity=NO_CONFLICT conflict=False label=CONFIRMED DECISION policies=[]
2026-08-21T19:44:14Z | stress_test | decision='migrar PKI-EXTERNAL-CA' asset=PKI-EXTERNAL-CA severity=NO_CONFLICT conflict=False label=CONFIRMED DECISION policies=[]
2026-08-21T19:44:14Z | stress_test | decision='migrar KMS-CLOUD-PRIMARY' asset=KMS-CLOUD-PRIMARY severity=NO_CONFLICT conflict=False label=CONFIRMED DECISION policies=[]
2026-08-21T19:44:14Z | stress_test | decision='migrar BACKUP-VAULT-01' asset=BACKUP-VAULT-01 severity=NO_CONFLICT conflict=False label=CONFIRMED DECISION policies=[]
2026-08-21T19:44:14Z | stress_test | decision='migrar ERP-FINANCE' asset=ERP-FINANCE severity=NO_CONFLICT conflict=False label=CONFIRMED DECISION policies=[]
2026-08-21T19:44:14Z | stress_test | decision='migrar MOBILE-BANKING-APP' asset=MOBILE-BANKING-APP severity=NO_CONFLICT conflict=False label=CONFIRMED DECISION policies=[]
2026-08-21T19:44:14Z | stress_test | decision='migrar CODE-SIGNING-PROD' asset=CODE-SIGNING-PROD severity=CONFLICT conflict=True label=RECOMMENDED ALTERNATIVE policies=['P003']
2026-08-21T19:44:14Z | stress_test | decision='migrar FIRMWARE-SIGNING' asset=FIRMWARE-SIGNING severity=CONFLICT conflict=True label=RECOMMENDED ALTERNATIVE policies=['P003']
2026-08-21T19:44:14Z | stress_test | decision='migrar SIEM-CORE' asset=SIEM-CORE severity=NO_CONFLICT conflict=False label=CONFIRMED DECISION policies=[]
2026-08-21T19:44:14Z | stress_test | decision='migrar SOC-PLATFORM' asset=SOC-PLATFORM severity=NO_CONFLICT conflict=False label=CONFIRMED DECISION policies=[]
2026-08-21T19:44:14Z | stress_test | decision='migrar LOGGING-PIPELINE' asset=LOGGING-PIPELINE severity=NO_CONFLICT conflict=False label=CONFIRMED DECISION policies=[]
2026-08-21T19:44:14Z | stress_test | decision='migrar VPN-CORP-PRIMARY' asset=VPN-CORP-PRIMARY severity=NO_CONFLICT conflict=False label=CONFIRMED DECISION policies=[]
2026-08-21T19:44:14Z | stress_test | decision='migrar K8S-PROD-US' asset=K8S-PROD-US severity=NO_CONFLICT conflict=False label=CONFIRMED DECISION policies=[]
2026-08-21T19:44:14Z | stress_test | decision='migrar K8S-PROD-EU' asset=K8S-PROD-EU severity=NO_CONFLICT conflict=False label=CONFIRMED DECISION policies=[]
2026-08-21T19:44:14Z | stress_test | decision='migrar DB-MISSION-PRIMARY' asset=DB-MISSION-PRIMARY severity=NO_CONFLICT conflict=False label=CONFIRMED DECISION policies=[]
2026-08-21T19:44:14Z | stress_test | decision='migrar DB-PAYMENTS' asset=DB-PAYMENTS severity=NO_CONFLICT conflict=False label=CONFIRMED DECISION policies=[]
2026-08-21T19:44:14Z | stress_test | decision='migrar CUSTOMER-API' asset=CUSTOMER-API severity=NO_CONFLICT conflict=False label=CONFIRMED DECISION policies=[]
2026-08-21T19:44:14Z | stress_test | decision='migrar SECURE-COMMS-GW' asset=SECURE-COMMS-GW severity=NO_CONFLICT conflict=False label=CONFIRMED DECISION policies=[]
2026-08-21T19:44:14Z | stress_test | decision='migrar LAUNCH-AUTH' asset=LAUNCH-AUTH severity=NO_CONFLICT conflict=False label=CONFIRMED DECISION policies=[]
2026-08-21T19:44:14Z | stress_test | decision='migrar QA-IDENTITY' asset=QA-IDENTITY severity=NO_CONFLICT conflict=False label=CONFIRMED DECISION policies=[]
2026-08-21T19:44:14Z | stress_test | decision='migrar PARTNER-PORTAL' asset=PARTNER-PORTAL severity=NO_CONFLICT conflict=False label=CONFIRMED DECISION policies=[]
2026-08-21T19:44:14Z | stress_test | decision='migrar BILLING-ENGINE' asset=BILLING-ENGINE severity=NO_CONFLICT conflict=False label=CONFIRMED DECISION policies=[]
2026-08-21T19:44:14Z | stress_test | decision='migrar TREASURY-WORKSTATION' asset=TREASURY-WORKSTATION severity=NO_CONFLICT conflict=False label=CONFIRMED DECISION policies=[]
2026-08-21T19:44:14Z | stress_test | decision='migrar TELEMETRY-ARCHIVE' asset=TELEMETRY-ARCHIVE severity=NO_CONFLICT conflict=False label=CONFIRMED DECISION policies=[]
2026-08-21T19:44:14Z | stress_test | decision='migrar DATA-WAREHOUSE' asset=DATA-WAREHOUSE severity=NO_CONFLICT conflict=False label=CONFIRMED DECISION policies=[]
2026-08-21T19:44:14Z | stress_test | decision='migrar DEV-PORTAL' asset=DEV-PORTAL severity=NO_CONFLICT conflict=False label=CONFIRMED DECISION policies=[]
2026-08-21T19:44:14Z | stress_test | decision='migrar STAGING-K8S' asset=STAGING-K8S severity=NO_CONFLICT conflict=False label=CONFIRMED DECISION policies=[]
2026-08-21T19:44:14Z | stress_test | decision='migrar CLOUD-OBJ-STORE' asset=CLOUD-OBJ-STORE severity=NO_CONFLICT conflict=False label=CONFIRMED DECISION policies=[]
2026-08-21T19:44:14Z | stress_test | decision='migrar DNS-INTERNAL' asset=DNS-INTERNAL severity=NO_CONFLICT conflict=False label=CONFIRMED DECISION policies=[]
2026-08-21T19:44:14Z | stress_test | decision='migrar REGION-LB-EU' asset=REGION-LB-EU severity=NO_CONFLICT conflict=False label=CONFIRMED DECISION policies=[]
2026-08-21T19:44:14Z | stress_test | decision='migrar REGION-LB-US' asset=REGION-LB-US severity=NO_CONFLICT conflict=False label=CONFIRMED DECISION policies=[]
2026-08-21T19:44:14Z | stress_test | decision='migrar GUEST-NETWORK-PORTAL' asset=GUEST-NETWORK-PORTAL severity=NO_CONFLICT conflict=False label=CONFIRMED DECISION policies=[]
2026-08-21T19:44:14Z | stress_test | decision='migrar LEGACY-VPN-EU' asset=LEGACY-VPN-EU severity=NO_CONFLICT conflict=False label=CONFIRMED DECISION policies=[]
2026-08-21T19:44:14Z | stress_test | decision='migrar LEGACY-PKI-01' asset=LEGACY-PKI-01 severity=NO_CONFLICT conflict=False label=CONFIRMED DECISION policies=[]
2026-08-21T19:44:14Z | stress_test | decision='migrar LEGACY-ERP-02' asset=LEGACY-ERP-02 severity=CONFLICT conflict=True label=RECOMMENDED ALTERNATIVE policies=['P003']
2026-08-21T19:44:14Z | stress_test | decision='migrar LEGACY-MANUFACTURING' asset=LEGACY-MANUFACTURING severity=NO_CONFLICT conflict=False label=CONFIRMED DECISION policies=[]
2026-08-21T19:44:14Z | stress_test | decision='migrar LEGACY-RADIUS' asset=LEGACY-RADIUS severity=NO_CONFLICT conflict=False label=CONFIRMED DECISION policies=[]
2026-08-21T19:44:14Z | stress_test | decision='migrar LEGACY-BACKUP-TAPE' asset=LEGACY-BACKUP-TAPE severity=NO_CONFLICT conflict=False label=CONFIRMED DECISION policies=[]
2026-08-21T19:44:14Z | stress_test | decision='migrar GIT-INFRA' asset=GIT-INFRA severity=NO_CONFLICT conflict=False label=CONFIRMED DECISION policies=[]
2026-08-21T19:44:14Z | stress_test | decision='migrar MFG-CONTROL-01' asset=MFG-CONTROL-01 severity=NO_CONFLICT conflict=False label=CONFIRMED DECISION policies=[]
2026-08-21T19:44:14Z | stress_test | decision='migrar PQC-PILOT-DSA' asset=PQC-PILOT-DSA severity=NO_CONFLICT conflict=False label=CONFIRMED DECISION policies=[]
2026-08-21T19:44:14Z | stress_test | decision='migrar PQC-PILOT-KEM' asset=PQC-PILOT-KEM severity=NO_CONFLICT conflict=False label=CONFIRMED DECISION policies=[]
2026-08-21T19:44:14Z | stress_test | decision='migrar ASSET-071' asset=ASSET-071 severity=NO_CONFLICT conflict=False label=CONFIRMED DECISION policies=[]
2026-08-21T19:44:14Z | stress_test | decision='migrar HR-PORTAL' asset=HR-PORTAL severity=NO_CONFLICT conflict=False label=CONFIRMED DECISION policies=[]
2026-08-21T19:44:14Z | stress_test | decision='migrar HR-DATABASE' asset=HR-DATABASE severity=NO_CONFLICT conflict=False label=CONFIRMED DECISION policies=[]
2026-08-21T19:44:14Z | stress_test | decision='migrar CICD-RUNNERS' asset=CICD-RUNNERS severity=NO_CONFLICT conflict=False label=CONFIRMED DECISION policies=[]
2026-08-21T19:44:14Z | stress_test | decision='migrar MONITORING-STACK' asset=MONITORING-STACK severity=NO_CONFLICT conflict=False label=CONFIRMED DECISION policies=[]
2026-08-21T19:44:14Z | stress_test | decision='migrar COLLAB-SUITE' asset=COLLAB-SUITE severity=NO_CONFLICT conflict=False label=CONFIRMED DECISION policies=[]
2026-08-21T19:44:14Z | stress_test | decision='migrar FILE-SHARE-GLOBAL' asset=FILE-SHARE-GLOBAL severity=NO_CONFLICT conflict=False label=CONFIRMED DECISION policies=[]
2026-08-21T19:44:14Z | stress_test | decision='migrar MFG-CONTROL-02' asset=MFG-CONTROL-02 severity=NO_CONFLICT conflict=False label=CONFIRMED DECISION policies=[]
2026-08-21T19:44:14Z | stress_test | decision='migrar SUPPLY-CHAIN-API' asset=SUPPLY-CHAIN-API severity=NO_CONFLICT conflict=False label=CONFIRMED DECISION policies=[]
2026-08-21T19:44:14Z | stress_test | decision='migrar EMAIL-GATEWAY' asset=EMAIL-GATEWAY severity=NO_CONFLICT conflict=False label=CONFIRMED DECISION policies=[]
2026-08-21T19:44:14Z | stress_test | decision='migrar ASSET-MGMT' asset=ASSET-MGMT severity=NO_CONFLICT conflict=False label=CONFIRMED DECISION policies=[]
2026-08-21T19:44:14Z | stress_test | decision='migrar TIME-SYNC' asset=TIME-SYNC severity=NO_CONFLICT conflict=False label=CONFIRMED DECISION policies=[]
2026-08-21T19:44:14Z | stress_test | decision='migrar LAB-WIFI-CONTROLLER' asset=LAB-WIFI-CONTROLLER severity=NO_CONFLICT conflict=False label=CONFIRMED DECISION policies=[]
2026-08-21T19:44:14Z | stress_test | decision='migrar DEMO-ENV-PORTAL' asset=DEMO-ENV-PORTAL severity=NO_CONFLICT conflict=False label=CONFIRMED DECISION policies=[]
2026-08-21T19:44:14Z | stress_test | decision='migrar TRAINING-SIMULATOR' asset=TRAINING-SIMULATOR severity=NO_CONFLICT conflict=False label=CONFIRMED DECISION policies=[]
2026-08-21T19:44:14Z | stress_test | decision='migrar PRINT-SERVER-HQ' asset=PRINT-SERVER-HQ severity=NO_CONFLICT conflict=False label=CONFIRMED DECISION policies=[]
2026-08-21T19:44:14Z | stress_test | decision='migrar ASSET-042' asset=ASSET-042 severity=NO_CONFLICT conflict=False label=CONFIRMED DECISION policies=[]
2026-08-21T19:44:14Z | stress_test | decision='migrar ASSET-057' asset=ASSET-057 severity=NO_CONFLICT conflict=False label=CONFIRMED DECISION policies=[]
2026-08-21T19:44:14Z | stress_test | decision='migrar ASSET-063' asset=ASSET-063 severity=NO_CONFLICT conflict=False label=CONFIRMED DECISION policies=[]
2026-08-21T19:44:14Z | stress_test | decision='migrar APAC-SG' asset=APAC-SG severity=NO_CONFLICT conflict=False label=CONFIRMED DECISION policies=[]
2026-08-21T19:44:14Z | stress_test | decision='migrar NG-07' asset=NG-07 severity=NO_CONFLICT conflict=False label=CONFIRMED DECISION policies=[]
2026-08-21T19:44:14Z | stress_test | decision='migrar MISSION-CONTROL' asset=MISSION-CONTROL severity=CONFLICT conflict=True label=RECOMMENDED ALTERNATIVE policies=['P002', 'P003', 'P008']
2026-08-21T19:44:14Z | stress_test | decision='migrar PAYMENTS-CORE' asset=PAYMENTS-CORE severity=NO_CONFLICT conflict=False label=CONFIRMED DECISION policies=[]
2026-08-21T19:44:14Z | stress_test | decision='migrar FLIGHT-DATA' asset=FLIGHT-DATA severity=NO_CONFLICT conflict=False label=CONFIRMED DECISION policies=[]
2026-08-21T19:44:14Z | stress_test | decision='migrar SECURITY-SIEM' asset=SECURITY-SIEM severity=NO_CONFLICT conflict=False label=CONFIRMED DECISION policies=[]
2026-08-21T19:44:14Z | stress_test | decision='migrar LEGACY-FTP' asset=LEGACY-FTP severity=NO_CONFLICT conflict=False label=CONFIRMED DECISION policies=[]
2026-08-21T19:44:14Z | stress_test | decision='migrar IDENTITY-CORE' asset=IDENTITY-CORE severity=CONFLICT conflict=True label=RECOMMENDED ALTERNATIVE policies=['P003']
2026-08-21T19:44:14Z | stress_test | decision='migrar SSO-GLOBAL' asset=SSO-GLOBAL severity=NO_CONFLICT conflict=False label=CONFIRMED DECISION policies=[]
2026-08-21T19:44:14Z | stress_test | decision='migrar PKI-ROOT' asset=PKI-ROOT severity=NO_CONFLICT conflict=False label=CONFIRMED DECISION policies=[]
2026-08-21T19:44:14Z | stress_test | decision='migrar PKI-INTERMEDIATE' asset=PKI-INTERMEDIATE severity=NO_CONFLICT conflict=False label=CONFIRMED DECISION policies=[]
2026-08-21T19:44:14Z | stress_test | decision='migrar HSM-CLUSTER-US' asset=HSM-CLUSTER-US severity=NO_CONFLICT conflict=False label=CONFIRMED DECISION policies=[]
2026-08-21T19:44:14Z | stress_test | decision='migrar HSM-CLUSTER-EU' asset=HSM-CLUSTER-EU severity=NO_CONFLICT conflict=False label=CONFIRMED DECISION policies=[]
2026-08-21T19:44:14Z | stress_test | decision='migrar PAYMENT-CORE' asset=PAYMENT-CORE severity=NO_CONFLICT conflict=False label=CONFIRMED DECISION policies=[]
2026-08-21T19:44:14Z | stress_test | decision='migrar COMMAND-SIGNING' asset=COMMAND-SIGNING severity=NO_CONFLICT conflict=False label=CONFIRMED DECISION policies=[]
2026-08-21T19:44:14Z | stress_test | decision='migrar SAT-OPS-01' asset=SAT-OPS-01 severity=CONFLICT conflict=True label=RECOMMENDED ALTERNATIVE policies=['P002', 'P008']
2026-08-21T19:44:14Z | stress_test | decision='migrar GROUND-STATION-EU' asset=GROUND-STATION-EU severity=NO_CONFLICT conflict=False label=CONFIRMED DECISION policies=[]
2026-08-21T19:44:14Z | stress_test | decision='migrar CUSTOMER-PORTAL' asset=CUSTOMER-PORTAL severity=CONFLICT conflict=True label=RECOMMENDED ALTERNATIVE policies=['P003']
2026-08-21T19:44:14Z | stress_test | decision='migrar TELEMETRY-BUS' asset=TELEMETRY-BUS severity=NO_CONFLICT conflict=False label=CONFIRMED DECISION policies=[]
2026-08-21T19:44:14Z | stress_test | decision='migrar DATA-LAKE-01' asset=DATA-LAKE-01 severity=NO_CONFLICT conflict=False label=CONFIRMED DECISION policies=[]
2026-08-21T19:44:14Z | stress_test | decision='migrar GROUND-STATION-US' asset=GROUND-STATION-US severity=NO_CONFLICT conflict=False label=CONFIRMED DECISION policies=[]
2026-08-21T19:44:14Z | stress_test | decision='migrar GROUND-STATION-APAC' asset=GROUND-STATION-APAC severity=NO_CONFLICT conflict=False label=CONFIRMED DECISION policies=[]
2026-08-21T19:44:14Z | stress_test | decision='migrar SAT-OPS-02' asset=SAT-OPS-02 severity=NO_CONFLICT conflict=False label=CONFIRMED DECISION policies=[]
2026-08-21T19:44:14Z | stress_test | decision='migrar SAT-COMMS-RELAY' asset=SAT-COMMS-RELAY severity=NO_CONFLICT conflict=False label=CONFIRMED DECISION policies=[]
2026-08-21T19:44:14Z | stress_test | decision='migrar API-GATEWAY-EDGE' asset=API-GATEWAY-EDGE severity=NO_CONFLICT conflict=False label=CONFIRMED DECISION policies=[]
2026-08-21T19:44:14Z | stress_test | decision='migrar API-GATEWAY-INTERNAL' asset=API-GATEWAY-INTERNAL severity=NO_CONFLICT conflict=False label=CONFIRMED DECISION policies=[]
2026-08-21T19:44:14Z | stress_test | decision='migrar IAM-WORKFORCE' asset=IAM-WORKFORCE severity=NO_CONFLICT conflict=False label=CONFIRMED DECISION policies=[]
2026-08-21T19:44:14Z | stress_test | decision='migrar PKI-EXTERNAL-CA' asset=PKI-EXTERNAL-CA severity=NO_CONFLICT conflict=False label=CONFIRMED DECISION policies=[]
2026-08-21T19:44:14Z | stress_test | decision='migrar KMS-CLOUD-PRIMARY' asset=KMS-CLOUD-PRIMARY severity=NO_CONFLICT conflict=False label=CONFIRMED DECISION policies=[]
2026-08-21T19:44:14Z | stress_test | decision='migrar BACKUP-VAULT-01' asset=BACKUP-VAULT-01 severity=NO_CONFLICT conflict=False label=CONFIRMED DECISION policies=[]
2026-08-21T19:44:14Z | stress_test | decision='migrar ERP-FINANCE' asset=ERP-FINANCE severity=NO_CONFLICT conflict=False label=CONFIRMED DECISION policies=[]
2026-08-21T19:44:14Z | stress_test | decision='migrar MOBILE-BANKING-APP' asset=MOBILE-BANKING-APP severity=NO_CONFLICT conflict=False label=CONFIRMED DECISION policies=[]
2026-08-21T19:44:14Z | stress_test | decision='migrar CODE-SIGNING-PROD' asset=CODE-SIGNING-PROD severity=CONFLICT conflict=True label=RECOMMENDED ALTERNATIVE policies=['P003']
2026-08-21T19:44:14Z | stress_test | decision='migrar FIRMWARE-SIGNING' asset=FIRMWARE-SIGNING severity=CONFLICT conflict=True label=RECOMMENDED ALTERNATIVE policies=['P003']
2026-08-21T19:44:14Z | stress_test | decision='migrar SIEM-CORE' asset=SIEM-CORE severity=NO_CONFLICT conflict=False label=CONFIRMED DECISION policies=[]
2026-08-21T19:44:14Z | stress_test | decision='migrar SOC-PLATFORM' asset=SOC-PLATFORM severity=NO_CONFLICT conflict=False label=CONFIRMED DECISION policies=[]
2026-08-21T19:44:14Z | stress_test | decision='migrar LOGGING-PIPELINE' asset=LOGGING-PIPELINE severity=NO_CONFLICT conflict=False label=CONFIRMED DECISION policies=[]
2026-08-21T19:44:14Z | stress_test | decision='migrar VPN-CORP-PRIMARY' asset=VPN-CORP-PRIMARY severity=NO_CONFLICT conflict=False label=CONFIRMED DECISION policies=[]
2026-08-21T19:44:14Z | stress_test | decision='migrar K8S-PROD-US' asset=K8S-PROD-US severity=NO_CONFLICT conflict=False label=CONFIRMED DECISION policies=[]
2026-08-21T19:44:14Z | stress_test | decision='migrar K8S-PROD-EU' asset=K8S-PROD-EU severity=NO_CONFLICT conflict=False label=CONFIRMED DECISION policies=[]
2026-08-21T19:44:14Z | stress_test | decision='migrar DB-MISSION-PRIMARY' asset=DB-MISSION-PRIMARY severity=NO_CONFLICT conflict=False label=CONFIRMED DECISION policies=[]
2026-08-21T19:44:14Z | stress_test | decision='migrar DB-PAYMENTS' asset=DB-PAYMENTS severity=NO_CONFLICT conflict=False label=CONFIRMED DECISION policies=[]
2026-08-21T19:44:14Z | stress_test | decision='migrar CUSTOMER-API' asset=CUSTOMER-API severity=NO_CONFLICT conflict=False label=CONFIRMED DECISION policies=[]
2026-08-21T19:44:14Z | stress_test | decision='migrar SECURE-COMMS-GW' asset=SECURE-COMMS-GW severity=NO_CONFLICT conflict=False label=CONFIRMED DECISION policies=[]
2026-08-21T19:44:14Z | stress_test | decision='migrar LAUNCH-AUTH' asset=LAUNCH-AUTH severity=NO_CONFLICT conflict=False label=CONFIRMED DECISION policies=[]
2026-08-21T19:44:14Z | stress_test | decision='migrar QA-IDENTITY' asset=QA-IDENTITY severity=NO_CONFLICT conflict=False label=CONFIRMED DECISION policies=[]
2026-08-21T19:44:14Z | stress_test | decision='migrar PARTNER-PORTAL' asset=PARTNER-PORTAL severity=NO_CONFLICT conflict=False label=CONFIRMED DECISION policies=[]
2026-08-21T19:44:14Z | stress_test | decision='migrar BILLING-ENGINE' asset=BILLING-ENGINE severity=NO_CONFLICT conflict=False label=CONFIRMED DECISION policies=[]
2026-08-21T19:44:14Z | stress_test | decision='migrar TREASURY-WORKSTATION' asset=TREASURY-WORKSTATION severity=NO_CONFLICT conflict=False label=CONFIRMED DECISION policies=[]
2026-08-21T19:44:14Z | stress_test | decision='migrar TELEMETRY-ARCHIVE' asset=TELEMETRY-ARCHIVE severity=NO_CONFLICT conflict=False label=CONFIRMED DECISION policies=[]
2026-08-21T19:44:14Z | stress_test | decision='migrar DATA-WAREHOUSE' asset=DATA-WAREHOUSE severity=NO_CONFLICT conflict=False label=CONFIRMED DECISION policies=[]
2026-08-21T19:44:14Z | stress_test | decision='migrar DEV-PORTAL' asset=DEV-PORTAL severity=NO_CONFLICT conflict=False label=CONFIRMED DECISION policies=[]
2026-08-21T19:44:14Z | stress_test | decision='migrar STAGING-K8S' asset=STAGING-K8S severity=NO_CONFLICT conflict=False label=CONFIRMED DECISION policies=[]
2026-08-21T19:44:14Z | stress_test | decision='migrar CLOUD-OBJ-STORE' asset=CLOUD-OBJ-STORE severity=NO_CONFLICT conflict=False label=CONFIRMED DECISION policies=[]
2026-08-21T19:44:14Z | stress_test | decision='migrar DNS-INTERNAL' asset=DNS-INTERNAL severity=NO_CONFLICT conflict=False label=CONFIRMED DECISION policies=[]
2026-08-21T19:44:14Z | stress_test | decision='migrar REGION-LB-EU' asset=REGION-LB-EU severity=NO_CONFLICT conflict=False label=CONFIRMED DECISION policies=[]
2026-08-21T19:44:14Z | stress_test | decision='migrar REGION-LB-US' asset=REGION-LB-US severity=NO_CONFLICT conflict=False label=CONFIRMED DECISION policies=[]
2026-08-21T19:44:14Z | stress_test | decision='migrar GUEST-NETWORK-PORTAL' asset=GUEST-NETWORK-PORTAL severity=NO_CONFLICT conflict=False label=CONFIRMED DECISION policies=[]
2026-08-21T19:44:14Z | stress_test | decision='migrar LEGACY-VPN-EU' asset=LEGACY-VPN-EU severity=NO_CONFLICT conflict=False label=CONFIRMED DECISION policies=[]
2026-08-21T19:44:14Z | stress_test | decision='migrar LEGACY-PKI-01' asset=LEGACY-PKI-01 severity=NO_CONFLICT conflict=False label=CONFIRMED DECISION policies=[]
2026-08-21T19:44:14Z | stress_test | decision='migrar LEGACY-ERP-02' asset=LEGACY-ERP-02 severity=CONFLICT conflict=True label=RECOMMENDED ALTERNATIVE policies=['P003']
2026-08-21T19:44:14Z | stress_test | decision='migrar LEGACY-MANUFACTURING' asset=LEGACY-MANUFACTURING severity=NO_CONFLICT conflict=False label=CONFIRMED DECISION policies=[]
2026-08-21T19:44:14Z | stress_test | decision='migrar LEGACY-RADIUS' asset=LEGACY-RADIUS severity=NO_CONFLICT conflict=False label=CONFIRMED DECISION policies=[]
2026-08-21T19:44:14Z | stress_test | decision='migrar LEGACY-BACKUP-TAPE' asset=LEGACY-BACKUP-TAPE severity=NO_CONFLICT conflict=False label=CONFIRMED DECISION policies=[]
2026-08-21T19:44:14Z | stress_test | decision='migrar GIT-INFRA' asset=GIT-INFRA severity=NO_CONFLICT conflict=False label=CONFIRMED DECISION policies=[]
2026-08-21T19:44:14Z | stress_test | decision='migrar MFG-CONTROL-01' asset=MFG-CONTROL-01 severity=NO_CONFLICT conflict=False label=CONFIRMED DECISION policies=[]
2026-08-21T19:44:14Z | stress_test | decision='migrar PQC-PILOT-DSA' asset=PQC-PILOT-DSA severity=NO_CONFLICT conflict=False label=CONFIRMED DECISION policies=[]
2026-08-21T19:44:14Z | stress_test | decision='migrar PQC-PILOT-KEM' asset=PQC-PILOT-KEM severity=NO_CONFLICT conflict=False label=CONFIRMED DECISION policies=[]
2026-08-21T19:44:14Z | stress_test | decision='migrar ASSET-071' asset=ASSET-071 severity=NO_CONFLICT conflict=False label=CONFIRMED DECISION policies=[]
2026-08-21T19:44:14Z | stress_test | decision='migrar HR-PORTAL' asset=HR-PORTAL severity=NO_CONFLICT conflict=False label=CONFIRMED DECISION policies=[]
2026-08-21T19:44:14Z | stress_test | decision='migrar HR-DATABASE' asset=HR-DATABASE severity=NO_CONFLICT conflict=False label=CONFIRMED DECISION policies=[]
2026-08-21T19:44:14Z | stress_test | decision='migrar CICD-RUNNERS' asset=CICD-RUNNERS severity=NO_CONFLICT conflict=False label=CONFIRMED DECISION policies=[]
2026-08-21T19:44:14Z | stress_test | decision='migrar MONITORING-STACK' asset=MONITORING-STACK severity=NO_CONFLICT conflict=False label=CONFIRMED DECISION policies=[]
2026-08-21T19:44:14Z | stress_test | decision='migrar COLLAB-SUITE' asset=COLLAB-SUITE severity=NO_CONFLICT conflict=False label=CONFIRMED DECISION policies=[]
2026-08-21T19:44:14Z | stress_test | decision='migrar FILE-SHARE-GLOBAL' asset=FILE-SHARE-GLOBAL severity=NO_CONFLICT conflict=False label=CONFIRMED DECISION policies=[]
2026-08-21T19:44:14Z | stress_test | decision='migrar MFG-CONTROL-02' asset=MFG-CONTROL-02 severity=NO_CONFLICT conflict=False label=CONFIRMED DECISION policies=[]
2026-08-21T19:44:14Z | stress_test | decision='migrar SUPPLY-CHAIN-API' asset=SUPPLY-CHAIN-API severity=NO_CONFLICT conflict=False label=CONFIRMED DECISION policies=[]
2026-08-21T19:44:14Z | stress_test | decision='migrar EMAIL-GATEWAY' asset=EMAIL-GATEWAY severity=NO_CONFLICT conflict=False label=CONFIRMED DECISION policies=[]
2026-08-21T19:44:14Z | stress_test | decision='migrar ASSET-MGMT' asset=ASSET-MGMT severity=NO_CONFLICT conflict=False label=CONFIRMED DECISION policies=[]
2026-08-21T19:44:14Z | stress_test | decision='migrar TIME-SYNC' asset=TIME-SYNC severity=NO_CONFLICT conflict=False label=CONFIRMED DECISION policies=[]
2026-08-21T19:44:14Z | stress_test | decision='migrar LAB-WIFI-CONTROLLER' asset=LAB-WIFI-CONTROLLER severity=NO_CONFLICT conflict=False label=CONFIRMED DECISION policies=[]
2026-08-21T19:44:14Z | stress_test | decision='migrar DEMO-ENV-PORTAL' asset=DEMO-ENV-PORTAL severity=NO_CONFLICT conflict=False label=CONFIRMED DECISION policies=[]
2026-08-21T19:44:14Z | stress_test | decision='migrar TRAINING-SIMULATOR' asset=TRAINING-SIMULATOR severity=NO_CONFLICT conflict=False label=CONFIRMED DECISION policies=[]
2026-08-21T19:44:14Z | stress_test | decision='migrar PRINT-SERVER-HQ' asset=PRINT-SERVER-HQ severity=NO_CONFLICT conflict=False label=CONFIRMED DECISION policies=[]
2026-08-21T19:44:14Z | stress_test | decision='migrar ASSET-042' asset=ASSET-042 severity=NO_CONFLICT conflict=False label=CONFIRMED DECISION policies=[]
2026-08-21T19:44:14Z | stress_test | decision='migrar ASSET-057' asset=ASSET-057 severity=NO_CONFLICT conflict=False label=CONFIRMED DECISION policies=[]
2026-08-21T19:44:14Z | stress_test | decision='migrar ASSET-063' asset=ASSET-063 severity=NO_CONFLICT conflict=False label=CONFIRMED DECISION policies=[]
2026-08-21T19:44:14Z | stress_test | decision='migrar APAC-SG' asset=APAC-SG severity=NO_CONFLICT conflict=False label=CONFIRMED DECISION policies=[]
2026-08-21T19:44:14Z | stress_test | decision='migrar NG-07' asset=NG-07 severity=NO_CONFLICT conflict=False label=CONFIRMED DECISION policies=[]
2026-08-21T19:44:14Z | stress_test | decision='migrar MISSION-CONTROL' asset=MISSION-CONTROL severity=CONFLICT conflict=True label=RECOMMENDED ALTERNATIVE policies=['P002', 'P003', 'P008']
2026-08-21T19:44:14Z | stress_test | decision='migrar PAYMENTS-CORE' asset=PAYMENTS-CORE severity=NO_CONFLICT conflict=False label=CONFIRMED DECISION policies=[]
2026-08-21T19:44:14Z | stress_test | decision='migrar FLIGHT-DATA' asset=FLIGHT-DATA severity=NO_CONFLICT conflict=False label=CONFIRMED DECISION policies=[]
2026-08-21T19:44:14Z | stress_test | decision='migrar SECURITY-SIEM' asset=SECURITY-SIEM severity=NO_CONFLICT conflict=False label=CONFIRMED DECISION policies=[]
2026-08-21T19:44:14Z | stress_test | decision='migrar LEGACY-FTP' asset=LEGACY-FTP severity=NO_CONFLICT conflict=False label=CONFIRMED DECISION policies=[]
2026-08-21T19:44:15Z | stress_test | decision='migrar IDENTITY-CORE' asset=IDENTITY-CORE severity=CONFLICT conflict=True label=RECOMMENDED ALTERNATIVE policies=['P003']
2026-08-21T19:44:15Z | stress_test | decision='migrar SSO-GLOBAL' asset=SSO-GLOBAL severity=NO_CONFLICT conflict=False label=CONFIRMED DECISION policies=[]
2026-08-21T19:44:15Z | stress_test | decision='migrar PKI-ROOT' asset=PKI-ROOT severity=NO_CONFLICT conflict=False label=CONFIRMED DECISION policies=[]
2026-08-21T19:44:15Z | stress_test | decision='migrar PKI-INTERMEDIATE' asset=PKI-INTERMEDIATE severity=NO_CONFLICT conflict=False label=CONFIRMED DECISION policies=[]
2026-08-21T19:44:15Z | stress_test | decision='migrar HSM-CLUSTER-US' asset=HSM-CLUSTER-US severity=NO_CONFLICT conflict=False label=CONFIRMED DECISION policies=[]
2026-08-21T19:44:15Z | stress_test | decision='migrar HSM-CLUSTER-EU' asset=HSM-CLUSTER-EU severity=NO_CONFLICT conflict=False label=CONFIRMED DECISION policies=[]
2026-08-21T19:44:15Z | stress_test | decision='migrar PAYMENT-CORE' asset=PAYMENT-CORE severity=NO_CONFLICT conflict=False label=CONFIRMED DECISION policies=[]
2026-08-21T19:44:15Z | stress_test | decision='migrar COMMAND-SIGNING' asset=COMMAND-SIGNING severity=NO_CONFLICT conflict=False label=CONFIRMED DECISION policies=[]
2026-08-21T19:44:15Z | stress_test | decision='migrar SAT-OPS-01' asset=SAT-OPS-01 severity=CONFLICT conflict=True label=RECOMMENDED ALTERNATIVE policies=['P002', 'P008']
2026-08-21T19:44:15Z | stress_test | decision='migrar GROUND-STATION-EU' asset=GROUND-STATION-EU severity=NO_CONFLICT conflict=False label=CONFIRMED DECISION policies=[]
2026-08-21T19:44:15Z | stress_test | decision='migrar CUSTOMER-PORTAL' asset=CUSTOMER-PORTAL severity=CONFLICT conflict=True label=RECOMMENDED ALTERNATIVE policies=['P003']
2026-08-21T19:44:15Z | stress_test | decision='migrar TELEMETRY-BUS' asset=TELEMETRY-BUS severity=NO_CONFLICT conflict=False label=CONFIRMED DECISION policies=[]
2026-08-21T19:44:15Z | stress_test | decision='migrar DATA-LAKE-01' asset=DATA-LAKE-01 severity=NO_CONFLICT conflict=False label=CONFIRMED DECISION policies=[]
2026-08-21T19:44:15Z | stress_test | decision='migrar GROUND-STATION-US' asset=GROUND-STATION-US severity=NO_CONFLICT conflict=False label=CONFIRMED DECISION policies=[]
2026-08-21T19:44:15Z | stress_test | decision='migrar GROUND-STATION-APAC' asset=GROUND-STATION-APAC severity=NO_CONFLICT conflict=False label=CONFIRMED DECISION policies=[]
2026-08-21T19:44:15Z | stress_test | decision='migrar SAT-OPS-02' asset=SAT-OPS-02 severity=NO_CONFLICT conflict=False label=CONFIRMED DECISION policies=[]
2026-08-21T19:44:15Z | stress_test | decision='migrar SAT-COMMS-RELAY' asset=SAT-COMMS-RELAY severity=NO_CONFLICT conflict=False label=CONFIRMED DECISION policies=[]
2026-08-21T19:44:15Z | stress_test | decision='migrar API-GATEWAY-EDGE' asset=API-GATEWAY-EDGE severity=NO_CONFLICT conflict=False label=CONFIRMED DECISION policies=[]
2026-08-21T19:44:15Z | stress_test | decision='migrar API-GATEWAY-INTERNAL' asset=API-GATEWAY-INTERNAL severity=NO_CONFLICT conflict=False label=CONFIRMED DECISION policies=[]
2026-08-21T19:44:15Z | stress_test | decision='migrar IAM-WORKFORCE' asset=IAM-WORKFORCE severity=NO_CONFLICT conflict=False label=CONFIRMED DECISION policies=[]
2026-08-21T19:44:15Z | stress_test | decision='migrar PKI-EXTERNAL-CA' asset=PKI-EXTERNAL-CA severity=NO_CONFLICT conflict=False label=CONFIRMED DECISION policies=[]
2026-08-21T19:44:15Z | stress_test | decision='migrar KMS-CLOUD-PRIMARY' asset=KMS-CLOUD-PRIMARY severity=NO_CONFLICT conflict=False label=CONFIRMED DECISION policies=[]
2026-08-21T19:44:15Z | stress_test | decision='migrar BACKUP-VAULT-01' asset=BACKUP-VAULT-01 severity=NO_CONFLICT conflict=False label=CONFIRMED DECISION policies=[]
2026-08-21T19:44:15Z | stress_test | decision='migrar ERP-FINANCE' asset=ERP-FINANCE severity=NO_CONFLICT conflict=False label=CONFIRMED DECISION policies=[]
2026-08-21T19:44:15Z | stress_test | decision='migrar MOBILE-BANKING-APP' asset=MOBILE-BANKING-APP severity=NO_CONFLICT conflict=False label=CONFIRMED DECISION policies=[]
2026-08-21T19:44:15Z | stress_test | decision='migrar CODE-SIGNING-PROD' asset=CODE-SIGNING-PROD severity=CONFLICT conflict=True label=RECOMMENDED ALTERNATIVE policies=['P003']
2026-08-21T19:44:15Z | stress_test | decision='migrar FIRMWARE-SIGNING' asset=FIRMWARE-SIGNING severity=CONFLICT conflict=True label=RECOMMENDED ALTERNATIVE policies=['P003']
2026-08-21T19:44:15Z | stress_test | decision='migrar SIEM-CORE' asset=SIEM-CORE severity=NO_CONFLICT conflict=False label=CONFIRMED DECISION policies=[]
2026-08-21T19:44:15Z | stress_test | decision='migrar SOC-PLATFORM' asset=SOC-PLATFORM severity=NO_CONFLICT conflict=False label=CONFIRMED DECISION policies=[]
2026-08-21T19:44:15Z | stress_test | decision='migrar LOGGING-PIPELINE' asset=LOGGING-PIPELINE severity=NO_CONFLICT conflict=False label=CONFIRMED DECISION policies=[]
2026-08-21T19:44:15Z | stress_test | decision='migrar VPN-CORP-PRIMARY' asset=VPN-CORP-PRIMARY severity=NO_CONFLICT conflict=False label=CONFIRMED DECISION policies=[]
2026-08-21T19:44:15Z | stress_test | decision='migrar K8S-PROD-US' asset=K8S-PROD-US severity=NO_CONFLICT conflict=False label=CONFIRMED DECISION policies=[]
2026-08-21T19:44:15Z | stress_test | decision='migrar K8S-PROD-EU' asset=K8S-PROD-EU severity=NO_CONFLICT conflict=False label=CONFIRMED DECISION policies=[]
2026-08-21T19:44:15Z | stress_test | decision='migrar DB-MISSION-PRIMARY' asset=DB-MISSION-PRIMARY severity=NO_CONFLICT conflict=False label=CONFIRMED DECISION policies=[]
2026-08-21T19:44:15Z | stress_test | decision='migrar DB-PAYMENTS' asset=DB-PAYMENTS severity=NO_CONFLICT conflict=False label=CONFIRMED DECISION policies=[]
2026-08-21T19:44:15Z | stress_test | decision='migrar CUSTOMER-API' asset=CUSTOMER-API severity=NO_CONFLICT conflict=False label=CONFIRMED DECISION policies=[]
2026-08-21T19:44:15Z | stress_test | decision='migrar SECURE-COMMS-GW' asset=SECURE-COMMS-GW severity=NO_CONFLICT conflict=False label=CONFIRMED DECISION policies=[]
2026-08-21T19:44:15Z | stress_test | decision='migrar LAUNCH-AUTH' asset=LAUNCH-AUTH severity=NO_CONFLICT conflict=False label=CONFIRMED DECISION policies=[]
2026-08-21T19:44:15Z | stress_test | decision='migrar QA-IDENTITY' asset=QA-IDENTITY severity=NO_CONFLICT conflict=False label=CONFIRMED DECISION policies=[]
2026-08-21T19:44:15Z | stress_test | decision='migrar PARTNER-PORTAL' asset=PARTNER-PORTAL severity=NO_CONFLICT conflict=False label=CONFIRMED DECISION policies=[]
2026-08-21T19:44:15Z | stress_test | decision='migrar BILLING-ENGINE' asset=BILLING-ENGINE severity=NO_CONFLICT conflict=False label=CONFIRMED DECISION policies=[]
2026-08-21T19:44:15Z | stress_test | decision='migrar TREASURY-WORKSTATION' asset=TREASURY-WORKSTATION severity=NO_CONFLICT conflict=False label=CONFIRMED DECISION policies=[]
2026-08-21T19:44:15Z | stress_test | decision='migrar TELEMETRY-ARCHIVE' asset=TELEMETRY-ARCHIVE severity=NO_CONFLICT conflict=False label=CONFIRMED DECISION policies=[]
2026-08-21T19:44:15Z | stress_test | decision='migrar DATA-WAREHOUSE' asset=DATA-WAREHOUSE severity=NO_CONFLICT conflict=False label=CONFIRMED DECISION policies=[]
2026-08-21T19:44:15Z | stress_test | decision='migrar DEV-PORTAL' asset=DEV-PORTAL severity=NO_CONFLICT conflict=False label=CONFIRMED DECISION policies=[]
2026-08-21T19:44:15Z | stress_test | decision='migrar STAGING-K8S' asset=STAGING-K8S severity=NO_CONFLICT conflict=False label=CONFIRMED DECISION policies=[]
2026-08-21T19:44:15Z | stress_test | decision='migrar CLOUD-OBJ-STORE' asset=CLOUD-OBJ-STORE severity=NO_CONFLICT conflict=False label=CONFIRMED DECISION policies=[]
2026-08-21T19:44:15Z | stress_test | decision='migrar DNS-INTERNAL' asset=DNS-INTERNAL severity=NO_CONFLICT conflict=False label=CONFIRMED DECISION policies=[]
2026-08-21T19:44:15Z | stress_test | decision='migrar REGION-LB-EU' asset=REGION-LB-EU severity=NO_CONFLICT conflict=False label=CONFIRMED DECISION policies=[]
2026-08-21T19:44:15Z | stress_test | decision='migrar REGION-LB-US' asset=REGION-LB-US severity=NO_CONFLICT conflict=False label=CONFIRMED DECISION policies=[]
2026-08-21T19:44:15Z | stress_test | decision='migrar GUEST-NETWORK-PORTAL' asset=GUEST-NETWORK-PORTAL severity=NO_CONFLICT conflict=False label=CONFIRMED DECISION policies=[]
2026-08-21T19:44:15Z | stress_test | decision='migrar LEGACY-VPN-EU' asset=LEGACY-VPN-EU severity=NO_CONFLICT conflict=False label=CONFIRMED DECISION policies=[]
2026-08-21T19:44:15Z | stress_test | decision='migrar LEGACY-PKI-01' asset=LEGACY-PKI-01 severity=NO_CONFLICT conflict=False label=CONFIRMED DECISION policies=[]
2026-08-21T19:44:15Z | stress_test | decision='migrar LEGACY-ERP-02' asset=LEGACY-ERP-02 severity=CONFLICT conflict=True label=RECOMMENDED ALTERNATIVE policies=['P003']
2026-08-21T19:44:15Z | stress_test | decision='migrar LEGACY-MANUFACTURING' asset=LEGACY-MANUFACTURING severity=NO_CONFLICT conflict=False label=CONFIRMED DECISION policies=[]
2026-08-21T19:44:15Z | stress_test | decision='migrar LEGACY-RADIUS' asset=LEGACY-RADIUS severity=NO_CONFLICT conflict=False label=CONFIRMED DECISION policies=[]
2026-08-21T19:44:15Z | stress_test | decision='migrar LEGACY-BACKUP-TAPE' asset=LEGACY-BACKUP-TAPE severity=NO_CONFLICT conflict=False label=CONFIRMED DECISION policies=[]
2026-08-21T19:44:15Z | stress_test | decision='migrar GIT-INFRA' asset=GIT-INFRA severity=NO_CONFLICT conflict=False label=CONFIRMED DECISION policies=[]
2026-08-21T19:44:15Z | stress_test | decision='migrar MFG-CONTROL-01' asset=MFG-CONTROL-01 severity=NO_CONFLICT conflict=False label=CONFIRMED DECISION policies=[]
2026-08-21T19:44:15Z | stress_test | decision='migrar PQC-PILOT-DSA' asset=PQC-PILOT-DSA severity=NO_CONFLICT conflict=False label=CONFIRMED DECISION policies=[]
2026-08-21T19:44:15Z | stress_test | decision='migrar PQC-PILOT-KEM' asset=PQC-PILOT-KEM severity=NO_CONFLICT conflict=False label=CONFIRMED DECISION policies=[]
2026-08-21T19:44:15Z | stress_test | decision='migrar ASSET-071' asset=ASSET-071 severity=NO_CONFLICT conflict=False label=CONFIRMED DECISION policies=[]
2026-08-21T19:44:15Z | stress_test | decision='migrar HR-PORTAL' asset=HR-PORTAL severity=NO_CONFLICT conflict=False label=CONFIRMED DECISION policies=[]
2026-08-21T19:44:15Z | stress_test | decision='migrar HR-DATABASE' asset=HR-DATABASE severity=NO_CONFLICT conflict=False label=CONFIRMED DECISION policies=[]
2026-08-21T19:44:15Z | stress_test | decision='migrar CICD-RUNNERS' asset=CICD-RUNNERS severity=NO_CONFLICT conflict=False label=CONFIRMED DECISION policies=[]
2026-08-21T19:44:15Z | stress_test | decision='migrar MONITORING-STACK' asset=MONITORING-STACK severity=NO_CONFLICT conflict=False label=CONFIRMED DECISION policies=[]
2026-08-21T19:44:15Z | stress_test | decision='migrar COLLAB-SUITE' asset=COLLAB-SUITE severity=NO_CONFLICT conflict=False label=CONFIRMED DECISION policies=[]
2026-08-21T19:44:15Z | stress_test | decision='migrar FILE-SHARE-GLOBAL' asset=FILE-SHARE-GLOBAL severity=NO_CONFLICT conflict=False label=CONFIRMED DECISION policies=[]
2026-08-21T19:44:15Z | stress_test | decision='migrar MFG-CONTROL-02' asset=MFG-CONTROL-02 severity=NO_CONFLICT conflict=False label=CONFIRMED DECISION policies=[]
2026-08-21T19:44:15Z | stress_test | decision='migrar SUPPLY-CHAIN-API' asset=SUPPLY-CHAIN-API severity=NO_CONFLICT conflict=False label=CONFIRMED DECISION policies=[]
2026-08-21T19:44:15Z | stress_test | decision='migrar EMAIL-GATEWAY' asset=EMAIL-GATEWAY severity=NO_CONFLICT conflict=False label=CONFIRMED DECISION policies=[]
2026-08-21T19:44:15Z | stress_test | decision='migrar ASSET-MGMT' asset=ASSET-MGMT severity=NO_CONFLICT conflict=False label=CONFIRMED DECISION policies=[]
2026-08-21T19:44:15Z | stress_test | decision='migrar TIME-SYNC' asset=TIME-SYNC severity=NO_CONFLICT conflict=False label=CONFIRMED DECISION policies=[]
2026-08-21T19:44:15Z | stress_test | decision='migrar LAB-WIFI-CONTROLLER' asset=LAB-WIFI-CONTROLLER severity=NO_CONFLICT conflict=False label=CONFIRMED DECISION policies=[]
2026-08-21T19:44:15Z | stress_test | decision='migrar DEMO-ENV-PORTAL' asset=DEMO-ENV-PORTAL severity=NO_CONFLICT conflict=False label=CONFIRMED DECISION policies=[]
2026-08-21T19:44:15Z | stress_test | decision='migrar TRAINING-SIMULATOR' asset=TRAINING-SIMULATOR severity=NO_CONFLICT conflict=False label=CONFIRMED DECISION policies=[]
2026-08-21T19:44:15Z | stress_test | decision='migrar PRINT-SERVER-HQ' asset=PRINT-SERVER-HQ severity=NO_CONFLICT conflict=False label=CONFIRMED DECISION policies=[]
2026-08-21T19:44:15Z | stress_test | decision='migrar ASSET-042' asset=ASSET-042 severity=NO_CONFLICT conflict=False label=CONFIRMED DECISION policies=[]
2026-08-21T19:44:15Z | stress_test | decision='migrar ASSET-057' asset=ASSET-057 severity=NO_CONFLICT conflict=False label=CONFIRMED DECISION policies=[]
2026-08-21T19:44:15Z | stress_test | decision='migrar ASSET-063' asset=ASSET-063 severity=NO_CONFLICT conflict=False label=CONFIRMED DECISION policies=[]
2026-08-21T19:44:15Z | stress_test | decision='migrar APAC-SG' asset=APAC-SG severity=NO_CONFLICT conflict=False label=CONFIRMED DECISION policies=[]
2026-08-21T19:44:15Z | stress_test | decision='migrar NG-07' asset=NG-07 severity=NO_CONFLICT conflict=False label=CONFIRMED DECISION policies=[]
2026-08-21T19:44:15Z | stress_test | decision='migrar MISSION-CONTROL' asset=MISSION-CONTROL severity=CONFLICT conflict=True label=RECOMMENDED ALTERNATIVE policies=['P002', 'P003', 'P008']
2026-08-21T19:44:15Z | stress_test | decision='migrar PAYMENTS-CORE' asset=PAYMENTS-CORE severity=NO_CONFLICT conflict=False label=CONFIRMED DECISION policies=[]
2026-08-21T19:44:15Z | stress_test | decision='migrar FLIGHT-DATA' asset=FLIGHT-DATA severity=NO_CONFLICT conflict=False label=CONFIRMED DECISION policies=[]
2026-08-21T19:44:15Z | stress_test | decision='migrar SECURITY-SIEM' asset=SECURITY-SIEM severity=NO_CONFLICT conflict=False label=CONFIRMED DECISION policies=[]
2026-08-21T19:44:15Z | stress_test | decision='migrar LEGACY-FTP' asset=LEGACY-FTP severity=NO_CONFLICT conflict=False label=CONFIRMED DECISION policies=[]
2026-08-21T19:44:15Z | stress_test | decision='migrar IDENTITY-CORE' asset=IDENTITY-CORE severity=CONFLICT conflict=True label=RECOMMENDED ALTERNATIVE policies=['P003']
2026-08-21T19:44:15Z | stress_test | decision='migrar SSO-GLOBAL' asset=SSO-GLOBAL severity=NO_CONFLICT conflict=False label=CONFIRMED DECISION policies=[]
2026-08-21T19:44:15Z | stress_test | decision='migrar PKI-ROOT' asset=PKI-ROOT severity=NO_CONFLICT conflict=False label=CONFIRMED DECISION policies=[]
2026-08-21T19:44:15Z | stress_test | decision='migrar PKI-INTERMEDIATE' asset=PKI-INTERMEDIATE severity=NO_CONFLICT conflict=False label=CONFIRMED DECISION policies=[]
2026-08-21T19:44:15Z | stress_test | decision='migrar HSM-CLUSTER-US' asset=HSM-CLUSTER-US severity=NO_CONFLICT conflict=False label=CONFIRMED DECISION policies=[]
2026-08-21T19:44:15Z | stress_test | decision='migrar HSM-CLUSTER-EU' asset=HSM-CLUSTER-EU severity=NO_CONFLICT conflict=False label=CONFIRMED DECISION policies=[]
2026-08-21T19:44:15Z | stress_test | decision='migrar PAYMENT-CORE' asset=PAYMENT-CORE severity=NO_CONFLICT conflict=False label=CONFIRMED DECISION policies=[]
2026-08-21T19:44:15Z | stress_test | decision='migrar COMMAND-SIGNING' asset=COMMAND-SIGNING severity=NO_CONFLICT conflict=False label=CONFIRMED DECISION policies=[]
2026-08-21T19:44:15Z | stress_test | decision='migrar SAT-OPS-01' asset=SAT-OPS-01 severity=CONFLICT conflict=True label=RECOMMENDED ALTERNATIVE policies=['P002', 'P008']
2026-08-21T19:44:15Z | stress_test | decision='migrar GROUND-STATION-EU' asset=GROUND-STATION-EU severity=NO_CONFLICT conflict=False label=CONFIRMED DECISION policies=[]
2026-08-21T19:44:15Z | stress_test | decision='migrar CUSTOMER-PORTAL' asset=CUSTOMER-PORTAL severity=CONFLICT conflict=True label=RECOMMENDED ALTERNATIVE policies=['P003']
2026-08-21T19:44:15Z | stress_test | decision='migrar TELEMETRY-BUS' asset=TELEMETRY-BUS severity=NO_CONFLICT conflict=False label=CONFIRMED DECISION policies=[]
2026-08-21T19:44:15Z | stress_test | decision='migrar DATA-LAKE-01' asset=DATA-LAKE-01 severity=NO_CONFLICT conflict=False label=CONFIRMED DECISION policies=[]
2026-08-21T19:44:15Z | stress_test | decision='migrar GROUND-STATION-US' asset=GROUND-STATION-US severity=NO_CONFLICT conflict=False label=CONFIRMED DECISION policies=[]
2026-08-21T19:44:15Z | stress_test | decision='migrar GROUND-STATION-APAC' asset=GROUND-STATION-APAC severity=NO_CONFLICT conflict=False label=CONFIRMED DECISION policies=[]
2026-08-21T19:44:15Z | stress_test | decision='migrar SAT-OPS-02' asset=SAT-OPS-02 severity=NO_CONFLICT conflict=False label=CONFIRMED DECISION policies=[]
2026-08-21T19:44:15Z | stress_test | decision='migrar SAT-COMMS-RELAY' asset=SAT-COMMS-RELAY severity=NO_CONFLICT conflict=False label=CONFIRMED DECISION policies=[]
2026-08-21T19:44:15Z | stress_test | decision='migrar API-GATEWAY-EDGE' asset=API-GATEWAY-EDGE severity=NO_CONFLICT conflict=False label=CONFIRMED DECISION policies=[]
2026-08-21T19:44:15Z | stress_test | decision='migrar API-GATEWAY-INTERNAL' asset=API-GATEWAY-INTERNAL severity=NO_CONFLICT conflict=False label=CONFIRMED DECISION policies=[]
2026-08-21T19:44:15Z | stress_test | decision='migrar IAM-WORKFORCE' asset=IAM-WORKFORCE severity=NO_CONFLICT conflict=False label=CONFIRMED DECISION policies=[]
2026-08-21T19:44:15Z | stress_test | decision='migrar PKI-EXTERNAL-CA' asset=PKI-EXTERNAL-CA severity=NO_CONFLICT conflict=False label=CONFIRMED DECISION policies=[]
2026-08-21T19:44:15Z | stress_test | decision='migrar KMS-CLOUD-PRIMARY' asset=KMS-CLOUD-PRIMARY severity=NO_CONFLICT conflict=False label=CONFIRMED DECISION policies=[]
2026-08-21T19:44:15Z | stress_test | decision='migrar BACKUP-VAULT-01' asset=BACKUP-VAULT-01 severity=NO_CONFLICT conflict=False label=CONFIRMED DECISION policies=[]
2026-08-21T19:44:15Z | stress_test | decision='migrar ERP-FINANCE' asset=ERP-FINANCE severity=NO_CONFLICT conflict=False label=CONFIRMED DECISION policies=[]
2026-08-21T19:44:15Z | stress_test | decision='migrar MOBILE-BANKING-APP' asset=MOBILE-BANKING-APP severity=NO_CONFLICT conflict=False label=CONFIRMED DECISION policies=[]
2026-08-21T19:44:15Z | stress_test | decision='migrar CODE-SIGNING-PROD' asset=CODE-SIGNING-PROD severity=CONFLICT conflict=True label=RECOMMENDED ALTERNATIVE policies=['P003']
2026-08-21T19:44:15Z | stress_test | decision='migrar FIRMWARE-SIGNING' asset=FIRMWARE-SIGNING severity=CONFLICT conflict=True label=RECOMMENDED ALTERNATIVE policies=['P003']
2026-08-21T19:44:15Z | stress_test | decision='migrar SIEM-CORE' asset=SIEM-CORE severity=NO_CONFLICT conflict=False label=CONFIRMED DECISION policies=[]
2026-08-21T19:44:15Z | stress_test | decision='migrar SOC-PLATFORM' asset=SOC-PLATFORM severity=NO_CONFLICT conflict=False label=CONFIRMED DECISION policies=[]
2026-08-21T19:44:15Z | stress_test | decision='migrar LOGGING-PIPELINE' asset=LOGGING-PIPELINE severity=NO_CONFLICT conflict=False label=CONFIRMED DECISION policies=[]
2026-08-21T19:44:15Z | stress_test | decision='migrar VPN-CORP-PRIMARY' asset=VPN-CORP-PRIMARY severity=NO_CONFLICT conflict=False label=CONFIRMED DECISION policies=[]
2026-08-21T19:44:15Z | stress_test | decision='migrar K8S-PROD-US' asset=K8S-PROD-US severity=NO_CONFLICT conflict=False label=CONFIRMED DECISION policies=[]
2026-08-21T19:44:15Z | stress_test | decision='migrar K8S-PROD-EU' asset=K8S-PROD-EU severity=NO_CONFLICT conflict=False label=CONFIRMED DECISION policies=[]
2026-08-21T19:44:15Z | stress_test | decision='migrar DB-MISSION-PRIMARY' asset=DB-MISSION-PRIMARY severity=NO_CONFLICT conflict=False label=CONFIRMED DECISION policies=[]
2026-08-21T19:44:15Z | stress_test | decision='migrar DB-PAYMENTS' asset=DB-PAYMENTS severity=NO_CONFLICT conflict=False label=CONFIRMED DECISION policies=[]
2026-08-21T19:44:15Z | stress_test | decision='migrar CUSTOMER-API' asset=CUSTOMER-API severity=NO_CONFLICT conflict=False label=CONFIRMED DECISION policies=[]
2026-08-21T19:44:15Z | stress_test | decision='migrar SECURE-COMMS-GW' asset=SECURE-COMMS-GW severity=NO_CONFLICT conflict=False label=CONFIRMED DECISION policies=[]
2026-08-21T19:44:15Z | stress_test | decision='migrar LAUNCH-AUTH' asset=LAUNCH-AUTH severity=NO_CONFLICT conflict=False label=CONFIRMED DECISION policies=[]
2026-08-21T19:44:15Z | stress_test | decision='migrar QA-IDENTITY' asset=QA-IDENTITY severity=NO_CONFLICT conflict=False label=CONFIRMED DECISION policies=[]
2026-08-21T19:44:15Z | stress_test | decision='migrar PARTNER-PORTAL' asset=PARTNER-PORTAL severity=NO_CONFLICT conflict=False label=CONFIRMED DECISION policies=[]
2026-08-21T19:44:15Z | stress_test | decision='migrar BILLING-ENGINE' asset=BILLING-ENGINE severity=NO_CONFLICT conflict=False label=CONFIRMED DECISION policies=[]
2026-08-21T19:44:15Z | stress_test | decision='migrar TREASURY-WORKSTATION' asset=TREASURY-WORKSTATION severity=NO_CONFLICT conflict=False label=CONFIRMED DECISION policies=[]
2026-08-21T19:44:15Z | stress_test | decision='migrar TELEMETRY-ARCHIVE' asset=TELEMETRY-ARCHIVE severity=NO_CONFLICT conflict=False label=CONFIRMED DECISION policies=[]
2026-08-21T19:44:15Z | stress_test | decision='migrar DATA-WAREHOUSE' asset=DATA-WAREHOUSE severity=NO_CONFLICT conflict=False label=CONFIRMED DECISION policies=[]
2026-08-21T19:44:15Z | stress_test | decision='migrar DEV-PORTAL' asset=DEV-PORTAL severity=NO_CONFLICT conflict=False label=CONFIRMED DECISION policies=[]
2026-08-21T19:44:15Z | stress_test | decision='migrar STAGING-K8S' asset=STAGING-K8S severity=NO_CONFLICT conflict=False label=CONFIRMED DECISION policies=[]
2026-08-21T19:44:15Z | stress_test | decision='migrar CLOUD-OBJ-STORE' asset=CLOUD-OBJ-STORE severity=NO_CONFLICT conflict=False label=CONFIRMED DECISION policies=[]
2026-08-21T19:44:15Z | stress_test | decision='migrar DNS-INTERNAL' asset=DNS-INTERNAL severity=NO_CONFLICT conflict=False label=CONFIRMED DECISION policies=[]
2026-08-21T19:44:15Z | stress_test | decision='migrar REGION-LB-EU' asset=REGION-LB-EU severity=NO_CONFLICT conflict=False label=CONFIRMED DECISION policies=[]
2026-08-21T19:44:15Z | stress_test | decision='migrar REGION-LB-US' asset=REGION-LB-US severity=NO_CONFLICT conflict=False label=CONFIRMED DECISION policies=[]
2026-08-21T19:44:15Z | stress_test | decision='migrar GUEST-NETWORK-PORTAL' asset=GUEST-NETWORK-PORTAL severity=NO_CONFLICT conflict=False label=CONFIRMED DECISION policies=[]
2026-08-21T19:44:15Z | stress_test | decision='migrar LEGACY-VPN-EU' asset=LEGACY-VPN-EU severity=NO_CONFLICT conflict=False label=CONFIRMED DECISION policies=[]
2026-08-21T19:44:15Z | stress_test | decision='migrar LEGACY-PKI-01' asset=LEGACY-PKI-01 severity=NO_CONFLICT conflict=False label=CONFIRMED DECISION policies=[]
2026-08-21T19:44:15Z | stress_test | decision='migrar LEGACY-ERP-02' asset=LEGACY-ERP-02 severity=CONFLICT conflict=True label=RECOMMENDED ALTERNATIVE policies=['P003']
2026-08-21T19:44:15Z | stress_test | decision='migrar LEGACY-MANUFACTURING' asset=LEGACY-MANUFACTURING severity=NO_CONFLICT conflict=False label=CONFIRMED DECISION policies=[]
2026-08-21T19:44:15Z | stress_test | decision='migrar LEGACY-RADIUS' asset=LEGACY-RADIUS severity=NO_CONFLICT conflict=False label=CONFIRMED DECISION policies=[]
2026-08-21T19:44:15Z | stress_test | decision='migrar LEGACY-BACKUP-TAPE' asset=LEGACY-BACKUP-TAPE severity=NO_CONFLICT conflict=False label=CONFIRMED DECISION policies=[]
2026-08-21T19:44:15Z | stress_test | decision='migrar GIT-INFRA' asset=GIT-INFRA severity=NO_CONFLICT conflict=False label=CONFIRMED DECISION policies=[]
2026-08-21T19:44:15Z | stress_test | decision='migrar MFG-CONTROL-01' asset=MFG-CONTROL-01 severity=NO_CONFLICT conflict=False label=CONFIRMED DECISION policies=[]
2026-08-21T19:44:15Z | stress_test | decision='migrar PQC-PILOT-DSA' asset=PQC-PILOT-DSA severity=NO_CONFLICT conflict=False label=CONFIRMED DECISION policies=[]
2026-08-21T19:44:15Z | stress_test | decision='migrar PQC-PILOT-KEM' asset=PQC-PILOT-KEM severity=NO_CONFLICT conflict=False label=CONFIRMED DECISION policies=[]
2026-08-21T19:44:15Z | stress_test | decision='migrar ASSET-071' asset=ASSET-071 severity=NO_CONFLICT conflict=False label=CONFIRMED DECISION policies=[]
2026-08-21T19:44:15Z | stress_test | decision='migrar HR-PORTAL' asset=HR-PORTAL severity=NO_CONFLICT conflict=False label=CONFIRMED DECISION policies=[]
2026-08-21T19:44:15Z | stress_test | decision='migrar HR-DATABASE' asset=HR-DATABASE severity=NO_CONFLICT conflict=False label=CONFIRMED DECISION policies=[]
2026-08-21T19:44:15Z | stress_test | decision='migrar CICD-RUNNERS' asset=CICD-RUNNERS severity=NO_CONFLICT conflict=False label=CONFIRMED DECISION policies=[]
2026-08-21T19:44:15Z | stress_test | decision='migrar MONITORING-STACK' asset=MONITORING-STACK severity=NO_CONFLICT conflict=False label=CONFIRMED DECISION policies=[]
2026-08-21T19:44:15Z | stress_test | decision='migrar COLLAB-SUITE' asset=COLLAB-SUITE severity=NO_CONFLICT conflict=False label=CONFIRMED DECISION policies=[]
2026-08-21T19:44:15Z | stress_test | decision='migrar FILE-SHARE-GLOBAL' asset=FILE-SHARE-GLOBAL severity=NO_CONFLICT conflict=False label=CONFIRMED DECISION policies=[]
2026-08-21T19:44:15Z | stress_test | decision='migrar MFG-CONTROL-02' asset=MFG-CONTROL-02 severity=NO_CONFLICT conflict=False label=CONFIRMED DECISION policies=[]
2026-08-21T19:44:15Z | stress_test | decision='migrar SUPPLY-CHAIN-API' asset=SUPPLY-CHAIN-API severity=NO_CONFLICT conflict=False label=CONFIRMED DECISION policies=[]
2026-08-21T19:44:15Z | stress_test | decision='migrar EMAIL-GATEWAY' asset=EMAIL-GATEWAY severity=NO_CONFLICT conflict=False label=CONFIRMED DECISION policies=[]
2026-08-21T19:44:15Z | stress_test | decision='migrar ASSET-MGMT' asset=ASSET-MGMT severity=NO_CONFLICT conflict=False label=CONFIRMED DECISION policies=[]
2026-08-21T19:44:15Z | stress_test | decision='migrar TIME-SYNC' asset=TIME-SYNC severity=NO_CONFLICT conflict=False label=CONFIRMED DECISION policies=[]
2026-08-21T19:44:15Z | stress_test | decision='migrar LAB-WIFI-CONTROLLER' asset=LAB-WIFI-CONTROLLER severity=NO_CONFLICT conflict=False label=CONFIRMED DECISION policies=[]
2026-08-21T19:44:15Z | stress_test | decision='migrar DEMO-ENV-PORTAL' asset=DEMO-ENV-PORTAL severity=NO_CONFLICT conflict=False label=CONFIRMED DECISION policies=[]
2026-08-21T19:44:15Z | stress_test | decision='migrar TRAINING-SIMULATOR' asset=TRAINING-SIMULATOR severity=NO_CONFLICT conflict=False label=CONFIRMED DECISION policies=[]
2026-08-21T19:44:15Z | stress_test | decision='migrar PRINT-SERVER-HQ' asset=PRINT-SERVER-HQ severity=NO_CONFLICT conflict=False label=CONFIRMED DECISION policies=[]
2026-08-21T19:44:15Z | stress_test | decision='migrar ASSET-042' asset=ASSET-042 severity=NO_CONFLICT conflict=False label=CONFIRMED DECISION policies=[]
2026-08-21T19:44:15Z | stress_test | decision='migrar ASSET-057' asset=ASSET-057 severity=NO_CONFLICT conflict=False label=CONFIRMED DECISION policies=[]
2026-08-21T19:44:15Z | stress_test | decision='migrar ASSET-063' asset=ASSET-063 severity=NO_CONFLICT conflict=False label=CONFIRMED DECISION policies=[]
2026-08-21T19:44:15Z | stress_test | decision='migrar APAC-SG' asset=APAC-SG severity=NO_CONFLICT conflict=False label=CONFIRMED DECISION policies=[]
2026-08-21T19:44:15Z | stress_test | decision='migrar NG-07' asset=NG-07 severity=NO_CONFLICT conflict=False label=CONFIRMED DECISION policies=[]
2026-08-21T19:44:15Z | stress_test | decision='migrar MISSION-CONTROL' asset=MISSION-CONTROL severity=CONFLICT conflict=True label=RECOMMENDED ALTERNATIVE policies=['P002', 'P003', 'P008']
2026-08-21T19:44:15Z | stress_test | decision='migrar PAYMENTS-CORE' asset=PAYMENTS-CORE severity=NO_CONFLICT conflict=False label=CONFIRMED DECISION policies=[]
2026-08-21T19:44:15Z | stress_test | decision='migrar FLIGHT-DATA' asset=FLIGHT-DATA severity=NO_CONFLICT conflict=False label=CONFIRMED DECISION policies=[]
2026-08-21T19:44:15Z | stress_test | decision='migrar SECURITY-SIEM' asset=SECURITY-SIEM severity=NO_CONFLICT conflict=False label=CONFIRMED DECISION policies=[]
2026-08-21T19:44:15Z | stress_test | decision='migrar LEGACY-FTP' asset=LEGACY-FTP severity=NO_CONFLICT conflict=False label=CONFIRMED DECISION policies=[]
2026-08-21T19:44:50Z | stress_test | decision='migrar IDENTITY-CORE' asset=IDENTITY-CORE severity=CONFLICT conflict=True label=RECOMMENDED ALTERNATIVE policies=['P003']
2026-08-21T19:44:50Z | stress_test | decision='migrar SSO-GLOBAL' asset=SSO-GLOBAL severity=NO_CONFLICT conflict=False label=CONFIRMED DECISION policies=[]
2026-08-21T19:44:50Z | stress_test | decision='migrar PKI-ROOT' asset=PKI-ROOT severity=NO_CONFLICT conflict=False label=CONFIRMED DECISION policies=[]
2026-08-21T19:44:50Z | stress_test | decision='migrar PKI-INTERMEDIATE' asset=PKI-INTERMEDIATE severity=NO_CONFLICT conflict=False label=CONFIRMED DECISION policies=[]
2026-08-21T19:44:50Z | stress_test | decision='migrar HSM-CLUSTER-US' asset=HSM-CLUSTER-US severity=NO_CONFLICT conflict=False label=CONFIRMED DECISION policies=[]
2026-08-21T19:44:50Z | stress_test | decision='migrar HSM-CLUSTER-EU' asset=HSM-CLUSTER-EU severity=NO_CONFLICT conflict=False label=CONFIRMED DECISION policies=[]
2026-08-21T19:44:50Z | stress_test | decision='migrar PAYMENT-CORE' asset=PAYMENT-CORE severity=NO_CONFLICT conflict=False label=CONFIRMED DECISION policies=[]
2026-08-21T19:44:50Z | stress_test | decision='migrar COMMAND-SIGNING' asset=COMMAND-SIGNING severity=NO_CONFLICT conflict=False label=CONFIRMED DECISION policies=[]
2026-08-21T19:44:50Z | stress_test | decision='migrar SAT-OPS-01' asset=SAT-OPS-01 severity=CONFLICT conflict=True label=RECOMMENDED ALTERNATIVE policies=['P002', 'P008']
2026-08-21T19:44:50Z | stress_test | decision='migrar GROUND-STATION-EU' asset=GROUND-STATION-EU severity=NO_CONFLICT conflict=False label=CONFIRMED DECISION policies=[]
2026-08-21T19:44:50Z | stress_test | decision='migrar CUSTOMER-PORTAL' asset=CUSTOMER-PORTAL severity=CONFLICT conflict=True label=RECOMMENDED ALTERNATIVE policies=['P003']
2026-08-21T19:44:50Z | stress_test | decision='migrar TELEMETRY-BUS' asset=TELEMETRY-BUS severity=NO_CONFLICT conflict=False label=CONFIRMED DECISION policies=[]
2026-08-21T19:44:50Z | stress_test | decision='migrar DATA-LAKE-01' asset=DATA-LAKE-01 severity=NO_CONFLICT conflict=False label=CONFIRMED DECISION policies=[]
2026-08-21T19:44:50Z | stress_test | decision='migrar GROUND-STATION-US' asset=GROUND-STATION-US severity=NO_CONFLICT conflict=False label=CONFIRMED DECISION policies=[]
2026-08-21T19:44:50Z | stress_test | decision='migrar GROUND-STATION-APAC' asset=GROUND-STATION-APAC severity=NO_CONFLICT conflict=False label=CONFIRMED DECISION policies=[]
2026-08-21T19:44:50Z | stress_test | decision='migrar SAT-OPS-02' asset=SAT-OPS-02 severity=NO_CONFLICT conflict=False label=CONFIRMED DECISION policies=[]
2026-08-21T19:44:50Z | stress_test | decision='migrar SAT-COMMS-RELAY' asset=SAT-COMMS-RELAY severity=NO_CONFLICT conflict=False label=CONFIRMED DECISION policies=[]
2026-08-21T19:44:50Z | stress_test | decision='migrar API-GATEWAY-EDGE' asset=API-GATEWAY-EDGE severity=NO_CONFLICT conflict=False label=CONFIRMED DECISION policies=[]
2026-08-21T19:44:50Z | stress_test | decision='migrar API-GATEWAY-INTERNAL' asset=API-GATEWAY-INTERNAL severity=NO_CONFLICT conflict=False label=CONFIRMED DECISION policies=[]
2026-08-21T19:44:50Z | stress_test | decision='migrar IAM-WORKFORCE' asset=IAM-WORKFORCE severity=NO_CONFLICT conflict=False label=CONFIRMED DECISION policies=[]
2026-08-21T19:44:50Z | stress_test | decision='migrar PKI-EXTERNAL-CA' asset=PKI-EXTERNAL-CA severity=NO_CONFLICT conflict=False label=CONFIRMED DECISION policies=[]
2026-08-21T19:44:50Z | stress_test | decision='migrar KMS-CLOUD-PRIMARY' asset=KMS-CLOUD-PRIMARY severity=NO_CONFLICT conflict=False label=CONFIRMED DECISION policies=[]
2026-08-21T19:44:50Z | stress_test | decision='migrar BACKUP-VAULT-01' asset=BACKUP-VAULT-01 severity=NO_CONFLICT conflict=False label=CONFIRMED DECISION policies=[]
2026-08-21T19:44:50Z | stress_test | decision='migrar ERP-FINANCE' asset=ERP-FINANCE severity=NO_CONFLICT conflict=False label=CONFIRMED DECISION policies=[]
2026-08-21T19:44:50Z | stress_test | decision='migrar MOBILE-BANKING-APP' asset=MOBILE-BANKING-APP severity=NO_CONFLICT conflict=False label=CONFIRMED DECISION policies=[]
2026-08-21T19:44:50Z | stress_test | decision='migrar CODE-SIGNING-PROD' asset=CODE-SIGNING-PROD severity=CONFLICT conflict=True label=RECOMMENDED ALTERNATIVE policies=['P003']
2026-08-21T19:44:50Z | stress_test | decision='migrar FIRMWARE-SIGNING' asset=FIRMWARE-SIGNING severity=CONFLICT conflict=True label=RECOMMENDED ALTERNATIVE policies=['P003']
2026-08-21T19:44:50Z | stress_test | decision='migrar SIEM-CORE' asset=SIEM-CORE severity=NO_CONFLICT conflict=False label=CONFIRMED DECISION policies=[]
2026-08-21T19:44:50Z | stress_test | decision='migrar SOC-PLATFORM' asset=SOC-PLATFORM severity=NO_CONFLICT conflict=False label=CONFIRMED DECISION policies=[]
2026-08-21T19:44:50Z | stress_test | decision='migrar LOGGING-PIPELINE' asset=LOGGING-PIPELINE severity=NO_CONFLICT conflict=False label=CONFIRMED DECISION policies=[]
2026-08-21T19:44:50Z | stress_test | decision='migrar VPN-CORP-PRIMARY' asset=VPN-CORP-PRIMARY severity=NO_CONFLICT conflict=False label=CONFIRMED DECISION policies=[]
2026-08-21T19:44:50Z | stress_test | decision='migrar K8S-PROD-US' asset=K8S-PROD-US severity=NO_CONFLICT conflict=False label=CONFIRMED DECISION policies=[]
2026-08-21T19:44:50Z | stress_test | decision='migrar K8S-PROD-EU' asset=K8S-PROD-EU severity=NO_CONFLICT conflict=False label=CONFIRMED DECISION policies=[]
2026-08-21T19:44:50Z | stress_test | decision='migrar DB-MISSION-PRIMARY' asset=DB-MISSION-PRIMARY severity=NO_CONFLICT conflict=False label=CONFIRMED DECISION policies=[]
2026-08-21T19:44:50Z | stress_test | decision='migrar DB-PAYMENTS' asset=DB-PAYMENTS severity=NO_CONFLICT conflict=False label=CONFIRMED DECISION policies=[]
2026-08-21T19:44:50Z | stress_test | decision='migrar CUSTOMER-API' asset=CUSTOMER-API severity=NO_CONFLICT conflict=False label=CONFIRMED DECISION policies=[]
2026-08-21T19:44:50Z | stress_test | decision='migrar SECURE-COMMS-GW' asset=SECURE-COMMS-GW severity=NO_CONFLICT conflict=False label=CONFIRMED DECISION policies=[]
2026-08-21T19:44:50Z | stress_test | decision='migrar LAUNCH-AUTH' asset=LAUNCH-AUTH severity=NO_CONFLICT conflict=False label=CONFIRMED DECISION policies=[]
2026-08-21T19:44:50Z | stress_test | decision='migrar QA-IDENTITY' asset=QA-IDENTITY severity=NO_CONFLICT conflict=False label=CONFIRMED DECISION policies=[]
2026-08-21T19:44:50Z | stress_test | decision='migrar PARTNER-PORTAL' asset=PARTNER-PORTAL severity=NO_CONFLICT conflict=False label=CONFIRMED DECISION policies=[]
2026-08-21T19:44:50Z | stress_test | decision='migrar BILLING-ENGINE' asset=BILLING-ENGINE severity=NO_CONFLICT conflict=False label=CONFIRMED DECISION policies=[]
2026-08-21T19:44:50Z | stress_test | decision='migrar TREASURY-WORKSTATION' asset=TREASURY-WORKSTATION severity=NO_CONFLICT conflict=False label=CONFIRMED DECISION policies=[]
2026-08-21T19:44:50Z | stress_test | decision='migrar TELEMETRY-ARCHIVE' asset=TELEMETRY-ARCHIVE severity=NO_CONFLICT conflict=False label=CONFIRMED DECISION policies=[]
2026-08-21T19:44:50Z | stress_test | decision='migrar DATA-WAREHOUSE' asset=DATA-WAREHOUSE severity=NO_CONFLICT conflict=False label=CONFIRMED DECISION policies=[]
2026-08-21T19:44:50Z | stress_test | decision='migrar DEV-PORTAL' asset=DEV-PORTAL severity=NO_CONFLICT conflict=False label=CONFIRMED DECISION policies=[]
2026-08-21T19:44:50Z | stress_test | decision='migrar STAGING-K8S' asset=STAGING-K8S severity=NO_CONFLICT conflict=False label=CONFIRMED DECISION policies=[]
2026-08-21T19:44:50Z | stress_test | decision='migrar CLOUD-OBJ-STORE' asset=CLOUD-OBJ-STORE severity=NO_CONFLICT conflict=False label=CONFIRMED DECISION policies=[]
2026-08-21T19:44:50Z | stress_test | decision='migrar DNS-INTERNAL' asset=DNS-INTERNAL severity=NO_CONFLICT conflict=False label=CONFIRMED DECISION policies=[]
2026-08-21T19:44:50Z | stress_test | decision='migrar REGION-LB-EU' asset=REGION-LB-EU severity=NO_CONFLICT conflict=False label=CONFIRMED DECISION policies=[]
2026-08-21T19:44:50Z | stress_test | decision='migrar REGION-LB-US' asset=REGION-LB-US severity=NO_CONFLICT conflict=False label=CONFIRMED DECISION policies=[]
2026-08-21T19:44:50Z | stress_test | decision='migrar GUEST-NETWORK-PORTAL' asset=GUEST-NETWORK-PORTAL severity=NO_CONFLICT conflict=False label=CONFIRMED DECISION policies=[]
2026-08-21T19:44:50Z | stress_test | decision='migrar LEGACY-VPN-EU' asset=LEGACY-VPN-EU severity=NO_CONFLICT conflict=False label=CONFIRMED DECISION policies=[]
2026-08-21T19:44:50Z | stress_test | decision='migrar LEGACY-PKI-01' asset=LEGACY-PKI-01 severity=NO_CONFLICT conflict=False label=CONFIRMED DECISION policies=[]
2026-08-21T19:44:50Z | stress_test | decision='migrar LEGACY-ERP-02' asset=LEGACY-ERP-02 severity=CONFLICT conflict=True label=RECOMMENDED ALTERNATIVE policies=['P003']
2026-08-21T19:44:50Z | stress_test | decision='migrar LEGACY-MANUFACTURING' asset=LEGACY-MANUFACTURING severity=NO_CONFLICT conflict=False label=CONFIRMED DECISION policies=[]
2026-08-21T19:44:50Z | stress_test | decision='migrar LEGACY-RADIUS' asset=LEGACY-RADIUS severity=NO_CONFLICT conflict=False label=CONFIRMED DECISION policies=[]
2026-08-21T19:44:50Z | stress_test | decision='migrar LEGACY-BACKUP-TAPE' asset=LEGACY-BACKUP-TAPE severity=NO_CONFLICT conflict=False label=CONFIRMED DECISION policies=[]
2026-08-21T19:44:50Z | stress_test | decision='migrar GIT-INFRA' asset=GIT-INFRA severity=NO_CONFLICT conflict=False label=CONFIRMED DECISION policies=[]
2026-08-21T19:44:50Z | stress_test | decision='migrar MFG-CONTROL-01' asset=MFG-CONTROL-01 severity=NO_CONFLICT conflict=False label=CONFIRMED DECISION policies=[]
2026-08-21T19:44:50Z | stress_test | decision='migrar PQC-PILOT-DSA' asset=PQC-PILOT-DSA severity=NO_CONFLICT conflict=False label=CONFIRMED DECISION policies=[]
2026-08-21T19:44:50Z | stress_test | decision='migrar PQC-PILOT-KEM' asset=PQC-PILOT-KEM severity=NO_CONFLICT conflict=False label=CONFIRMED DECISION policies=[]
2026-08-21T19:44:50Z | stress_test | decision='migrar ASSET-071' asset=ASSET-071 severity=NO_CONFLICT conflict=False label=CONFIRMED DECISION policies=[]
2026-08-21T19:44:50Z | stress_test | decision='migrar HR-PORTAL' asset=HR-PORTAL severity=NO_CONFLICT conflict=False label=CONFIRMED DECISION policies=[]
2026-08-21T19:44:50Z | stress_test | decision='migrar HR-DATABASE' asset=HR-DATABASE severity=NO_CONFLICT conflict=False label=CONFIRMED DECISION policies=[]
2026-08-21T19:44:50Z | stress_test | decision='migrar CICD-RUNNERS' asset=CICD-RUNNERS severity=NO_CONFLICT conflict=False label=CONFIRMED DECISION policies=[]
2026-08-21T19:44:50Z | stress_test | decision='migrar MONITORING-STACK' asset=MONITORING-STACK severity=NO_CONFLICT conflict=False label=CONFIRMED DECISION policies=[]
2026-08-21T19:44:50Z | stress_test | decision='migrar COLLAB-SUITE' asset=COLLAB-SUITE severity=NO_CONFLICT conflict=False label=CONFIRMED DECISION policies=[]
2026-08-21T19:44:50Z | stress_test | decision='migrar FILE-SHARE-GLOBAL' asset=FILE-SHARE-GLOBAL severity=NO_CONFLICT conflict=False label=CONFIRMED DECISION policies=[]
2026-08-21T19:44:50Z | stress_test | decision='migrar MFG-CONTROL-02' asset=MFG-CONTROL-02 severity=NO_CONFLICT conflict=False label=CONFIRMED DECISION policies=[]
2026-08-21T19:44:50Z | stress_test | decision='migrar SUPPLY-CHAIN-API' asset=SUPPLY-CHAIN-API severity=NO_CONFLICT conflict=False label=CONFIRMED DECISION policies=[]
2026-08-21T19:44:50Z | stress_test | decision='migrar EMAIL-GATEWAY' asset=EMAIL-GATEWAY severity=NO_CONFLICT conflict=False label=CONFIRMED DECISION policies=[]
2026-08-21T19:44:50Z | stress_test | decision='migrar ASSET-MGMT' asset=ASSET-MGMT severity=NO_CONFLICT conflict=False label=CONFIRMED DECISION policies=[]
2026-08-21T19:44:50Z | stress_test | decision='migrar TIME-SYNC' asset=TIME-SYNC severity=NO_CONFLICT conflict=False label=CONFIRMED DECISION policies=[]
2026-08-21T19:44:50Z | stress_test | decision='migrar LAB-WIFI-CONTROLLER' asset=LAB-WIFI-CONTROLLER severity=NO_CONFLICT conflict=False label=CONFIRMED DECISION policies=[]
2026-08-21T19:44:50Z | stress_test | decision='migrar DEMO-ENV-PORTAL' asset=DEMO-ENV-PORTAL severity=NO_CONFLICT conflict=False label=CONFIRMED DECISION policies=[]
2026-08-21T19:44:50Z | stress_test | decision='migrar TRAINING-SIMULATOR' asset=TRAINING-SIMULATOR severity=NO_CONFLICT conflict=False label=CONFIRMED DECISION policies=[]
2026-08-21T19:44:50Z | stress_test | decision='migrar PRINT-SERVER-HQ' asset=PRINT-SERVER-HQ severity=NO_CONFLICT conflict=False label=CONFIRMED DECISION policies=[]
2026-08-21T19:44:50Z | stress_test | decision='migrar ASSET-042' asset=ASSET-042 severity=NO_CONFLICT conflict=False label=CONFIRMED DECISION policies=[]
2026-08-21T19:44:50Z | stress_test | decision='migrar ASSET-057' asset=ASSET-057 severity=NO_CONFLICT conflict=False label=CONFIRMED DECISION policies=[]
2026-08-21T19:44:50Z | stress_test | decision='migrar ASSET-063' asset=ASSET-063 severity=NO_CONFLICT conflict=False label=CONFIRMED DECISION policies=[]
2026-08-21T19:44:50Z | stress_test | decision='migrar APAC-SG' asset=APAC-SG severity=NO_CONFLICT conflict=False label=CONFIRMED DECISION policies=[]
2026-08-21T19:44:50Z | stress_test | decision='migrar NG-07' asset=NG-07 severity=NO_CONFLICT conflict=False label=CONFIRMED DECISION policies=[]
2026-08-21T19:44:50Z | stress_test | decision='migrar MISSION-CONTROL' asset=MISSION-CONTROL severity=CONFLICT conflict=True label=RECOMMENDED ALTERNATIVE policies=['P002', 'P003', 'P008']
2026-08-21T19:44:50Z | stress_test | decision='migrar PAYMENTS-CORE' asset=PAYMENTS-CORE severity=NO_CONFLICT conflict=False label=CONFIRMED DECISION policies=[]
2026-08-21T19:44:50Z | stress_test | decision='migrar FLIGHT-DATA' asset=FLIGHT-DATA severity=NO_CONFLICT conflict=False label=CONFIRMED DECISION policies=[]
2026-08-21T19:44:50Z | stress_test | decision='migrar SECURITY-SIEM' asset=SECURITY-SIEM severity=NO_CONFLICT conflict=False label=CONFIRMED DECISION policies=[]
2026-08-21T19:44:50Z | stress_test | decision='migrar LEGACY-FTP' asset=LEGACY-FTP severity=NO_CONFLICT conflict=False label=CONFIRMED DECISION policies=[]
2026-08-21T19:44:50Z | stress_test | decision='migrar IDENTITY-CORE' asset=IDENTITY-CORE severity=CONFLICT conflict=True label=RECOMMENDED ALTERNATIVE policies=['P003']
2026-08-21T19:44:50Z | stress_test | decision='migrar SSO-GLOBAL' asset=SSO-GLOBAL severity=NO_CONFLICT conflict=False label=CONFIRMED DECISION policies=[]
2026-08-21T19:44:50Z | stress_test | decision='migrar PKI-ROOT' asset=PKI-ROOT severity=NO_CONFLICT conflict=False label=CONFIRMED DECISION policies=[]
2026-08-21T19:44:50Z | stress_test | decision='migrar PKI-INTERMEDIATE' asset=PKI-INTERMEDIATE severity=NO_CONFLICT conflict=False label=CONFIRMED DECISION policies=[]
2026-08-21T19:44:50Z | stress_test | decision='migrar HSM-CLUSTER-US' asset=HSM-CLUSTER-US severity=NO_CONFLICT conflict=False label=CONFIRMED DECISION policies=[]
2026-08-21T19:44:50Z | stress_test | decision='migrar HSM-CLUSTER-EU' asset=HSM-CLUSTER-EU severity=NO_CONFLICT conflict=False label=CONFIRMED DECISION policies=[]
2026-08-21T19:44:50Z | stress_test | decision='migrar PAYMENT-CORE' asset=PAYMENT-CORE severity=NO_CONFLICT conflict=False label=CONFIRMED DECISION policies=[]
2026-08-21T19:44:50Z | stress_test | decision='migrar COMMAND-SIGNING' asset=COMMAND-SIGNING severity=NO_CONFLICT conflict=False label=CONFIRMED DECISION policies=[]
2026-08-21T19:44:50Z | stress_test | decision='migrar SAT-OPS-01' asset=SAT-OPS-01 severity=CONFLICT conflict=True label=RECOMMENDED ALTERNATIVE policies=['P002', 'P008']
2026-08-21T19:44:50Z | stress_test | decision='migrar GROUND-STATION-EU' asset=GROUND-STATION-EU severity=NO_CONFLICT conflict=False label=CONFIRMED DECISION policies=[]
2026-08-21T19:44:50Z | stress_test | decision='migrar CUSTOMER-PORTAL' asset=CUSTOMER-PORTAL severity=CONFLICT conflict=True label=RECOMMENDED ALTERNATIVE policies=['P003']
2026-08-21T19:44:50Z | stress_test | decision='migrar TELEMETRY-BUS' asset=TELEMETRY-BUS severity=NO_CONFLICT conflict=False label=CONFIRMED DECISION policies=[]
2026-08-21T19:44:50Z | stress_test | decision='migrar DATA-LAKE-01' asset=DATA-LAKE-01 severity=NO_CONFLICT conflict=False label=CONFIRMED DECISION policies=[]
2026-08-21T19:44:50Z | stress_test | decision='migrar GROUND-STATION-US' asset=GROUND-STATION-US severity=NO_CONFLICT conflict=False label=CONFIRMED DECISION policies=[]
2026-08-21T19:44:50Z | stress_test | decision='migrar GROUND-STATION-APAC' asset=GROUND-STATION-APAC severity=NO_CONFLICT conflict=False label=CONFIRMED DECISION policies=[]
2026-08-21T19:44:50Z | stress_test | decision='migrar SAT-OPS-02' asset=SAT-OPS-02 severity=NO_CONFLICT conflict=False label=CONFIRMED DECISION policies=[]
2026-08-21T19:44:50Z | stress_test | decision='migrar SAT-COMMS-RELAY' asset=SAT-COMMS-RELAY severity=NO_CONFLICT conflict=False label=CONFIRMED DECISION policies=[]
2026-08-21T19:44:50Z | stress_test | decision='migrar API-GATEWAY-EDGE' asset=API-GATEWAY-EDGE severity=NO_CONFLICT conflict=False label=CONFIRMED DECISION policies=[]
2026-08-21T19:44:50Z | stress_test | decision='migrar API-GATEWAY-INTERNAL' asset=API-GATEWAY-INTERNAL severity=NO_CONFLICT conflict=False label=CONFIRMED DECISION policies=[]
2026-08-21T19:44:50Z | stress_test | decision='migrar IAM-WORKFORCE' asset=IAM-WORKFORCE severity=NO_CONFLICT conflict=False label=CONFIRMED DECISION policies=[]
2026-08-21T19:44:50Z | stress_test | decision='migrar PKI-EXTERNAL-CA' asset=PKI-EXTERNAL-CA severity=NO_CONFLICT conflict=False label=CONFIRMED DECISION policies=[]
2026-08-21T19:44:50Z | stress_test | decision='migrar KMS-CLOUD-PRIMARY' asset=KMS-CLOUD-PRIMARY severity=NO_CONFLICT conflict=False label=CONFIRMED DECISION policies=[]
2026-08-21T19:44:50Z | stress_test | decision='migrar BACKUP-VAULT-01' asset=BACKUP-VAULT-01 severity=NO_CONFLICT conflict=False label=CONFIRMED DECISION policies=[]
2026-08-21T19:44:50Z | stress_test | decision='migrar ERP-FINANCE' asset=ERP-FINANCE severity=NO_CONFLICT conflict=False label=CONFIRMED DECISION policies=[]
2026-08-21T19:44:50Z | stress_test | decision='migrar MOBILE-BANKING-APP' asset=MOBILE-BANKING-APP severity=NO_CONFLICT conflict=False label=CONFIRMED DECISION policies=[]
2026-08-21T19:44:50Z | stress_test | decision='migrar CODE-SIGNING-PROD' asset=CODE-SIGNING-PROD severity=CONFLICT conflict=True label=RECOMMENDED ALTERNATIVE policies=['P003']
2026-08-21T19:44:50Z | stress_test | decision='migrar FIRMWARE-SIGNING' asset=FIRMWARE-SIGNING severity=CONFLICT conflict=True label=RECOMMENDED ALTERNATIVE policies=['P003']
2026-08-21T19:44:50Z | stress_test | decision='migrar SIEM-CORE' asset=SIEM-CORE severity=NO_CONFLICT conflict=False label=CONFIRMED DECISION policies=[]
2026-08-21T19:44:50Z | stress_test | decision='migrar SOC-PLATFORM' asset=SOC-PLATFORM severity=NO_CONFLICT conflict=False label=CONFIRMED DECISION policies=[]
2026-08-21T19:44:50Z | stress_test | decision='migrar LOGGING-PIPELINE' asset=LOGGING-PIPELINE severity=NO_CONFLICT conflict=False label=CONFIRMED DECISION policies=[]
2026-08-21T19:44:50Z | stress_test | decision='migrar VPN-CORP-PRIMARY' asset=VPN-CORP-PRIMARY severity=NO_CONFLICT conflict=False label=CONFIRMED DECISION policies=[]
2026-08-21T19:44:50Z | stress_test | decision='migrar K8S-PROD-US' asset=K8S-PROD-US severity=NO_CONFLICT conflict=False label=CONFIRMED DECISION policies=[]
2026-08-21T19:44:50Z | stress_test | decision='migrar K8S-PROD-EU' asset=K8S-PROD-EU severity=NO_CONFLICT conflict=False label=CONFIRMED DECISION policies=[]
2026-08-21T19:44:50Z | stress_test | decision='migrar DB-MISSION-PRIMARY' asset=DB-MISSION-PRIMARY severity=NO_CONFLICT conflict=False label=CONFIRMED DECISION policies=[]
2026-08-21T19:44:50Z | stress_test | decision='migrar DB-PAYMENTS' asset=DB-PAYMENTS severity=NO_CONFLICT conflict=False label=CONFIRMED DECISION policies=[]
2026-08-21T19:44:50Z | stress_test | decision='migrar CUSTOMER-API' asset=CUSTOMER-API severity=NO_CONFLICT conflict=False label=CONFIRMED DECISION policies=[]
2026-08-21T19:44:50Z | stress_test | decision='migrar SECURE-COMMS-GW' asset=SECURE-COMMS-GW severity=NO_CONFLICT conflict=False label=CONFIRMED DECISION policies=[]
2026-08-21T19:44:50Z | stress_test | decision='migrar LAUNCH-AUTH' asset=LAUNCH-AUTH severity=NO_CONFLICT conflict=False label=CONFIRMED DECISION policies=[]
2026-08-21T19:44:50Z | stress_test | decision='migrar QA-IDENTITY' asset=QA-IDENTITY severity=NO_CONFLICT conflict=False label=CONFIRMED DECISION policies=[]
2026-08-21T19:44:50Z | stress_test | decision='migrar PARTNER-PORTAL' asset=PARTNER-PORTAL severity=NO_CONFLICT conflict=False label=CONFIRMED DECISION policies=[]
2026-08-21T19:44:50Z | stress_test | decision='migrar BILLING-ENGINE' asset=BILLING-ENGINE severity=NO_CONFLICT conflict=False label=CONFIRMED DECISION policies=[]
2026-08-21T19:44:50Z | stress_test | decision='migrar TREASURY-WORKSTATION' asset=TREASURY-WORKSTATION severity=NO_CONFLICT conflict=False label=CONFIRMED DECISION policies=[]
2026-08-21T19:44:50Z | stress_test | decision='migrar TELEMETRY-ARCHIVE' asset=TELEMETRY-ARCHIVE severity=NO_CONFLICT conflict=False label=CONFIRMED DECISION policies=[]
2026-08-21T19:44:50Z | stress_test | decision='migrar DATA-WAREHOUSE' asset=DATA-WAREHOUSE severity=NO_CONFLICT conflict=False label=CONFIRMED DECISION policies=[]
2026-08-21T19:44:50Z | stress_test | decision='migrar DEV-PORTAL' asset=DEV-PORTAL severity=NO_CONFLICT conflict=False label=CONFIRMED DECISION policies=[]
2026-08-21T19:44:50Z | stress_test | decision='migrar STAGING-K8S' asset=STAGING-K8S severity=NO_CONFLICT conflict=False label=CONFIRMED DECISION policies=[]
2026-08-21T19:44:50Z | stress_test | decision='migrar CLOUD-OBJ-STORE' asset=CLOUD-OBJ-STORE severity=NO_CONFLICT conflict=False label=CONFIRMED DECISION policies=[]
2026-08-21T19:44:50Z | stress_test | decision='migrar DNS-INTERNAL' asset=DNS-INTERNAL severity=NO_CONFLICT conflict=False label=CONFIRMED DECISION policies=[]
2026-08-21T19:44:50Z | stress_test | decision='migrar REGION-LB-EU' asset=REGION-LB-EU severity=NO_CONFLICT conflict=False label=CONFIRMED DECISION policies=[]
2026-08-21T19:44:50Z | stress_test | decision='migrar REGION-LB-US' asset=REGION-LB-US severity=NO_CONFLICT conflict=False label=CONFIRMED DECISION policies=[]
2026-08-21T19:44:50Z | stress_test | decision='migrar GUEST-NETWORK-PORTAL' asset=GUEST-NETWORK-PORTAL severity=NO_CONFLICT conflict=False label=CONFIRMED DECISION policies=[]
2026-08-21T19:44:50Z | stress_test | decision='migrar LEGACY-VPN-EU' asset=LEGACY-VPN-EU severity=NO_CONFLICT conflict=False label=CONFIRMED DECISION policies=[]
2026-08-21T19:44:50Z | stress_test | decision='migrar LEGACY-PKI-01' asset=LEGACY-PKI-01 severity=NO_CONFLICT conflict=False label=CONFIRMED DECISION policies=[]
2026-08-21T19:44:50Z | stress_test | decision='migrar LEGACY-ERP-02' asset=LEGACY-ERP-02 severity=CONFLICT conflict=True label=RECOMMENDED ALTERNATIVE policies=['P003']
2026-08-21T19:44:50Z | stress_test | decision='migrar LEGACY-MANUFACTURING' asset=LEGACY-MANUFACTURING severity=NO_CONFLICT conflict=False label=CONFIRMED DECISION policies=[]
2026-08-21T19:44:50Z | stress_test | decision='migrar LEGACY-RADIUS' asset=LEGACY-RADIUS severity=NO_CONFLICT conflict=False label=CONFIRMED DECISION policies=[]
2026-08-21T19:44:50Z | stress_test | decision='migrar LEGACY-BACKUP-TAPE' asset=LEGACY-BACKUP-TAPE severity=NO_CONFLICT conflict=False label=CONFIRMED DECISION policies=[]
2026-08-21T19:44:50Z | stress_test | decision='migrar GIT-INFRA' asset=GIT-INFRA severity=NO_CONFLICT conflict=False label=CONFIRMED DECISION policies=[]
2026-08-21T19:44:50Z | stress_test | decision='migrar MFG-CONTROL-01' asset=MFG-CONTROL-01 severity=NO_CONFLICT conflict=False label=CONFIRMED DECISION policies=[]
2026-08-21T19:44:50Z | stress_test | decision='migrar PQC-PILOT-DSA' asset=PQC-PILOT-DSA severity=NO_CONFLICT conflict=False label=CONFIRMED DECISION policies=[]
2026-08-21T19:44:50Z | stress_test | decision='migrar PQC-PILOT-KEM' asset=PQC-PILOT-KEM severity=NO_CONFLICT conflict=False label=CONFIRMED DECISION policies=[]
2026-08-21T19:44:50Z | stress_test | decision='migrar ASSET-071' asset=ASSET-071 severity=NO_CONFLICT conflict=False label=CONFIRMED DECISION policies=[]
2026-08-21T19:44:50Z | stress_test | decision='migrar HR-PORTAL' asset=HR-PORTAL severity=NO_CONFLICT conflict=False label=CONFIRMED DECISION policies=[]
2026-08-21T19:44:50Z | stress_test | decision='migrar HR-DATABASE' asset=HR-DATABASE severity=NO_CONFLICT conflict=False label=CONFIRMED DECISION policies=[]
2026-08-21T19:44:50Z | stress_test | decision='migrar CICD-RUNNERS' asset=CICD-RUNNERS severity=NO_CONFLICT conflict=False label=CONFIRMED DECISION policies=[]
2026-08-21T19:44:50Z | stress_test | decision='migrar MONITORING-STACK' asset=MONITORING-STACK severity=NO_CONFLICT conflict=False label=CONFIRMED DECISION policies=[]
2026-08-21T19:44:50Z | stress_test | decision='migrar COLLAB-SUITE' asset=COLLAB-SUITE severity=NO_CONFLICT conflict=False label=CONFIRMED DECISION policies=[]
2026-08-21T19:44:50Z | stress_test | decision='migrar FILE-SHARE-GLOBAL' asset=FILE-SHARE-GLOBAL severity=NO_CONFLICT conflict=False label=CONFIRMED DECISION policies=[]
2026-08-21T19:44:50Z | stress_test | decision='migrar MFG-CONTROL-02' asset=MFG-CONTROL-02 severity=NO_CONFLICT conflict=False label=CONFIRMED DECISION policies=[]
2026-08-21T19:44:50Z | stress_test | decision='migrar SUPPLY-CHAIN-API' asset=SUPPLY-CHAIN-API severity=NO_CONFLICT conflict=False label=CONFIRMED DECISION policies=[]
2026-08-21T19:44:50Z | stress_test | decision='migrar EMAIL-GATEWAY' asset=EMAIL-GATEWAY severity=NO_CONFLICT conflict=False label=CONFIRMED DECISION policies=[]
2026-08-21T19:44:50Z | stress_test | decision='migrar ASSET-MGMT' asset=ASSET-MGMT severity=NO_CONFLICT conflict=False label=CONFIRMED DECISION policies=[]
2026-08-21T19:44:50Z | stress_test | decision='migrar TIME-SYNC' asset=TIME-SYNC severity=NO_CONFLICT conflict=False label=CONFIRMED DECISION policies=[]
2026-08-21T19:44:50Z | stress_test | decision='migrar LAB-WIFI-CONTROLLER' asset=LAB-WIFI-CONTROLLER severity=NO_CONFLICT conflict=False label=CONFIRMED DECISION policies=[]
2026-08-21T19:44:50Z | stress_test | decision='migrar DEMO-ENV-PORTAL' asset=DEMO-ENV-PORTAL severity=NO_CONFLICT conflict=False label=CONFIRMED DECISION policies=[]
2026-08-21T19:44:50Z | stress_test | decision='migrar TRAINING-SIMULATOR' asset=TRAINING-SIMULATOR severity=NO_CONFLICT conflict=False label=CONFIRMED DECISION policies=[]
2026-08-21T19:44:50Z | stress_test | decision='migrar PRINT-SERVER-HQ' asset=PRINT-SERVER-HQ severity=NO_CONFLICT conflict=False label=CONFIRMED DECISION policies=[]
2026-08-21T19:44:50Z | stress_test | decision='migrar ASSET-042' asset=ASSET-042 severity=NO_CONFLICT conflict=False label=CONFIRMED DECISION policies=[]
2026-08-21T19:44:50Z | stress_test | decision='migrar ASSET-057' asset=ASSET-057 severity=NO_CONFLICT conflict=False label=CONFIRMED DECISION policies=[]
2026-08-21T19:44:50Z | stress_test | decision='migrar ASSET-063' asset=ASSET-063 severity=NO_CONFLICT conflict=False label=CONFIRMED DECISION policies=[]
2026-08-21T19:44:50Z | stress_test | decision='migrar APAC-SG' asset=APAC-SG severity=NO_CONFLICT conflict=False label=CONFIRMED DECISION policies=[]
2026-08-21T19:44:50Z | stress_test | decision='migrar NG-07' asset=NG-07 severity=NO_CONFLICT conflict=False label=CONFIRMED DECISION policies=[]
2026-08-21T19:44:50Z | stress_test | decision='migrar MISSION-CONTROL' asset=MISSION-CONTROL severity=CONFLICT conflict=True label=RECOMMENDED ALTERNATIVE policies=['P002', 'P003', 'P008']
2026-08-21T19:44:50Z | stress_test | decision='migrar PAYMENTS-CORE' asset=PAYMENTS-CORE severity=NO_CONFLICT conflict=False label=CONFIRMED DECISION policies=[]
2026-08-21T19:44:50Z | stress_test | decision='migrar FLIGHT-DATA' asset=FLIGHT-DATA severity=NO_CONFLICT conflict=False label=CONFIRMED DECISION policies=[]
2026-08-21T19:44:50Z | stress_test | decision='migrar SECURITY-SIEM' asset=SECURITY-SIEM severity=NO_CONFLICT conflict=False label=CONFIRMED DECISION policies=[]
2026-08-21T19:44:50Z | stress_test | decision='migrar LEGACY-FTP' asset=LEGACY-FTP severity=NO_CONFLICT conflict=False label=CONFIRMED DECISION policies=[]
2026-08-21T19:44:51Z | stress_test | decision='migrar IDENTITY-CORE' asset=IDENTITY-CORE severity=CONFLICT conflict=True label=RECOMMENDED ALTERNATIVE policies=['P003']
2026-08-21T19:44:51Z | stress_test | decision='migrar SSO-GLOBAL' asset=SSO-GLOBAL severity=NO_CONFLICT conflict=False label=CONFIRMED DECISION policies=[]
2026-08-21T19:44:51Z | stress_test | decision='migrar PKI-ROOT' asset=PKI-ROOT severity=NO_CONFLICT conflict=False label=CONFIRMED DECISION policies=[]
2026-08-21T19:44:51Z | stress_test | decision='migrar PKI-INTERMEDIATE' asset=PKI-INTERMEDIATE severity=NO_CONFLICT conflict=False label=CONFIRMED DECISION policies=[]
2026-08-21T19:44:51Z | stress_test | decision='migrar HSM-CLUSTER-US' asset=HSM-CLUSTER-US severity=NO_CONFLICT conflict=False label=CONFIRMED DECISION policies=[]
2026-08-21T19:44:51Z | stress_test | decision='migrar HSM-CLUSTER-EU' asset=HSM-CLUSTER-EU severity=NO_CONFLICT conflict=False label=CONFIRMED DECISION policies=[]
2026-08-21T19:44:51Z | stress_test | decision='migrar PAYMENT-CORE' asset=PAYMENT-CORE severity=NO_CONFLICT conflict=False label=CONFIRMED DECISION policies=[]
2026-08-21T19:44:51Z | stress_test | decision='migrar COMMAND-SIGNING' asset=COMMAND-SIGNING severity=NO_CONFLICT conflict=False label=CONFIRMED DECISION policies=[]
2026-08-21T19:44:51Z | stress_test | decision='migrar SAT-OPS-01' asset=SAT-OPS-01 severity=CONFLICT conflict=True label=RECOMMENDED ALTERNATIVE policies=['P002', 'P008']
2026-08-21T19:44:51Z | stress_test | decision='migrar GROUND-STATION-EU' asset=GROUND-STATION-EU severity=NO_CONFLICT conflict=False label=CONFIRMED DECISION policies=[]
2026-08-21T19:44:51Z | stress_test | decision='migrar CUSTOMER-PORTAL' asset=CUSTOMER-PORTAL severity=CONFLICT conflict=True label=RECOMMENDED ALTERNATIVE policies=['P003']
2026-08-21T19:44:51Z | stress_test | decision='migrar TELEMETRY-BUS' asset=TELEMETRY-BUS severity=NO_CONFLICT conflict=False label=CONFIRMED DECISION policies=[]
2026-08-21T19:44:51Z | stress_test | decision='migrar DATA-LAKE-01' asset=DATA-LAKE-01 severity=NO_CONFLICT conflict=False label=CONFIRMED DECISION policies=[]
2026-08-21T19:44:51Z | stress_test | decision='migrar GROUND-STATION-US' asset=GROUND-STATION-US severity=NO_CONFLICT conflict=False label=CONFIRMED DECISION policies=[]
2026-08-21T19:44:51Z | stress_test | decision='migrar GROUND-STATION-APAC' asset=GROUND-STATION-APAC severity=NO_CONFLICT conflict=False label=CONFIRMED DECISION policies=[]
2026-08-21T19:44:51Z | stress_test | decision='migrar SAT-OPS-02' asset=SAT-OPS-02 severity=NO_CONFLICT conflict=False label=CONFIRMED DECISION policies=[]
2026-08-21T19:44:51Z | stress_test | decision='migrar SAT-COMMS-RELAY' asset=SAT-COMMS-RELAY severity=NO_CONFLICT conflict=False label=CONFIRMED DECISION policies=[]
2026-08-21T19:44:51Z | stress_test | decision='migrar API-GATEWAY-EDGE' asset=API-GATEWAY-EDGE severity=NO_CONFLICT conflict=False label=CONFIRMED DECISION policies=[]
2026-08-21T19:44:51Z | stress_test | decision='migrar API-GATEWAY-INTERNAL' asset=API-GATEWAY-INTERNAL severity=NO_CONFLICT conflict=False label=CONFIRMED DECISION policies=[]
2026-08-21T19:44:51Z | stress_test | decision='migrar IAM-WORKFORCE' asset=IAM-WORKFORCE severity=NO_CONFLICT conflict=False label=CONFIRMED DECISION policies=[]
2026-08-21T19:44:51Z | stress_test | decision='migrar PKI-EXTERNAL-CA' asset=PKI-EXTERNAL-CA severity=NO_CONFLICT conflict=False label=CONFIRMED DECISION policies=[]
2026-08-21T19:44:51Z | stress_test | decision='migrar KMS-CLOUD-PRIMARY' asset=KMS-CLOUD-PRIMARY severity=NO_CONFLICT conflict=False label=CONFIRMED DECISION policies=[]
2026-08-21T19:44:51Z | stress_test | decision='migrar BACKUP-VAULT-01' asset=BACKUP-VAULT-01 severity=NO_CONFLICT conflict=False label=CONFIRMED DECISION policies=[]
2026-08-21T19:44:51Z | stress_test | decision='migrar ERP-FINANCE' asset=ERP-FINANCE severity=NO_CONFLICT conflict=False label=CONFIRMED DECISION policies=[]
2026-08-21T19:44:51Z | stress_test | decision='migrar MOBILE-BANKING-APP' asset=MOBILE-BANKING-APP severity=NO_CONFLICT conflict=False label=CONFIRMED DECISION policies=[]
2026-08-21T19:44:51Z | stress_test | decision='migrar CODE-SIGNING-PROD' asset=CODE-SIGNING-PROD severity=CONFLICT conflict=True label=RECOMMENDED ALTERNATIVE policies=['P003']
2026-08-21T19:44:51Z | stress_test | decision='migrar FIRMWARE-SIGNING' asset=FIRMWARE-SIGNING severity=CONFLICT conflict=True label=RECOMMENDED ALTERNATIVE policies=['P003']
2026-08-21T19:44:51Z | stress_test | decision='migrar SIEM-CORE' asset=SIEM-CORE severity=NO_CONFLICT conflict=False label=CONFIRMED DECISION policies=[]
2026-08-21T19:44:51Z | stress_test | decision='migrar SOC-PLATFORM' asset=SOC-PLATFORM severity=NO_CONFLICT conflict=False label=CONFIRMED DECISION policies=[]
2026-08-21T19:44:51Z | stress_test | decision='migrar LOGGING-PIPELINE' asset=LOGGING-PIPELINE severity=NO_CONFLICT conflict=False label=CONFIRMED DECISION policies=[]
2026-08-21T19:44:51Z | stress_test | decision='migrar VPN-CORP-PRIMARY' asset=VPN-CORP-PRIMARY severity=NO_CONFLICT conflict=False label=CONFIRMED DECISION policies=[]
2026-08-21T19:44:51Z | stress_test | decision='migrar K8S-PROD-US' asset=K8S-PROD-US severity=NO_CONFLICT conflict=False label=CONFIRMED DECISION policies=[]
2026-08-21T19:44:51Z | stress_test | decision='migrar K8S-PROD-EU' asset=K8S-PROD-EU severity=NO_CONFLICT conflict=False label=CONFIRMED DECISION policies=[]
2026-08-21T19:44:51Z | stress_test | decision='migrar DB-MISSION-PRIMARY' asset=DB-MISSION-PRIMARY severity=NO_CONFLICT conflict=False label=CONFIRMED DECISION policies=[]
2026-08-21T19:44:51Z | stress_test | decision='migrar DB-PAYMENTS' asset=DB-PAYMENTS severity=NO_CONFLICT conflict=False label=CONFIRMED DECISION policies=[]
2026-08-21T19:44:51Z | stress_test | decision='migrar CUSTOMER-API' asset=CUSTOMER-API severity=NO_CONFLICT conflict=False label=CONFIRMED DECISION policies=[]
2026-08-21T19:44:51Z | stress_test | decision='migrar SECURE-COMMS-GW' asset=SECURE-COMMS-GW severity=NO_CONFLICT conflict=False label=CONFIRMED DECISION policies=[]
2026-08-21T19:44:51Z | stress_test | decision='migrar LAUNCH-AUTH' asset=LAUNCH-AUTH severity=NO_CONFLICT conflict=False label=CONFIRMED DECISION policies=[]
2026-08-21T19:44:51Z | stress_test | decision='migrar QA-IDENTITY' asset=QA-IDENTITY severity=NO_CONFLICT conflict=False label=CONFIRMED DECISION policies=[]
2026-08-21T19:44:51Z | stress_test | decision='migrar PARTNER-PORTAL' asset=PARTNER-PORTAL severity=NO_CONFLICT conflict=False label=CONFIRMED DECISION policies=[]
2026-08-21T19:44:51Z | stress_test | decision='migrar BILLING-ENGINE' asset=BILLING-ENGINE severity=NO_CONFLICT conflict=False label=CONFIRMED DECISION policies=[]
2026-08-21T19:44:51Z | stress_test | decision='migrar TREASURY-WORKSTATION' asset=TREASURY-WORKSTATION severity=NO_CONFLICT conflict=False label=CONFIRMED DECISION policies=[]
2026-08-21T19:44:51Z | stress_test | decision='migrar TELEMETRY-ARCHIVE' asset=TELEMETRY-ARCHIVE severity=NO_CONFLICT conflict=False label=CONFIRMED DECISION policies=[]
2026-08-21T19:44:51Z | stress_test | decision='migrar DATA-WAREHOUSE' asset=DATA-WAREHOUSE severity=NO_CONFLICT conflict=False label=CONFIRMED DECISION policies=[]
2026-08-21T19:44:51Z | stress_test | decision='migrar DEV-PORTAL' asset=DEV-PORTAL severity=NO_CONFLICT conflict=False label=CONFIRMED DECISION policies=[]
2026-08-21T19:44:51Z | stress_test | decision='migrar STAGING-K8S' asset=STAGING-K8S severity=NO_CONFLICT conflict=False label=CONFIRMED DECISION policies=[]
2026-08-21T19:44:51Z | stress_test | decision='migrar CLOUD-OBJ-STORE' asset=CLOUD-OBJ-STORE severity=NO_CONFLICT conflict=False label=CONFIRMED DECISION policies=[]
2026-08-21T19:44:51Z | stress_test | decision='migrar DNS-INTERNAL' asset=DNS-INTERNAL severity=NO_CONFLICT conflict=False label=CONFIRMED DECISION policies=[]
2026-08-21T19:44:51Z | stress_test | decision='migrar REGION-LB-EU' asset=REGION-LB-EU severity=NO_CONFLICT conflict=False label=CONFIRMED DECISION policies=[]
2026-08-21T19:44:51Z | stress_test | decision='migrar REGION-LB-US' asset=REGION-LB-US severity=NO_CONFLICT conflict=False label=CONFIRMED DECISION policies=[]
2026-08-21T19:44:51Z | stress_test | decision='migrar GUEST-NETWORK-PORTAL' asset=GUEST-NETWORK-PORTAL severity=NO_CONFLICT conflict=False label=CONFIRMED DECISION policies=[]
2026-08-21T19:44:51Z | stress_test | decision='migrar LEGACY-VPN-EU' asset=LEGACY-VPN-EU severity=NO_CONFLICT conflict=False label=CONFIRMED DECISION policies=[]
2026-08-21T19:44:51Z | stress_test | decision='migrar LEGACY-PKI-01' asset=LEGACY-PKI-01 severity=NO_CONFLICT conflict=False label=CONFIRMED DECISION policies=[]
2026-08-21T19:44:51Z | stress_test | decision='migrar LEGACY-ERP-02' asset=LEGACY-ERP-02 severity=CONFLICT conflict=True label=RECOMMENDED ALTERNATIVE policies=['P003']
2026-08-21T19:44:51Z | stress_test | decision='migrar LEGACY-MANUFACTURING' asset=LEGACY-MANUFACTURING severity=NO_CONFLICT conflict=False label=CONFIRMED DECISION policies=[]
2026-08-21T19:44:51Z | stress_test | decision='migrar LEGACY-RADIUS' asset=LEGACY-RADIUS severity=NO_CONFLICT conflict=False label=CONFIRMED DECISION policies=[]
2026-08-21T19:44:51Z | stress_test | decision='migrar LEGACY-BACKUP-TAPE' asset=LEGACY-BACKUP-TAPE severity=NO_CONFLICT conflict=False label=CONFIRMED DECISION policies=[]
2026-08-21T19:44:51Z | stress_test | decision='migrar GIT-INFRA' asset=GIT-INFRA severity=NO_CONFLICT conflict=False label=CONFIRMED DECISION policies=[]
2026-08-21T19:44:51Z | stress_test | decision='migrar MFG-CONTROL-01' asset=MFG-CONTROL-01 severity=NO_CONFLICT conflict=False label=CONFIRMED DECISION policies=[]
2026-08-21T19:44:51Z | stress_test | decision='migrar PQC-PILOT-DSA' asset=PQC-PILOT-DSA severity=NO_CONFLICT conflict=False label=CONFIRMED DECISION policies=[]
2026-08-21T19:44:51Z | stress_test | decision='migrar PQC-PILOT-KEM' asset=PQC-PILOT-KEM severity=NO_CONFLICT conflict=False label=CONFIRMED DECISION policies=[]
2026-08-21T19:44:51Z | stress_test | decision='migrar ASSET-071' asset=ASSET-071 severity=NO_CONFLICT conflict=False label=CONFIRMED DECISION policies=[]
2026-08-21T19:44:51Z | stress_test | decision='migrar HR-PORTAL' asset=HR-PORTAL severity=NO_CONFLICT conflict=False label=CONFIRMED DECISION policies=[]
2026-08-21T19:44:51Z | stress_test | decision='migrar HR-DATABASE' asset=HR-DATABASE severity=NO_CONFLICT conflict=False label=CONFIRMED DECISION policies=[]
2026-08-21T19:44:51Z | stress_test | decision='migrar CICD-RUNNERS' asset=CICD-RUNNERS severity=NO_CONFLICT conflict=False label=CONFIRMED DECISION policies=[]
2026-08-21T19:44:51Z | stress_test | decision='migrar MONITORING-STACK' asset=MONITORING-STACK severity=NO_CONFLICT conflict=False label=CONFIRMED DECISION policies=[]
2026-08-21T19:44:51Z | stress_test | decision='migrar COLLAB-SUITE' asset=COLLAB-SUITE severity=NO_CONFLICT conflict=False label=CONFIRMED DECISION policies=[]
2026-08-21T19:44:51Z | stress_test | decision='migrar FILE-SHARE-GLOBAL' asset=FILE-SHARE-GLOBAL severity=NO_CONFLICT conflict=False label=CONFIRMED DECISION policies=[]
2026-08-21T19:44:51Z | stress_test | decision='migrar MFG-CONTROL-02' asset=MFG-CONTROL-02 severity=NO_CONFLICT conflict=False label=CONFIRMED DECISION policies=[]
2026-08-21T19:44:51Z | stress_test | decision='migrar SUPPLY-CHAIN-API' asset=SUPPLY-CHAIN-API severity=NO_CONFLICT conflict=False label=CONFIRMED DECISION policies=[]
2026-08-21T19:44:51Z | stress_test | decision='migrar EMAIL-GATEWAY' asset=EMAIL-GATEWAY severity=NO_CONFLICT conflict=False label=CONFIRMED DECISION policies=[]
2026-08-21T19:44:51Z | stress_test | decision='migrar ASSET-MGMT' asset=ASSET-MGMT severity=NO_CONFLICT conflict=False label=CONFIRMED DECISION policies=[]
2026-08-21T19:44:51Z | stress_test | decision='migrar TIME-SYNC' asset=TIME-SYNC severity=NO_CONFLICT conflict=False label=CONFIRMED DECISION policies=[]
2026-08-21T19:44:51Z | stress_test | decision='migrar LAB-WIFI-CONTROLLER' asset=LAB-WIFI-CONTROLLER severity=NO_CONFLICT conflict=False label=CONFIRMED DECISION policies=[]
2026-08-21T19:44:51Z | stress_test | decision='migrar DEMO-ENV-PORTAL' asset=DEMO-ENV-PORTAL severity=NO_CONFLICT conflict=False label=CONFIRMED DECISION policies=[]
2026-08-21T19:44:51Z | stress_test | decision='migrar TRAINING-SIMULATOR' asset=TRAINING-SIMULATOR severity=NO_CONFLICT conflict=False label=CONFIRMED DECISION policies=[]
2026-08-21T19:44:51Z | stress_test | decision='migrar PRINT-SERVER-HQ' asset=PRINT-SERVER-HQ severity=NO_CONFLICT conflict=False label=CONFIRMED DECISION policies=[]
2026-08-21T19:44:51Z | stress_test | decision='migrar ASSET-042' asset=ASSET-042 severity=NO_CONFLICT conflict=False label=CONFIRMED DECISION policies=[]
2026-08-21T19:44:51Z | stress_test | decision='migrar ASSET-057' asset=ASSET-057 severity=NO_CONFLICT conflict=False label=CONFIRMED DECISION policies=[]
2026-08-21T19:44:51Z | stress_test | decision='migrar ASSET-063' asset=ASSET-063 severity=NO_CONFLICT conflict=False label=CONFIRMED DECISION policies=[]
2026-08-21T19:44:51Z | stress_test | decision='migrar APAC-SG' asset=APAC-SG severity=NO_CONFLICT conflict=False label=CONFIRMED DECISION policies=[]
2026-08-21T19:44:51Z | stress_test | decision='migrar NG-07' asset=NG-07 severity=NO_CONFLICT conflict=False label=CONFIRMED DECISION policies=[]
2026-08-21T19:44:51Z | stress_test | decision='migrar MISSION-CONTROL' asset=MISSION-CONTROL severity=CONFLICT conflict=True label=RECOMMENDED ALTERNATIVE policies=['P002', 'P003', 'P008']
2026-08-21T19:44:51Z | stress_test | decision='migrar PAYMENTS-CORE' asset=PAYMENTS-CORE severity=NO_CONFLICT conflict=False label=CONFIRMED DECISION policies=[]
2026-08-21T19:44:51Z | stress_test | decision='migrar FLIGHT-DATA' asset=FLIGHT-DATA severity=NO_CONFLICT conflict=False label=CONFIRMED DECISION policies=[]
2026-08-21T19:44:51Z | stress_test | decision='migrar SECURITY-SIEM' asset=SECURITY-SIEM severity=NO_CONFLICT conflict=False label=CONFIRMED DECISION policies=[]
2026-08-21T19:44:51Z | stress_test | decision='migrar LEGACY-FTP' asset=LEGACY-FTP severity=NO_CONFLICT conflict=False label=CONFIRMED DECISION policies=[]
2026-08-21T19:44:54Z | stress_test | decision='migrar HSM-CLUSTER-US' asset=HSM-CLUSTER-US severity=NO_CONFLICT conflict=False label=CONFIRMED DECISION policies=[]
2026-08-21T19:44:56Z | stress_test | decision='migrar IDENTITY-CORE' asset=IDENTITY-CORE severity=CONFLICT conflict=True label=RECOMMENDED ALTERNATIVE policies=['P003']
2026-08-21T19:44:56Z | stress_test | decision='migrar SSO-GLOBAL' asset=SSO-GLOBAL severity=NO_CONFLICT conflict=False label=CONFIRMED DECISION policies=[]
2026-08-21T19:44:56Z | stress_test | decision='migrar PKI-ROOT' asset=PKI-ROOT severity=NO_CONFLICT conflict=False label=CONFIRMED DECISION policies=[]
2026-08-21T19:44:56Z | stress_test | decision='migrar PKI-INTERMEDIATE' asset=PKI-INTERMEDIATE severity=NO_CONFLICT conflict=False label=CONFIRMED DECISION policies=[]
2026-08-21T19:44:56Z | stress_test | decision='migrar HSM-CLUSTER-US' asset=HSM-CLUSTER-US severity=NO_CONFLICT conflict=False label=CONFIRMED DECISION policies=[]
2026-08-21T19:44:56Z | stress_test | decision='migrar HSM-CLUSTER-EU' asset=HSM-CLUSTER-EU severity=NO_CONFLICT conflict=False label=CONFIRMED DECISION policies=[]
2026-08-21T19:44:56Z | stress_test | decision='migrar PAYMENT-CORE' asset=PAYMENT-CORE severity=NO_CONFLICT conflict=False label=CONFIRMED DECISION policies=[]
2026-08-21T19:44:56Z | stress_test | decision='migrar COMMAND-SIGNING' asset=COMMAND-SIGNING severity=NO_CONFLICT conflict=False label=CONFIRMED DECISION policies=[]
2026-08-21T19:44:56Z | stress_test | decision='migrar SAT-OPS-01' asset=SAT-OPS-01 severity=CONFLICT conflict=True label=RECOMMENDED ALTERNATIVE policies=['P002', 'P008']
2026-08-21T19:44:56Z | stress_test | decision='migrar GROUND-STATION-EU' asset=GROUND-STATION-EU severity=NO_CONFLICT conflict=False label=CONFIRMED DECISION policies=[]
2026-08-21T19:44:56Z | stress_test | decision='migrar CUSTOMER-PORTAL' asset=CUSTOMER-PORTAL severity=CONFLICT conflict=True label=RECOMMENDED ALTERNATIVE policies=['P003']
2026-08-21T19:44:56Z | stress_test | decision='migrar TELEMETRY-BUS' asset=TELEMETRY-BUS severity=NO_CONFLICT conflict=False label=CONFIRMED DECISION policies=[]
2026-08-21T19:44:56Z | stress_test | decision='migrar DATA-LAKE-01' asset=DATA-LAKE-01 severity=NO_CONFLICT conflict=False label=CONFIRMED DECISION policies=[]
2026-08-21T19:44:56Z | stress_test | decision='migrar GROUND-STATION-US' asset=GROUND-STATION-US severity=NO_CONFLICT conflict=False label=CONFIRMED DECISION policies=[]
2026-08-21T19:44:56Z | stress_test | decision='migrar GROUND-STATION-APAC' asset=GROUND-STATION-APAC severity=NO_CONFLICT conflict=False label=CONFIRMED DECISION policies=[]
2026-08-21T19:44:56Z | stress_test | decision='migrar SAT-OPS-02' asset=SAT-OPS-02 severity=NO_CONFLICT conflict=False label=CONFIRMED DECISION policies=[]
2026-08-21T19:44:56Z | stress_test | decision='migrar SAT-COMMS-RELAY' asset=SAT-COMMS-RELAY severity=NO_CONFLICT conflict=False label=CONFIRMED DECISION policies=[]
2026-08-21T19:44:56Z | stress_test | decision='migrar API-GATEWAY-EDGE' asset=API-GATEWAY-EDGE severity=NO_CONFLICT conflict=False label=CONFIRMED DECISION policies=[]
2026-08-21T19:44:56Z | stress_test | decision='migrar API-GATEWAY-INTERNAL' asset=API-GATEWAY-INTERNAL severity=NO_CONFLICT conflict=False label=CONFIRMED DECISION policies=[]
2026-08-21T19:44:56Z | stress_test | decision='migrar IAM-WORKFORCE' asset=IAM-WORKFORCE severity=NO_CONFLICT conflict=False label=CONFIRMED DECISION policies=[]
2026-08-21T19:44:56Z | stress_test | decision='migrar PKI-EXTERNAL-CA' asset=PKI-EXTERNAL-CA severity=NO_CONFLICT conflict=False label=CONFIRMED DECISION policies=[]
2026-08-21T19:44:56Z | stress_test | decision='migrar KMS-CLOUD-PRIMARY' asset=KMS-CLOUD-PRIMARY severity=NO_CONFLICT conflict=False label=CONFIRMED DECISION policies=[]
2026-08-21T19:44:56Z | stress_test | decision='migrar BACKUP-VAULT-01' asset=BACKUP-VAULT-01 severity=NO_CONFLICT conflict=False label=CONFIRMED DECISION policies=[]
2026-08-21T19:44:56Z | stress_test | decision='migrar ERP-FINANCE' asset=ERP-FINANCE severity=NO_CONFLICT conflict=False label=CONFIRMED DECISION policies=[]
2026-08-21T19:44:56Z | stress_test | decision='migrar MOBILE-BANKING-APP' asset=MOBILE-BANKING-APP severity=NO_CONFLICT conflict=False label=CONFIRMED DECISION policies=[]
2026-08-21T19:44:56Z | stress_test | decision='migrar CODE-SIGNING-PROD' asset=CODE-SIGNING-PROD severity=CONFLICT conflict=True label=RECOMMENDED ALTERNATIVE policies=['P003']
2026-08-21T19:44:56Z | stress_test | decision='migrar FIRMWARE-SIGNING' asset=FIRMWARE-SIGNING severity=CONFLICT conflict=True label=RECOMMENDED ALTERNATIVE policies=['P003']
2026-08-21T19:44:56Z | stress_test | decision='migrar SIEM-CORE' asset=SIEM-CORE severity=NO_CONFLICT conflict=False label=CONFIRMED DECISION policies=[]
2026-08-21T19:44:56Z | stress_test | decision='migrar SOC-PLATFORM' asset=SOC-PLATFORM severity=NO_CONFLICT conflict=False label=CONFIRMED DECISION policies=[]
2026-08-21T19:44:56Z | stress_test | decision='migrar LOGGING-PIPELINE' asset=LOGGING-PIPELINE severity=NO_CONFLICT conflict=False label=CONFIRMED DECISION policies=[]
2026-08-21T19:44:56Z | stress_test | decision='migrar VPN-CORP-PRIMARY' asset=VPN-CORP-PRIMARY severity=NO_CONFLICT conflict=False label=CONFIRMED DECISION policies=[]
2026-08-21T19:44:56Z | stress_test | decision='migrar K8S-PROD-US' asset=K8S-PROD-US severity=NO_CONFLICT conflict=False label=CONFIRMED DECISION policies=[]
2026-08-21T19:44:56Z | stress_test | decision='migrar K8S-PROD-EU' asset=K8S-PROD-EU severity=NO_CONFLICT conflict=False label=CONFIRMED DECISION policies=[]
2026-08-21T19:44:56Z | stress_test | decision='migrar DB-MISSION-PRIMARY' asset=DB-MISSION-PRIMARY severity=NO_CONFLICT conflict=False label=CONFIRMED DECISION policies=[]
2026-08-21T19:44:56Z | stress_test | decision='migrar DB-PAYMENTS' asset=DB-PAYMENTS severity=NO_CONFLICT conflict=False label=CONFIRMED DECISION policies=[]
2026-08-21T19:44:56Z | stress_test | decision='migrar CUSTOMER-API' asset=CUSTOMER-API severity=NO_CONFLICT conflict=False label=CONFIRMED DECISION policies=[]
2026-08-21T19:44:56Z | stress_test | decision='migrar SECURE-COMMS-GW' asset=SECURE-COMMS-GW severity=NO_CONFLICT conflict=False label=CONFIRMED DECISION policies=[]
2026-08-21T19:44:56Z | stress_test | decision='migrar LAUNCH-AUTH' asset=LAUNCH-AUTH severity=NO_CONFLICT conflict=False label=CONFIRMED DECISION policies=[]
2026-08-21T19:44:56Z | stress_test | decision='migrar QA-IDENTITY' asset=QA-IDENTITY severity=NO_CONFLICT conflict=False label=CONFIRMED DECISION policies=[]
2026-08-21T19:44:56Z | stress_test | decision='migrar PARTNER-PORTAL' asset=PARTNER-PORTAL severity=NO_CONFLICT conflict=False label=CONFIRMED DECISION policies=[]
2026-08-21T19:44:56Z | stress_test | decision='migrar BILLING-ENGINE' asset=BILLING-ENGINE severity=NO_CONFLICT conflict=False label=CONFIRMED DECISION policies=[]
2026-08-21T19:44:56Z | stress_test | decision='migrar TREASURY-WORKSTATION' asset=TREASURY-WORKSTATION severity=NO_CONFLICT conflict=False label=CONFIRMED DECISION policies=[]
2026-08-21T19:44:56Z | stress_test | decision='migrar TELEMETRY-ARCHIVE' asset=TELEMETRY-ARCHIVE severity=NO_CONFLICT conflict=False label=CONFIRMED DECISION policies=[]
2026-08-21T19:44:56Z | stress_test | decision='migrar DATA-WAREHOUSE' asset=DATA-WAREHOUSE severity=NO_CONFLICT conflict=False label=CONFIRMED DECISION policies=[]
2026-08-21T19:44:56Z | stress_test | decision='migrar DEV-PORTAL' asset=DEV-PORTAL severity=NO_CONFLICT conflict=False label=CONFIRMED DECISION policies=[]
2026-08-21T19:44:56Z | stress_test | decision='migrar STAGING-K8S' asset=STAGING-K8S severity=NO_CONFLICT conflict=False label=CONFIRMED DECISION policies=[]
2026-08-21T19:44:56Z | stress_test | decision='migrar CLOUD-OBJ-STORE' asset=CLOUD-OBJ-STORE severity=NO_CONFLICT conflict=False label=CONFIRMED DECISION policies=[]
2026-08-21T19:44:56Z | stress_test | decision='migrar DNS-INTERNAL' asset=DNS-INTERNAL severity=NO_CONFLICT conflict=False label=CONFIRMED DECISION policies=[]
2026-08-21T19:44:56Z | stress_test | decision='migrar REGION-LB-EU' asset=REGION-LB-EU severity=NO_CONFLICT conflict=False label=CONFIRMED DECISION policies=[]
2026-08-21T19:44:56Z | stress_test | decision='migrar REGION-LB-US' asset=REGION-LB-US severity=NO_CONFLICT conflict=False label=CONFIRMED DECISION policies=[]
2026-08-21T19:44:56Z | stress_test | decision='migrar GUEST-NETWORK-PORTAL' asset=GUEST-NETWORK-PORTAL severity=NO_CONFLICT conflict=False label=CONFIRMED DECISION policies=[]
2026-08-21T19:44:56Z | stress_test | decision='migrar LEGACY-VPN-EU' asset=LEGACY-VPN-EU severity=NO_CONFLICT conflict=False label=CONFIRMED DECISION policies=[]
2026-08-21T19:44:56Z | stress_test | decision='migrar LEGACY-PKI-01' asset=LEGACY-PKI-01 severity=NO_CONFLICT conflict=False label=CONFIRMED DECISION policies=[]
2026-08-21T19:44:56Z | stress_test | decision='migrar LEGACY-ERP-02' asset=LEGACY-ERP-02 severity=CONFLICT conflict=True label=RECOMMENDED ALTERNATIVE policies=['P003']
2026-08-21T19:44:56Z | stress_test | decision='migrar LEGACY-MANUFACTURING' asset=LEGACY-MANUFACTURING severity=NO_CONFLICT conflict=False label=CONFIRMED DECISION policies=[]
2026-08-21T19:44:56Z | stress_test | decision='migrar LEGACY-RADIUS' asset=LEGACY-RADIUS severity=NO_CONFLICT conflict=False label=CONFIRMED DECISION policies=[]
2026-08-21T19:44:56Z | stress_test | decision='migrar LEGACY-BACKUP-TAPE' asset=LEGACY-BACKUP-TAPE severity=NO_CONFLICT conflict=False label=CONFIRMED DECISION policies=[]
2026-08-21T19:44:56Z | stress_test | decision='migrar GIT-INFRA' asset=GIT-INFRA severity=NO_CONFLICT conflict=False label=CONFIRMED DECISION policies=[]
2026-08-21T19:44:56Z | stress_test | decision='migrar MFG-CONTROL-01' asset=MFG-CONTROL-01 severity=NO_CONFLICT conflict=False label=CONFIRMED DECISION policies=[]
2026-08-21T19:44:56Z | stress_test | decision='migrar PQC-PILOT-DSA' asset=PQC-PILOT-DSA severity=NO_CONFLICT conflict=False label=CONFIRMED DECISION policies=[]
2026-08-21T19:44:56Z | stress_test | decision='migrar PQC-PILOT-KEM' asset=PQC-PILOT-KEM severity=NO_CONFLICT conflict=False label=CONFIRMED DECISION policies=[]
2026-08-21T19:44:56Z | stress_test | decision='migrar ASSET-071' asset=ASSET-071 severity=NO_CONFLICT conflict=False label=CONFIRMED DECISION policies=[]
2026-08-21T19:44:56Z | stress_test | decision='migrar HR-PORTAL' asset=HR-PORTAL severity=NO_CONFLICT conflict=False label=CONFIRMED DECISION policies=[]
2026-08-21T19:44:56Z | stress_test | decision='migrar HR-DATABASE' asset=HR-DATABASE severity=NO_CONFLICT conflict=False label=CONFIRMED DECISION policies=[]
2026-08-21T19:44:56Z | stress_test | decision='migrar CICD-RUNNERS' asset=CICD-RUNNERS severity=NO_CONFLICT conflict=False label=CONFIRMED DECISION policies=[]
2026-08-21T19:44:56Z | stress_test | decision='migrar MONITORING-STACK' asset=MONITORING-STACK severity=NO_CONFLICT conflict=False label=CONFIRMED DECISION policies=[]
2026-08-21T19:44:56Z | stress_test | decision='migrar COLLAB-SUITE' asset=COLLAB-SUITE severity=NO_CONFLICT conflict=False label=CONFIRMED DECISION policies=[]
2026-08-21T19:44:56Z | stress_test | decision='migrar FILE-SHARE-GLOBAL' asset=FILE-SHARE-GLOBAL severity=NO_CONFLICT conflict=False label=CONFIRMED DECISION policies=[]
2026-08-21T19:44:56Z | stress_test | decision='migrar MFG-CONTROL-02' asset=MFG-CONTROL-02 severity=NO_CONFLICT conflict=False label=CONFIRMED DECISION policies=[]
2026-08-21T19:44:56Z | stress_test | decision='migrar SUPPLY-CHAIN-API' asset=SUPPLY-CHAIN-API severity=NO_CONFLICT conflict=False label=CONFIRMED DECISION policies=[]
2026-08-21T19:44:56Z | stress_test | decision='migrar EMAIL-GATEWAY' asset=EMAIL-GATEWAY severity=NO_CONFLICT conflict=False label=CONFIRMED DECISION policies=[]
2026-08-21T19:44:56Z | stress_test | decision='migrar ASSET-MGMT' asset=ASSET-MGMT severity=NO_CONFLICT conflict=False label=CONFIRMED DECISION policies=[]
2026-08-21T19:44:56Z | stress_test | decision='migrar TIME-SYNC' asset=TIME-SYNC severity=NO_CONFLICT conflict=False label=CONFIRMED DECISION policies=[]
2026-08-21T19:44:56Z | stress_test | decision='migrar LAB-WIFI-CONTROLLER' asset=LAB-WIFI-CONTROLLER severity=NO_CONFLICT conflict=False label=CONFIRMED DECISION policies=[]
2026-08-21T19:44:56Z | stress_test | decision='migrar DEMO-ENV-PORTAL' asset=DEMO-ENV-PORTAL severity=NO_CONFLICT conflict=False label=CONFIRMED DECISION policies=[]
2026-08-21T19:44:56Z | stress_test | decision='migrar TRAINING-SIMULATOR' asset=TRAINING-SIMULATOR severity=NO_CONFLICT conflict=False label=CONFIRMED DECISION policies=[]
2026-08-21T19:44:56Z | stress_test | decision='migrar PRINT-SERVER-HQ' asset=PRINT-SERVER-HQ severity=NO_CONFLICT conflict=False label=CONFIRMED DECISION policies=[]
2026-08-21T19:44:56Z | stress_test | decision='migrar ASSET-042' asset=ASSET-042 severity=NO_CONFLICT conflict=False label=CONFIRMED DECISION policies=[]
2026-08-21T19:44:56Z | stress_test | decision='migrar ASSET-057' asset=ASSET-057 severity=NO_CONFLICT conflict=False label=CONFIRMED DECISION policies=[]
2026-08-21T19:44:56Z | stress_test | decision='migrar ASSET-063' asset=ASSET-063 severity=NO_CONFLICT conflict=False label=CONFIRMED DECISION policies=[]
2026-08-21T19:44:56Z | stress_test | decision='migrar APAC-SG' asset=APAC-SG severity=NO_CONFLICT conflict=False label=CONFIRMED DECISION policies=[]
2026-08-21T19:44:56Z | stress_test | decision='migrar NG-07' asset=NG-07 severity=NO_CONFLICT conflict=False label=CONFIRMED DECISION policies=[]
2026-08-21T19:44:56Z | stress_test | decision='migrar MISSION-CONTROL' asset=MISSION-CONTROL severity=CONFLICT conflict=True label=RECOMMENDED ALTERNATIVE policies=['P002', 'P003', 'P008']
2026-08-21T19:44:56Z | stress_test | decision='migrar PAYMENTS-CORE' asset=PAYMENTS-CORE severity=NO_CONFLICT conflict=False label=CONFIRMED DECISION policies=[]
2026-08-21T19:44:56Z | stress_test | decision='migrar FLIGHT-DATA' asset=FLIGHT-DATA severity=NO_CONFLICT conflict=False label=CONFIRMED DECISION policies=[]
2026-08-21T19:44:56Z | stress_test | decision='migrar SECURITY-SIEM' asset=SECURITY-SIEM severity=NO_CONFLICT conflict=False label=CONFIRMED DECISION policies=[]
2026-08-21T19:44:56Z | stress_test | decision='migrar LEGACY-FTP' asset=LEGACY-FTP severity=NO_CONFLICT conflict=False label=CONFIRMED DECISION policies=[]
2026-08-21T19:44:56Z | stress_test | decision='migrar IDENTITY-CORE' asset=IDENTITY-CORE severity=CONFLICT conflict=True label=RECOMMENDED ALTERNATIVE policies=['P003']
2026-08-21T19:44:56Z | stress_test | decision='migrar SSO-GLOBAL' asset=SSO-GLOBAL severity=NO_CONFLICT conflict=False label=CONFIRMED DECISION policies=[]
2026-08-21T19:44:56Z | stress_test | decision='migrar PKI-ROOT' asset=PKI-ROOT severity=NO_CONFLICT conflict=False label=CONFIRMED DECISION policies=[]
2026-08-21T19:44:56Z | stress_test | decision='migrar PKI-INTERMEDIATE' asset=PKI-INTERMEDIATE severity=NO_CONFLICT conflict=False label=CONFIRMED DECISION policies=[]
2026-08-21T19:44:56Z | stress_test | decision='migrar HSM-CLUSTER-US' asset=HSM-CLUSTER-US severity=NO_CONFLICT conflict=False label=CONFIRMED DECISION policies=[]
2026-08-21T19:44:56Z | stress_test | decision='migrar HSM-CLUSTER-EU' asset=HSM-CLUSTER-EU severity=NO_CONFLICT conflict=False label=CONFIRMED DECISION policies=[]
2026-08-21T19:44:56Z | stress_test | decision='migrar PAYMENT-CORE' asset=PAYMENT-CORE severity=NO_CONFLICT conflict=False label=CONFIRMED DECISION policies=[]
2026-08-21T19:44:56Z | stress_test | decision='migrar COMMAND-SIGNING' asset=COMMAND-SIGNING severity=NO_CONFLICT conflict=False label=CONFIRMED DECISION policies=[]
2026-08-21T19:44:56Z | stress_test | decision='migrar SAT-OPS-01' asset=SAT-OPS-01 severity=CONFLICT conflict=True label=RECOMMENDED ALTERNATIVE policies=['P002', 'P008']
2026-08-21T19:44:56Z | stress_test | decision='migrar GROUND-STATION-EU' asset=GROUND-STATION-EU severity=NO_CONFLICT conflict=False label=CONFIRMED DECISION policies=[]
2026-08-21T19:44:56Z | stress_test | decision='migrar CUSTOMER-PORTAL' asset=CUSTOMER-PORTAL severity=CONFLICT conflict=True label=RECOMMENDED ALTERNATIVE policies=['P003']
2026-08-21T19:44:56Z | stress_test | decision='migrar TELEMETRY-BUS' asset=TELEMETRY-BUS severity=NO_CONFLICT conflict=False label=CONFIRMED DECISION policies=[]
2026-08-21T19:44:56Z | stress_test | decision='migrar DATA-LAKE-01' asset=DATA-LAKE-01 severity=NO_CONFLICT conflict=False label=CONFIRMED DECISION policies=[]
2026-08-21T19:44:56Z | stress_test | decision='migrar GROUND-STATION-US' asset=GROUND-STATION-US severity=NO_CONFLICT conflict=False label=CONFIRMED DECISION policies=[]
2026-08-21T19:44:56Z | stress_test | decision='migrar GROUND-STATION-APAC' asset=GROUND-STATION-APAC severity=NO_CONFLICT conflict=False label=CONFIRMED DECISION policies=[]
2026-08-21T19:44:56Z | stress_test | decision='migrar SAT-OPS-02' asset=SAT-OPS-02 severity=NO_CONFLICT conflict=False label=CONFIRMED DECISION policies=[]
2026-08-21T19:44:56Z | stress_test | decision='migrar SAT-COMMS-RELAY' asset=SAT-COMMS-RELAY severity=NO_CONFLICT conflict=False label=CONFIRMED DECISION policies=[]
2026-08-21T19:44:56Z | stress_test | decision='migrar API-GATEWAY-EDGE' asset=API-GATEWAY-EDGE severity=NO_CONFLICT conflict=False label=CONFIRMED DECISION policies=[]
2026-08-21T19:44:56Z | stress_test | decision='migrar API-GATEWAY-INTERNAL' asset=API-GATEWAY-INTERNAL severity=NO_CONFLICT conflict=False label=CONFIRMED DECISION policies=[]
2026-08-21T19:44:56Z | stress_test | decision='migrar IAM-WORKFORCE' asset=IAM-WORKFORCE severity=NO_CONFLICT conflict=False label=CONFIRMED DECISION policies=[]
2026-08-21T19:44:56Z | stress_test | decision='migrar PKI-EXTERNAL-CA' asset=PKI-EXTERNAL-CA severity=NO_CONFLICT conflict=False label=CONFIRMED DECISION policies=[]
2026-08-21T19:44:56Z | stress_test | decision='migrar KMS-CLOUD-PRIMARY' asset=KMS-CLOUD-PRIMARY severity=NO_CONFLICT conflict=False label=CONFIRMED DECISION policies=[]
2026-08-21T19:44:56Z | stress_test | decision='migrar BACKUP-VAULT-01' asset=BACKUP-VAULT-01 severity=NO_CONFLICT conflict=False label=CONFIRMED DECISION policies=[]
2026-08-21T19:44:56Z | stress_test | decision='migrar ERP-FINANCE' asset=ERP-FINANCE severity=NO_CONFLICT conflict=False label=CONFIRMED DECISION policies=[]
2026-08-21T19:44:56Z | stress_test | decision='migrar MOBILE-BANKING-APP' asset=MOBILE-BANKING-APP severity=NO_CONFLICT conflict=False label=CONFIRMED DECISION policies=[]
2026-08-21T19:44:56Z | stress_test | decision='migrar CODE-SIGNING-PROD' asset=CODE-SIGNING-PROD severity=CONFLICT conflict=True label=RECOMMENDED ALTERNATIVE policies=['P003']
2026-08-21T19:44:56Z | stress_test | decision='migrar FIRMWARE-SIGNING' asset=FIRMWARE-SIGNING severity=CONFLICT conflict=True label=RECOMMENDED ALTERNATIVE policies=['P003']
2026-08-21T19:44:56Z | stress_test | decision='migrar SIEM-CORE' asset=SIEM-CORE severity=NO_CONFLICT conflict=False label=CONFIRMED DECISION policies=[]
2026-08-21T19:44:56Z | stress_test | decision='migrar SOC-PLATFORM' asset=SOC-PLATFORM severity=NO_CONFLICT conflict=False label=CONFIRMED DECISION policies=[]
2026-08-21T19:44:56Z | stress_test | decision='migrar LOGGING-PIPELINE' asset=LOGGING-PIPELINE severity=NO_CONFLICT conflict=False label=CONFIRMED DECISION policies=[]
2026-08-21T19:44:56Z | stress_test | decision='migrar VPN-CORP-PRIMARY' asset=VPN-CORP-PRIMARY severity=NO_CONFLICT conflict=False label=CONFIRMED DECISION policies=[]
2026-08-21T19:44:56Z | stress_test | decision='migrar K8S-PROD-US' asset=K8S-PROD-US severity=NO_CONFLICT conflict=False label=CONFIRMED DECISION policies=[]
2026-08-21T19:44:56Z | stress_test | decision='migrar K8S-PROD-EU' asset=K8S-PROD-EU severity=NO_CONFLICT conflict=False label=CONFIRMED DECISION policies=[]
2026-08-21T19:44:57Z | stress_test | decision='migrar DB-MISSION-PRIMARY' asset=DB-MISSION-PRIMARY severity=NO_CONFLICT conflict=False label=CONFIRMED DECISION policies=[]
2026-08-21T19:44:57Z | stress_test | decision='migrar DB-PAYMENTS' asset=DB-PAYMENTS severity=NO_CONFLICT conflict=False label=CONFIRMED DECISION policies=[]
2026-08-21T19:44:57Z | stress_test | decision='migrar CUSTOMER-API' asset=CUSTOMER-API severity=NO_CONFLICT conflict=False label=CONFIRMED DECISION policies=[]
2026-08-21T19:44:57Z | stress_test | decision='migrar SECURE-COMMS-GW' asset=SECURE-COMMS-GW severity=NO_CONFLICT conflict=False label=CONFIRMED DECISION policies=[]
2026-08-21T19:44:57Z | stress_test | decision='migrar LAUNCH-AUTH' asset=LAUNCH-AUTH severity=NO_CONFLICT conflict=False label=CONFIRMED DECISION policies=[]
2026-08-21T19:44:57Z | stress_test | decision='migrar QA-IDENTITY' asset=QA-IDENTITY severity=NO_CONFLICT conflict=False label=CONFIRMED DECISION policies=[]
2026-08-21T19:44:57Z | stress_test | decision='migrar PARTNER-PORTAL' asset=PARTNER-PORTAL severity=NO_CONFLICT conflict=False label=CONFIRMED DECISION policies=[]
2026-08-21T19:44:57Z | stress_test | decision='migrar BILLING-ENGINE' asset=BILLING-ENGINE severity=NO_CONFLICT conflict=False label=CONFIRMED DECISION policies=[]
2026-08-21T19:44:57Z | stress_test | decision='migrar TREASURY-WORKSTATION' asset=TREASURY-WORKSTATION severity=NO_CONFLICT conflict=False label=CONFIRMED DECISION policies=[]
2026-08-21T19:44:57Z | stress_test | decision='migrar TELEMETRY-ARCHIVE' asset=TELEMETRY-ARCHIVE severity=NO_CONFLICT conflict=False label=CONFIRMED DECISION policies=[]
2026-08-21T19:44:57Z | stress_test | decision='migrar DATA-WAREHOUSE' asset=DATA-WAREHOUSE severity=NO_CONFLICT conflict=False label=CONFIRMED DECISION policies=[]
2026-08-21T19:44:57Z | stress_test | decision='migrar DEV-PORTAL' asset=DEV-PORTAL severity=NO_CONFLICT conflict=False label=CONFIRMED DECISION policies=[]
2026-08-21T19:44:57Z | stress_test | decision='migrar STAGING-K8S' asset=STAGING-K8S severity=NO_CONFLICT conflict=False label=CONFIRMED DECISION policies=[]
2026-08-21T19:44:57Z | stress_test | decision='migrar CLOUD-OBJ-STORE' asset=CLOUD-OBJ-STORE severity=NO_CONFLICT conflict=False label=CONFIRMED DECISION policies=[]
2026-08-21T19:44:57Z | stress_test | decision='migrar DNS-INTERNAL' asset=DNS-INTERNAL severity=NO_CONFLICT conflict=False label=CONFIRMED DECISION policies=[]
2026-08-21T19:44:57Z | stress_test | decision='migrar REGION-LB-EU' asset=REGION-LB-EU severity=NO_CONFLICT conflict=False label=CONFIRMED DECISION policies=[]
2026-08-21T19:44:57Z | stress_test | decision='migrar REGION-LB-US' asset=REGION-LB-US severity=NO_CONFLICT conflict=False label=CONFIRMED DECISION policies=[]
2026-08-21T19:44:57Z | stress_test | decision='migrar GUEST-NETWORK-PORTAL' asset=GUEST-NETWORK-PORTAL severity=NO_CONFLICT conflict=False label=CONFIRMED DECISION policies=[]
2026-08-21T19:44:57Z | stress_test | decision='migrar LEGACY-VPN-EU' asset=LEGACY-VPN-EU severity=NO_CONFLICT conflict=False label=CONFIRMED DECISION policies=[]
2026-08-21T19:44:57Z | stress_test | decision='migrar LEGACY-PKI-01' asset=LEGACY-PKI-01 severity=NO_CONFLICT conflict=False label=CONFIRMED DECISION policies=[]
2026-08-21T19:44:57Z | stress_test | decision='migrar LEGACY-ERP-02' asset=LEGACY-ERP-02 severity=CONFLICT conflict=True label=RECOMMENDED ALTERNATIVE policies=['P003']
2026-08-21T19:44:57Z | stress_test | decision='migrar LEGACY-MANUFACTURING' asset=LEGACY-MANUFACTURING severity=NO_CONFLICT conflict=False label=CONFIRMED DECISION policies=[]
2026-08-21T19:44:57Z | stress_test | decision='migrar LEGACY-RADIUS' asset=LEGACY-RADIUS severity=NO_CONFLICT conflict=False label=CONFIRMED DECISION policies=[]
2026-08-21T19:44:57Z | stress_test | decision='migrar LEGACY-BACKUP-TAPE' asset=LEGACY-BACKUP-TAPE severity=NO_CONFLICT conflict=False label=CONFIRMED DECISION policies=[]
2026-08-21T19:44:57Z | stress_test | decision='migrar GIT-INFRA' asset=GIT-INFRA severity=NO_CONFLICT conflict=False label=CONFIRMED DECISION policies=[]
2026-08-21T19:44:57Z | stress_test | decision='migrar MFG-CONTROL-01' asset=MFG-CONTROL-01 severity=NO_CONFLICT conflict=False label=CONFIRMED DECISION policies=[]
2026-08-21T19:44:57Z | stress_test | decision='migrar PQC-PILOT-DSA' asset=PQC-PILOT-DSA severity=NO_CONFLICT conflict=False label=CONFIRMED DECISION policies=[]
2026-08-21T19:44:57Z | stress_test | decision='migrar PQC-PILOT-KEM' asset=PQC-PILOT-KEM severity=NO_CONFLICT conflict=False label=CONFIRMED DECISION policies=[]
2026-08-21T19:44:57Z | stress_test | decision='migrar ASSET-071' asset=ASSET-071 severity=NO_CONFLICT conflict=False label=CONFIRMED DECISION policies=[]
2026-08-21T19:44:57Z | stress_test | decision='migrar HR-PORTAL' asset=HR-PORTAL severity=NO_CONFLICT conflict=False label=CONFIRMED DECISION policies=[]
2026-08-21T19:44:57Z | stress_test | decision='migrar HR-DATABASE' asset=HR-DATABASE severity=NO_CONFLICT conflict=False label=CONFIRMED DECISION policies=[]
2026-08-21T19:44:57Z | stress_test | decision='migrar CICD-RUNNERS' asset=CICD-RUNNERS severity=NO_CONFLICT conflict=False label=CONFIRMED DECISION policies=[]
2026-08-21T19:44:57Z | stress_test | decision='migrar MONITORING-STACK' asset=MONITORING-STACK severity=NO_CONFLICT conflict=False label=CONFIRMED DECISION policies=[]
2026-08-21T19:44:57Z | stress_test | decision='migrar COLLAB-SUITE' asset=COLLAB-SUITE severity=NO_CONFLICT conflict=False label=CONFIRMED DECISION policies=[]
2026-08-21T19:44:57Z | stress_test | decision='migrar FILE-SHARE-GLOBAL' asset=FILE-SHARE-GLOBAL severity=NO_CONFLICT conflict=False label=CONFIRMED DECISION policies=[]
2026-08-21T19:44:57Z | stress_test | decision='migrar MFG-CONTROL-02' asset=MFG-CONTROL-02 severity=NO_CONFLICT conflict=False label=CONFIRMED DECISION policies=[]
2026-08-21T19:44:57Z | stress_test | decision='migrar SUPPLY-CHAIN-API' asset=SUPPLY-CHAIN-API severity=NO_CONFLICT conflict=False label=CONFIRMED DECISION policies=[]
2026-08-21T19:44:57Z | stress_test | decision='migrar EMAIL-GATEWAY' asset=EMAIL-GATEWAY severity=NO_CONFLICT conflict=False label=CONFIRMED DECISION policies=[]
2026-08-21T19:44:57Z | stress_test | decision='migrar ASSET-MGMT' asset=ASSET-MGMT severity=NO_CONFLICT conflict=False label=CONFIRMED DECISION policies=[]
2026-08-21T19:44:57Z | stress_test | decision='migrar TIME-SYNC' asset=TIME-SYNC severity=NO_CONFLICT conflict=False label=CONFIRMED DECISION policies=[]
2026-08-21T19:44:57Z | stress_test | decision='migrar LAB-WIFI-CONTROLLER' asset=LAB-WIFI-CONTROLLER severity=NO_CONFLICT conflict=False label=CONFIRMED DECISION policies=[]
2026-08-21T19:44:57Z | stress_test | decision='migrar DEMO-ENV-PORTAL' asset=DEMO-ENV-PORTAL severity=NO_CONFLICT conflict=False label=CONFIRMED DECISION policies=[]
2026-08-21T19:44:57Z | stress_test | decision='migrar TRAINING-SIMULATOR' asset=TRAINING-SIMULATOR severity=NO_CONFLICT conflict=False label=CONFIRMED DECISION policies=[]
2026-08-21T19:44:57Z | stress_test | decision='migrar PRINT-SERVER-HQ' asset=PRINT-SERVER-HQ severity=NO_CONFLICT conflict=False label=CONFIRMED DECISION policies=[]
2026-08-21T19:44:57Z | stress_test | decision='migrar ASSET-042' asset=ASSET-042 severity=NO_CONFLICT conflict=False label=CONFIRMED DECISION policies=[]
2026-08-21T19:44:57Z | stress_test | decision='migrar ASSET-057' asset=ASSET-057 severity=NO_CONFLICT conflict=False label=CONFIRMED DECISION policies=[]
2026-08-21T19:44:57Z | stress_test | decision='migrar ASSET-063' asset=ASSET-063 severity=NO_CONFLICT conflict=False label=CONFIRMED DECISION policies=[]
2026-08-21T19:44:57Z | stress_test | decision='migrar APAC-SG' asset=APAC-SG severity=NO_CONFLICT conflict=False label=CONFIRMED DECISION policies=[]
2026-08-21T19:44:57Z | stress_test | decision='migrar NG-07' asset=NG-07 severity=NO_CONFLICT conflict=False label=CONFIRMED DECISION policies=[]
2026-08-21T19:44:57Z | stress_test | decision='migrar MISSION-CONTROL' asset=MISSION-CONTROL severity=CONFLICT conflict=True label=RECOMMENDED ALTERNATIVE policies=['P002', 'P003', 'P008']
2026-08-21T19:44:57Z | stress_test | decision='migrar PAYMENTS-CORE' asset=PAYMENTS-CORE severity=NO_CONFLICT conflict=False label=CONFIRMED DECISION policies=[]
2026-08-21T19:44:57Z | stress_test | decision='migrar FLIGHT-DATA' asset=FLIGHT-DATA severity=NO_CONFLICT conflict=False label=CONFIRMED DECISION policies=[]
2026-08-21T19:44:57Z | stress_test | decision='migrar SECURITY-SIEM' asset=SECURITY-SIEM severity=NO_CONFLICT conflict=False label=CONFIRMED DECISION policies=[]
2026-08-21T19:44:57Z | stress_test | decision='migrar LEGACY-FTP' asset=LEGACY-FTP severity=NO_CONFLICT conflict=False label=CONFIRMED DECISION policies=[]
2026-08-21T19:44:58Z | stress_test | decision='migrar IDENTITY-CORE' asset=IDENTITY-CORE severity=CONFLICT conflict=True label=RECOMMENDED ALTERNATIVE policies=['P003']
2026-08-21T19:44:58Z | stress_test | decision='migrar SSO-GLOBAL' asset=SSO-GLOBAL severity=NO_CONFLICT conflict=False label=CONFIRMED DECISION policies=[]
2026-08-21T19:44:58Z | stress_test | decision='migrar PKI-ROOT' asset=PKI-ROOT severity=NO_CONFLICT conflict=False label=CONFIRMED DECISION policies=[]
2026-08-21T19:44:58Z | stress_test | decision='migrar PKI-INTERMEDIATE' asset=PKI-INTERMEDIATE severity=NO_CONFLICT conflict=False label=CONFIRMED DECISION policies=[]
2026-08-21T19:44:58Z | stress_test | decision='migrar HSM-CLUSTER-US' asset=HSM-CLUSTER-US severity=NO_CONFLICT conflict=False label=CONFIRMED DECISION policies=[]
2026-08-21T19:44:58Z | stress_test | decision='migrar HSM-CLUSTER-EU' asset=HSM-CLUSTER-EU severity=NO_CONFLICT conflict=False label=CONFIRMED DECISION policies=[]
2026-08-21T19:44:58Z | stress_test | decision='migrar PAYMENT-CORE' asset=PAYMENT-CORE severity=NO_CONFLICT conflict=False label=CONFIRMED DECISION policies=[]
2026-08-21T19:44:58Z | stress_test | decision='migrar COMMAND-SIGNING' asset=COMMAND-SIGNING severity=NO_CONFLICT conflict=False label=CONFIRMED DECISION policies=[]
2026-08-21T19:44:58Z | stress_test | decision='migrar SAT-OPS-01' asset=SAT-OPS-01 severity=CONFLICT conflict=True label=RECOMMENDED ALTERNATIVE policies=['P002', 'P008']
2026-08-21T19:44:58Z | stress_test | decision='migrar GROUND-STATION-EU' asset=GROUND-STATION-EU severity=NO_CONFLICT conflict=False label=CONFIRMED DECISION policies=[]
2026-08-21T19:44:58Z | stress_test | decision='migrar CUSTOMER-PORTAL' asset=CUSTOMER-PORTAL severity=CONFLICT conflict=True label=RECOMMENDED ALTERNATIVE policies=['P003']
2026-08-21T19:44:58Z | stress_test | decision='migrar TELEMETRY-BUS' asset=TELEMETRY-BUS severity=NO_CONFLICT conflict=False label=CONFIRMED DECISION policies=[]
2026-08-21T19:44:58Z | stress_test | decision='migrar DATA-LAKE-01' asset=DATA-LAKE-01 severity=NO_CONFLICT conflict=False label=CONFIRMED DECISION policies=[]
2026-08-21T19:44:58Z | stress_test | decision='migrar GROUND-STATION-US' asset=GROUND-STATION-US severity=NO_CONFLICT conflict=False label=CONFIRMED DECISION policies=[]
2026-08-21T19:44:58Z | stress_test | decision='migrar GROUND-STATION-APAC' asset=GROUND-STATION-APAC severity=NO_CONFLICT conflict=False label=CONFIRMED DECISION policies=[]
2026-08-21T19:44:58Z | stress_test | decision='migrar SAT-OPS-02' asset=SAT-OPS-02 severity=NO_CONFLICT conflict=False label=CONFIRMED DECISION policies=[]
2026-08-21T19:44:58Z | stress_test | decision='migrar SAT-COMMS-RELAY' asset=SAT-COMMS-RELAY severity=NO_CONFLICT conflict=False label=CONFIRMED DECISION policies=[]
2026-08-21T19:44:58Z | stress_test | decision='migrar API-GATEWAY-EDGE' asset=API-GATEWAY-EDGE severity=NO_CONFLICT conflict=False label=CONFIRMED DECISION policies=[]
2026-08-21T19:44:58Z | stress_test | decision='migrar API-GATEWAY-INTERNAL' asset=API-GATEWAY-INTERNAL severity=NO_CONFLICT conflict=False label=CONFIRMED DECISION policies=[]
2026-08-21T19:44:58Z | stress_test | decision='migrar IAM-WORKFORCE' asset=IAM-WORKFORCE severity=NO_CONFLICT conflict=False label=CONFIRMED DECISION policies=[]
2026-08-21T19:44:58Z | stress_test | decision='migrar PKI-EXTERNAL-CA' asset=PKI-EXTERNAL-CA severity=NO_CONFLICT conflict=False label=CONFIRMED DECISION policies=[]
2026-08-21T19:44:58Z | stress_test | decision='migrar KMS-CLOUD-PRIMARY' asset=KMS-CLOUD-PRIMARY severity=NO_CONFLICT conflict=False label=CONFIRMED DECISION policies=[]
2026-08-21T19:44:58Z | stress_test | decision='migrar BACKUP-VAULT-01' asset=BACKUP-VAULT-01 severity=NO_CONFLICT conflict=False label=CONFIRMED DECISION policies=[]
2026-08-21T19:44:58Z | stress_test | decision='migrar ERP-FINANCE' asset=ERP-FINANCE severity=NO_CONFLICT conflict=False label=CONFIRMED DECISION policies=[]
2026-08-21T19:44:58Z | stress_test | decision='migrar MOBILE-BANKING-APP' asset=MOBILE-BANKING-APP severity=NO_CONFLICT conflict=False label=CONFIRMED DECISION policies=[]
2026-08-21T19:44:58Z | stress_test | decision='migrar CODE-SIGNING-PROD' asset=CODE-SIGNING-PROD severity=CONFLICT conflict=True label=RECOMMENDED ALTERNATIVE policies=['P003']
2026-08-21T19:44:58Z | stress_test | decision='migrar FIRMWARE-SIGNING' asset=FIRMWARE-SIGNING severity=CONFLICT conflict=True label=RECOMMENDED ALTERNATIVE policies=['P003']
2026-08-21T19:44:58Z | stress_test | decision='migrar SIEM-CORE' asset=SIEM-CORE severity=NO_CONFLICT conflict=False label=CONFIRMED DECISION policies=[]
2026-08-21T19:44:58Z | stress_test | decision='migrar SOC-PLATFORM' asset=SOC-PLATFORM severity=NO_CONFLICT conflict=False label=CONFIRMED DECISION policies=[]
2026-08-21T19:44:58Z | stress_test | decision='migrar LOGGING-PIPELINE' asset=LOGGING-PIPELINE severity=NO_CONFLICT conflict=False label=CONFIRMED DECISION policies=[]
2026-08-21T19:44:58Z | stress_test | decision='migrar VPN-CORP-PRIMARY' asset=VPN-CORP-PRIMARY severity=NO_CONFLICT conflict=False label=CONFIRMED DECISION policies=[]
2026-08-21T19:44:58Z | stress_test | decision='migrar K8S-PROD-US' asset=K8S-PROD-US severity=NO_CONFLICT conflict=False label=CONFIRMED DECISION policies=[]
2026-08-21T19:44:58Z | stress_test | decision='migrar K8S-PROD-EU' asset=K8S-PROD-EU severity=NO_CONFLICT conflict=False label=CONFIRMED DECISION policies=[]
2026-08-21T19:44:58Z | stress_test | decision='migrar DB-MISSION-PRIMARY' asset=DB-MISSION-PRIMARY severity=NO_CONFLICT conflict=False label=CONFIRMED DECISION policies=[]
2026-08-21T19:44:58Z | stress_test | decision='migrar DB-PAYMENTS' asset=DB-PAYMENTS severity=NO_CONFLICT conflict=False label=CONFIRMED DECISION policies=[]
2026-08-21T19:44:58Z | stress_test | decision='migrar CUSTOMER-API' asset=CUSTOMER-API severity=NO_CONFLICT conflict=False label=CONFIRMED DECISION policies=[]
2026-08-21T19:44:58Z | stress_test | decision='migrar SECURE-COMMS-GW' asset=SECURE-COMMS-GW severity=NO_CONFLICT conflict=False label=CONFIRMED DECISION policies=[]
2026-08-21T19:44:58Z | stress_test | decision='migrar LAUNCH-AUTH' asset=LAUNCH-AUTH severity=NO_CONFLICT conflict=False label=CONFIRMED DECISION policies=[]
2026-08-21T19:44:58Z | stress_test | decision='migrar QA-IDENTITY' asset=QA-IDENTITY severity=NO_CONFLICT conflict=False label=CONFIRMED DECISION policies=[]
2026-08-21T19:44:58Z | stress_test | decision='migrar PARTNER-PORTAL' asset=PARTNER-PORTAL severity=NO_CONFLICT conflict=False label=CONFIRMED DECISION policies=[]
2026-08-21T19:44:58Z | stress_test | decision='migrar BILLING-ENGINE' asset=BILLING-ENGINE severity=NO_CONFLICT conflict=False label=CONFIRMED DECISION policies=[]
2026-08-21T19:44:58Z | stress_test | decision='migrar TREASURY-WORKSTATION' asset=TREASURY-WORKSTATION severity=NO_CONFLICT conflict=False label=CONFIRMED DECISION policies=[]
2026-08-21T19:44:58Z | stress_test | decision='migrar TELEMETRY-ARCHIVE' asset=TELEMETRY-ARCHIVE severity=NO_CONFLICT conflict=False label=CONFIRMED DECISION policies=[]
2026-08-21T19:44:58Z | stress_test | decision='migrar DATA-WAREHOUSE' asset=DATA-WAREHOUSE severity=NO_CONFLICT conflict=False label=CONFIRMED DECISION policies=[]
2026-08-21T19:44:58Z | stress_test | decision='migrar DEV-PORTAL' asset=DEV-PORTAL severity=NO_CONFLICT conflict=False label=CONFIRMED DECISION policies=[]
2026-08-21T19:44:58Z | stress_test | decision='migrar STAGING-K8S' asset=STAGING-K8S severity=NO_CONFLICT conflict=False label=CONFIRMED DECISION policies=[]
2026-08-21T19:44:58Z | stress_test | decision='migrar CLOUD-OBJ-STORE' asset=CLOUD-OBJ-STORE severity=NO_CONFLICT conflict=False label=CONFIRMED DECISION policies=[]
2026-08-21T19:44:58Z | stress_test | decision='migrar DNS-INTERNAL' asset=DNS-INTERNAL severity=NO_CONFLICT conflict=False label=CONFIRMED DECISION policies=[]
2026-08-21T19:44:58Z | stress_test | decision='migrar REGION-LB-EU' asset=REGION-LB-EU severity=NO_CONFLICT conflict=False label=CONFIRMED DECISION policies=[]
2026-08-21T19:44:58Z | stress_test | decision='migrar REGION-LB-US' asset=REGION-LB-US severity=NO_CONFLICT conflict=False label=CONFIRMED DECISION policies=[]
2026-08-21T19:44:58Z | stress_test | decision='migrar GUEST-NETWORK-PORTAL' asset=GUEST-NETWORK-PORTAL severity=NO_CONFLICT conflict=False label=CONFIRMED DECISION policies=[]
2026-08-21T19:44:58Z | stress_test | decision='migrar LEGACY-VPN-EU' asset=LEGACY-VPN-EU severity=NO_CONFLICT conflict=False label=CONFIRMED DECISION policies=[]
2026-08-21T19:44:58Z | stress_test | decision='migrar LEGACY-PKI-01' asset=LEGACY-PKI-01 severity=NO_CONFLICT conflict=False label=CONFIRMED DECISION policies=[]
2026-08-21T19:44:58Z | stress_test | decision='migrar LEGACY-ERP-02' asset=LEGACY-ERP-02 severity=CONFLICT conflict=True label=RECOMMENDED ALTERNATIVE policies=['P003']
2026-08-21T19:44:58Z | stress_test | decision='migrar LEGACY-MANUFACTURING' asset=LEGACY-MANUFACTURING severity=NO_CONFLICT conflict=False label=CONFIRMED DECISION policies=[]
2026-08-21T19:44:58Z | stress_test | decision='migrar LEGACY-RADIUS' asset=LEGACY-RADIUS severity=NO_CONFLICT conflict=False label=CONFIRMED DECISION policies=[]
2026-08-21T19:44:58Z | stress_test | decision='migrar LEGACY-BACKUP-TAPE' asset=LEGACY-BACKUP-TAPE severity=NO_CONFLICT conflict=False label=CONFIRMED DECISION policies=[]
2026-08-21T19:44:58Z | stress_test | decision='migrar GIT-INFRA' asset=GIT-INFRA severity=NO_CONFLICT conflict=False label=CONFIRMED DECISION policies=[]
2026-08-21T19:44:58Z | stress_test | decision='migrar MFG-CONTROL-01' asset=MFG-CONTROL-01 severity=NO_CONFLICT conflict=False label=CONFIRMED DECISION policies=[]
2026-08-21T19:44:58Z | stress_test | decision='migrar PQC-PILOT-DSA' asset=PQC-PILOT-DSA severity=NO_CONFLICT conflict=False label=CONFIRMED DECISION policies=[]
2026-08-21T19:44:58Z | stress_test | decision='migrar PQC-PILOT-KEM' asset=PQC-PILOT-KEM severity=NO_CONFLICT conflict=False label=CONFIRMED DECISION policies=[]
2026-08-21T19:44:58Z | stress_test | decision='migrar ASSET-071' asset=ASSET-071 severity=NO_CONFLICT conflict=False label=CONFIRMED DECISION policies=[]
2026-08-21T19:44:58Z | stress_test | decision='migrar HR-PORTAL' asset=HR-PORTAL severity=NO_CONFLICT conflict=False label=CONFIRMED DECISION policies=[]
2026-08-21T19:44:58Z | stress_test | decision='migrar HR-DATABASE' asset=HR-DATABASE severity=NO_CONFLICT conflict=False label=CONFIRMED DECISION policies=[]
2026-08-21T19:44:58Z | stress_test | decision='migrar CICD-RUNNERS' asset=CICD-RUNNERS severity=NO_CONFLICT conflict=False label=CONFIRMED DECISION policies=[]
2026-08-21T19:44:58Z | stress_test | decision='migrar MONITORING-STACK' asset=MONITORING-STACK severity=NO_CONFLICT conflict=False label=CONFIRMED DECISION policies=[]
2026-08-21T19:44:58Z | stress_test | decision='migrar COLLAB-SUITE' asset=COLLAB-SUITE severity=NO_CONFLICT conflict=False label=CONFIRMED DECISION policies=[]
2026-08-21T19:44:58Z | stress_test | decision='migrar FILE-SHARE-GLOBAL' asset=FILE-SHARE-GLOBAL severity=NO_CONFLICT conflict=False label=CONFIRMED DECISION policies=[]
2026-08-21T19:44:58Z | stress_test | decision='migrar MFG-CONTROL-02' asset=MFG-CONTROL-02 severity=NO_CONFLICT conflict=False label=CONFIRMED DECISION policies=[]
2026-08-21T19:44:58Z | stress_test | decision='migrar SUPPLY-CHAIN-API' asset=SUPPLY-CHAIN-API severity=NO_CONFLICT conflict=False label=CONFIRMED DECISION policies=[]
2026-08-21T19:44:58Z | stress_test | decision='migrar EMAIL-GATEWAY' asset=EMAIL-GATEWAY severity=NO_CONFLICT conflict=False label=CONFIRMED DECISION policies=[]
2026-08-21T19:44:58Z | stress_test | decision='migrar ASSET-MGMT' asset=ASSET-MGMT severity=NO_CONFLICT conflict=False label=CONFIRMED DECISION policies=[]
2026-08-21T19:44:58Z | stress_test | decision='migrar TIME-SYNC' asset=TIME-SYNC severity=NO_CONFLICT conflict=False label=CONFIRMED DECISION policies=[]
2026-08-21T19:44:58Z | stress_test | decision='migrar LAB-WIFI-CONTROLLER' asset=LAB-WIFI-CONTROLLER severity=NO_CONFLICT conflict=False label=CONFIRMED DECISION policies=[]
2026-08-21T19:44:58Z | stress_test | decision='migrar DEMO-ENV-PORTAL' asset=DEMO-ENV-PORTAL severity=NO_CONFLICT conflict=False label=CONFIRMED DECISION policies=[]
2026-08-21T19:44:58Z | stress_test | decision='migrar TRAINING-SIMULATOR' asset=TRAINING-SIMULATOR severity=NO_CONFLICT conflict=False label=CONFIRMED DECISION policies=[]
2026-08-21T19:44:58Z | stress_test | decision='migrar PRINT-SERVER-HQ' asset=PRINT-SERVER-HQ severity=NO_CONFLICT conflict=False label=CONFIRMED DECISION policies=[]
2026-08-21T19:44:58Z | stress_test | decision='migrar ASSET-042' asset=ASSET-042 severity=NO_CONFLICT conflict=False label=CONFIRMED DECISION policies=[]
2026-08-21T19:44:58Z | stress_test | decision='migrar ASSET-057' asset=ASSET-057 severity=NO_CONFLICT conflict=False label=CONFIRMED DECISION policies=[]
2026-08-21T19:44:58Z | stress_test | decision='migrar ASSET-063' asset=ASSET-063 severity=NO_CONFLICT conflict=False label=CONFIRMED DECISION policies=[]
2026-08-21T19:44:58Z | stress_test | decision='migrar APAC-SG' asset=APAC-SG severity=NO_CONFLICT conflict=False label=CONFIRMED DECISION policies=[]
2026-08-21T19:44:58Z | stress_test | decision='migrar NG-07' asset=NG-07 severity=NO_CONFLICT conflict=False label=CONFIRMED DECISION policies=[]
2026-08-21T19:44:58Z | stress_test | decision='migrar MISSION-CONTROL' asset=MISSION-CONTROL severity=CONFLICT conflict=True label=RECOMMENDED ALTERNATIVE policies=['P002', 'P003', 'P008']
2026-08-21T19:44:58Z | stress_test | decision='migrar PAYMENTS-CORE' asset=PAYMENTS-CORE severity=NO_CONFLICT conflict=False label=CONFIRMED DECISION policies=[]
2026-08-21T19:44:58Z | stress_test | decision='migrar FLIGHT-DATA' asset=FLIGHT-DATA severity=NO_CONFLICT conflict=False label=CONFIRMED DECISION policies=[]
2026-08-21T19:44:58Z | stress_test | decision='migrar SECURITY-SIEM' asset=SECURITY-SIEM severity=NO_CONFLICT conflict=False label=CONFIRMED DECISION policies=[]
2026-08-21T19:44:58Z | stress_test | decision='migrar LEGACY-FTP' asset=LEGACY-FTP severity=NO_CONFLICT conflict=False label=CONFIRMED DECISION policies=[]
2026-08-21T19:44:58Z | stress_test | decision='migrar IDENTITY-CORE' asset=IDENTITY-CORE severity=CONFLICT conflict=True label=RECOMMENDED ALTERNATIVE policies=['P003']
2026-08-21T19:44:58Z | stress_test | decision='migrar SSO-GLOBAL' asset=SSO-GLOBAL severity=NO_CONFLICT conflict=False label=CONFIRMED DECISION policies=[]
2026-08-21T19:44:58Z | stress_test | decision='migrar PKI-ROOT' asset=PKI-ROOT severity=NO_CONFLICT conflict=False label=CONFIRMED DECISION policies=[]
2026-08-21T19:44:58Z | stress_test | decision='migrar PKI-INTERMEDIATE' asset=PKI-INTERMEDIATE severity=NO_CONFLICT conflict=False label=CONFIRMED DECISION policies=[]
2026-08-21T19:44:58Z | stress_test | decision='migrar HSM-CLUSTER-US' asset=HSM-CLUSTER-US severity=NO_CONFLICT conflict=False label=CONFIRMED DECISION policies=[]
2026-08-21T19:44:58Z | stress_test | decision='migrar HSM-CLUSTER-EU' asset=HSM-CLUSTER-EU severity=NO_CONFLICT conflict=False label=CONFIRMED DECISION policies=[]
2026-08-21T19:44:58Z | stress_test | decision='migrar PAYMENT-CORE' asset=PAYMENT-CORE severity=NO_CONFLICT conflict=False label=CONFIRMED DECISION policies=[]
2026-08-21T19:44:58Z | stress_test | decision='migrar COMMAND-SIGNING' asset=COMMAND-SIGNING severity=NO_CONFLICT conflict=False label=CONFIRMED DECISION policies=[]
2026-08-21T19:44:58Z | stress_test | decision='migrar SAT-OPS-01' asset=SAT-OPS-01 severity=CONFLICT conflict=True label=RECOMMENDED ALTERNATIVE policies=['P002', 'P008']
2026-08-21T19:44:58Z | stress_test | decision='migrar GROUND-STATION-EU' asset=GROUND-STATION-EU severity=NO_CONFLICT conflict=False label=CONFIRMED DECISION policies=[]
2026-08-21T19:44:58Z | stress_test | decision='migrar CUSTOMER-PORTAL' asset=CUSTOMER-PORTAL severity=CONFLICT conflict=True label=RECOMMENDED ALTERNATIVE policies=['P003']
2026-08-21T19:44:58Z | stress_test | decision='migrar TELEMETRY-BUS' asset=TELEMETRY-BUS severity=NO_CONFLICT conflict=False label=CONFIRMED DECISION policies=[]
2026-08-21T19:44:58Z | stress_test | decision='migrar DATA-LAKE-01' asset=DATA-LAKE-01 severity=NO_CONFLICT conflict=False label=CONFIRMED DECISION policies=[]
2026-08-21T19:44:58Z | stress_test | decision='migrar GROUND-STATION-US' asset=GROUND-STATION-US severity=NO_CONFLICT conflict=False label=CONFIRMED DECISION policies=[]
2026-08-21T19:44:58Z | stress_test | decision='migrar GROUND-STATION-APAC' asset=GROUND-STATION-APAC severity=NO_CONFLICT conflict=False label=CONFIRMED DECISION policies=[]
2026-08-21T19:44:58Z | stress_test | decision='migrar SAT-OPS-02' asset=SAT-OPS-02 severity=NO_CONFLICT conflict=False label=CONFIRMED DECISION policies=[]
2026-08-21T19:44:58Z | stress_test | decision='migrar SAT-COMMS-RELAY' asset=SAT-COMMS-RELAY severity=NO_CONFLICT conflict=False label=CONFIRMED DECISION policies=[]
2026-08-21T19:44:58Z | stress_test | decision='migrar API-GATEWAY-EDGE' asset=API-GATEWAY-EDGE severity=NO_CONFLICT conflict=False label=CONFIRMED DECISION policies=[]
2026-08-21T19:44:58Z | stress_test | decision='migrar API-GATEWAY-INTERNAL' asset=API-GATEWAY-INTERNAL severity=NO_CONFLICT conflict=False label=CONFIRMED DECISION policies=[]
2026-08-21T19:44:58Z | stress_test | decision='migrar IAM-WORKFORCE' asset=IAM-WORKFORCE severity=NO_CONFLICT conflict=False label=CONFIRMED DECISION policies=[]
2026-08-21T19:44:58Z | stress_test | decision='migrar PKI-EXTERNAL-CA' asset=PKI-EXTERNAL-CA severity=NO_CONFLICT conflict=False label=CONFIRMED DECISION policies=[]
2026-08-21T19:44:58Z | stress_test | decision='migrar KMS-CLOUD-PRIMARY' asset=KMS-CLOUD-PRIMARY severity=NO_CONFLICT conflict=False label=CONFIRMED DECISION policies=[]
2026-08-21T19:44:58Z | stress_test | decision='migrar BACKUP-VAULT-01' asset=BACKUP-VAULT-01 severity=NO_CONFLICT conflict=False label=CONFIRMED DECISION policies=[]
2026-08-21T19:44:58Z | stress_test | decision='migrar ERP-FINANCE' asset=ERP-FINANCE severity=NO_CONFLICT conflict=False label=CONFIRMED DECISION policies=[]
2026-08-21T19:44:58Z | stress_test | decision='migrar MOBILE-BANKING-APP' asset=MOBILE-BANKING-APP severity=NO_CONFLICT conflict=False label=CONFIRMED DECISION policies=[]
2026-08-21T19:44:58Z | stress_test | decision='migrar CODE-SIGNING-PROD' asset=CODE-SIGNING-PROD severity=CONFLICT conflict=True label=RECOMMENDED ALTERNATIVE policies=['P003']
2026-08-21T19:44:58Z | stress_test | decision='migrar FIRMWARE-SIGNING' asset=FIRMWARE-SIGNING severity=CONFLICT conflict=True label=RECOMMENDED ALTERNATIVE policies=['P003']
2026-08-21T19:44:58Z | stress_test | decision='migrar SIEM-CORE' asset=SIEM-CORE severity=NO_CONFLICT conflict=False label=CONFIRMED DECISION policies=[]
2026-08-21T19:44:58Z | stress_test | decision='migrar SOC-PLATFORM' asset=SOC-PLATFORM severity=NO_CONFLICT conflict=False label=CONFIRMED DECISION policies=[]
2026-08-21T19:44:58Z | stress_test | decision='migrar LOGGING-PIPELINE' asset=LOGGING-PIPELINE severity=NO_CONFLICT conflict=False label=CONFIRMED DECISION policies=[]
2026-08-21T19:44:58Z | stress_test | decision='migrar VPN-CORP-PRIMARY' asset=VPN-CORP-PRIMARY severity=NO_CONFLICT conflict=False label=CONFIRMED DECISION policies=[]
2026-08-21T19:44:58Z | stress_test | decision='migrar K8S-PROD-US' asset=K8S-PROD-US severity=NO_CONFLICT conflict=False label=CONFIRMED DECISION policies=[]
2026-08-21T19:44:58Z | stress_test | decision='migrar K8S-PROD-EU' asset=K8S-PROD-EU severity=NO_CONFLICT conflict=False label=CONFIRMED DECISION policies=[]
2026-08-21T19:44:58Z | stress_test | decision='migrar DB-MISSION-PRIMARY' asset=DB-MISSION-PRIMARY severity=NO_CONFLICT conflict=False label=CONFIRMED DECISION policies=[]
2026-08-21T19:44:58Z | stress_test | decision='migrar DB-PAYMENTS' asset=DB-PAYMENTS severity=NO_CONFLICT conflict=False label=CONFIRMED DECISION policies=[]
2026-08-21T19:44:58Z | stress_test | decision='migrar CUSTOMER-API' asset=CUSTOMER-API severity=NO_CONFLICT conflict=False label=CONFIRMED DECISION policies=[]
2026-08-21T19:44:58Z | stress_test | decision='migrar SECURE-COMMS-GW' asset=SECURE-COMMS-GW severity=NO_CONFLICT conflict=False label=CONFIRMED DECISION policies=[]
2026-08-21T19:44:58Z | stress_test | decision='migrar LAUNCH-AUTH' asset=LAUNCH-AUTH severity=NO_CONFLICT conflict=False label=CONFIRMED DECISION policies=[]
2026-08-21T19:44:58Z | stress_test | decision='migrar QA-IDENTITY' asset=QA-IDENTITY severity=NO_CONFLICT conflict=False label=CONFIRMED DECISION policies=[]
2026-08-21T19:44:58Z | stress_test | decision='migrar PARTNER-PORTAL' asset=PARTNER-PORTAL severity=NO_CONFLICT conflict=False label=CONFIRMED DECISION policies=[]
2026-08-21T19:44:58Z | stress_test | decision='migrar BILLING-ENGINE' asset=BILLING-ENGINE severity=NO_CONFLICT conflict=False label=CONFIRMED DECISION policies=[]
2026-08-21T19:44:58Z | stress_test | decision='migrar TREASURY-WORKSTATION' asset=TREASURY-WORKSTATION severity=NO_CONFLICT conflict=False label=CONFIRMED DECISION policies=[]
2026-08-21T19:44:58Z | stress_test | decision='migrar TELEMETRY-ARCHIVE' asset=TELEMETRY-ARCHIVE severity=NO_CONFLICT conflict=False label=CONFIRMED DECISION policies=[]
2026-08-21T19:44:58Z | stress_test | decision='migrar DATA-WAREHOUSE' asset=DATA-WAREHOUSE severity=NO_CONFLICT conflict=False label=CONFIRMED DECISION policies=[]
2026-08-21T19:44:58Z | stress_test | decision='migrar DEV-PORTAL' asset=DEV-PORTAL severity=NO_CONFLICT conflict=False label=CONFIRMED DECISION policies=[]
2026-08-21T19:44:58Z | stress_test | decision='migrar STAGING-K8S' asset=STAGING-K8S severity=NO_CONFLICT conflict=False label=CONFIRMED DECISION policies=[]
2026-08-21T19:44:58Z | stress_test | decision='migrar CLOUD-OBJ-STORE' asset=CLOUD-OBJ-STORE severity=NO_CONFLICT conflict=False label=CONFIRMED DECISION policies=[]
2026-08-21T19:44:58Z | stress_test | decision='migrar DNS-INTERNAL' asset=DNS-INTERNAL severity=NO_CONFLICT conflict=False label=CONFIRMED DECISION policies=[]
2026-08-21T19:44:58Z | stress_test | decision='migrar REGION-LB-EU' asset=REGION-LB-EU severity=NO_CONFLICT conflict=False label=CONFIRMED DECISION policies=[]
2026-08-21T19:44:58Z | stress_test | decision='migrar REGION-LB-US' asset=REGION-LB-US severity=NO_CONFLICT conflict=False label=CONFIRMED DECISION policies=[]
2026-08-21T19:44:58Z | stress_test | decision='migrar GUEST-NETWORK-PORTAL' asset=GUEST-NETWORK-PORTAL severity=NO_CONFLICT conflict=False label=CONFIRMED DECISION policies=[]
2026-08-21T19:44:58Z | stress_test | decision='migrar LEGACY-VPN-EU' asset=LEGACY-VPN-EU severity=NO_CONFLICT conflict=False label=CONFIRMED DECISION policies=[]
2026-08-21T19:44:58Z | stress_test | decision='migrar LEGACY-PKI-01' asset=LEGACY-PKI-01 severity=NO_CONFLICT conflict=False label=CONFIRMED DECISION policies=[]
2026-08-21T19:44:58Z | stress_test | decision='migrar LEGACY-ERP-02' asset=LEGACY-ERP-02 severity=CONFLICT conflict=True label=RECOMMENDED ALTERNATIVE policies=['P003']
2026-08-21T19:44:58Z | stress_test | decision='migrar LEGACY-MANUFACTURING' asset=LEGACY-MANUFACTURING severity=NO_CONFLICT conflict=False label=CONFIRMED DECISION policies=[]
2026-08-21T19:44:58Z | stress_test | decision='migrar LEGACY-RADIUS' asset=LEGACY-RADIUS severity=NO_CONFLICT conflict=False label=CONFIRMED DECISION policies=[]
2026-08-21T19:44:58Z | stress_test | decision='migrar LEGACY-BACKUP-TAPE' asset=LEGACY-BACKUP-TAPE severity=NO_CONFLICT conflict=False label=CONFIRMED DECISION policies=[]
2026-08-21T19:44:58Z | stress_test | decision='migrar GIT-INFRA' asset=GIT-INFRA severity=NO_CONFLICT conflict=False label=CONFIRMED DECISION policies=[]
2026-08-21T19:44:58Z | stress_test | decision='migrar MFG-CONTROL-01' asset=MFG-CONTROL-01 severity=NO_CONFLICT conflict=False label=CONFIRMED DECISION policies=[]
2026-08-21T19:44:58Z | stress_test | decision='migrar PQC-PILOT-DSA' asset=PQC-PILOT-DSA severity=NO_CONFLICT conflict=False label=CONFIRMED DECISION policies=[]
2026-08-21T19:44:58Z | stress_test | decision='migrar PQC-PILOT-KEM' asset=PQC-PILOT-KEM severity=NO_CONFLICT conflict=False label=CONFIRMED DECISION policies=[]
2026-08-21T19:44:58Z | stress_test | decision='migrar ASSET-071' asset=ASSET-071 severity=NO_CONFLICT conflict=False label=CONFIRMED DECISION policies=[]
2026-08-21T19:44:58Z | stress_test | decision='migrar HR-PORTAL' asset=HR-PORTAL severity=NO_CONFLICT conflict=False label=CONFIRMED DECISION policies=[]
2026-08-21T19:44:58Z | stress_test | decision='migrar HR-DATABASE' asset=HR-DATABASE severity=NO_CONFLICT conflict=False label=CONFIRMED DECISION policies=[]
2026-08-21T19:44:58Z | stress_test | decision='migrar CICD-RUNNERS' asset=CICD-RUNNERS severity=NO_CONFLICT conflict=False label=CONFIRMED DECISION policies=[]
2026-08-21T19:44:58Z | stress_test | decision='migrar MONITORING-STACK' asset=MONITORING-STACK severity=NO_CONFLICT conflict=False label=CONFIRMED DECISION policies=[]
2026-08-21T19:44:58Z | stress_test | decision='migrar COLLAB-SUITE' asset=COLLAB-SUITE severity=NO_CONFLICT conflict=False label=CONFIRMED DECISION policies=[]
2026-08-21T19:44:58Z | stress_test | decision='migrar FILE-SHARE-GLOBAL' asset=FILE-SHARE-GLOBAL severity=NO_CONFLICT conflict=False label=CONFIRMED DECISION policies=[]
2026-08-21T19:44:58Z | stress_test | decision='migrar MFG-CONTROL-02' asset=MFG-CONTROL-02 severity=NO_CONFLICT conflict=False label=CONFIRMED DECISION policies=[]
2026-08-21T19:44:58Z | stress_test | decision='migrar SUPPLY-CHAIN-API' asset=SUPPLY-CHAIN-API severity=NO_CONFLICT conflict=False label=CONFIRMED DECISION policies=[]
2026-08-21T19:44:58Z | stress_test | decision='migrar EMAIL-GATEWAY' asset=EMAIL-GATEWAY severity=NO_CONFLICT conflict=False label=CONFIRMED DECISION policies=[]
2026-08-21T19:44:58Z | stress_test | decision='migrar ASSET-MGMT' asset=ASSET-MGMT severity=NO_CONFLICT conflict=False label=CONFIRMED DECISION policies=[]
2026-08-21T19:44:58Z | stress_test | decision='migrar TIME-SYNC' asset=TIME-SYNC severity=NO_CONFLICT conflict=False label=CONFIRMED DECISION policies=[]
2026-08-21T19:44:58Z | stress_test | decision='migrar LAB-WIFI-CONTROLLER' asset=LAB-WIFI-CONTROLLER severity=NO_CONFLICT conflict=False label=CONFIRMED DECISION policies=[]
2026-08-21T19:44:58Z | stress_test | decision='migrar DEMO-ENV-PORTAL' asset=DEMO-ENV-PORTAL severity=NO_CONFLICT conflict=False label=CONFIRMED DECISION policies=[]
2026-08-21T19:44:58Z | stress_test | decision='migrar TRAINING-SIMULATOR' asset=TRAINING-SIMULATOR severity=NO_CONFLICT conflict=False label=CONFIRMED DECISION policies=[]
2026-08-21T19:44:58Z | stress_test | decision='migrar PRINT-SERVER-HQ' asset=PRINT-SERVER-HQ severity=NO_CONFLICT conflict=False label=CONFIRMED DECISION policies=[]
2026-08-21T19:44:58Z | stress_test | decision='migrar ASSET-042' asset=ASSET-042 severity=NO_CONFLICT conflict=False label=CONFIRMED DECISION policies=[]
2026-08-21T19:44:58Z | stress_test | decision='migrar ASSET-057' asset=ASSET-057 severity=NO_CONFLICT conflict=False label=CONFIRMED DECISION policies=[]
2026-08-21T19:44:58Z | stress_test | decision='migrar ASSET-063' asset=ASSET-063 severity=NO_CONFLICT conflict=False label=CONFIRMED DECISION policies=[]
2026-08-21T19:44:58Z | stress_test | decision='migrar APAC-SG' asset=APAC-SG severity=NO_CONFLICT conflict=False label=CONFIRMED DECISION policies=[]
2026-08-21T19:44:58Z | stress_test | decision='migrar NG-07' asset=NG-07 severity=NO_CONFLICT conflict=False label=CONFIRMED DECISION policies=[]
2026-08-21T19:44:58Z | stress_test | decision='migrar MISSION-CONTROL' asset=MISSION-CONTROL severity=CONFLICT conflict=True label=RECOMMENDED ALTERNATIVE policies=['P002', 'P003', 'P008']
2026-08-21T19:44:58Z | stress_test | decision='migrar PAYMENTS-CORE' asset=PAYMENTS-CORE severity=NO_CONFLICT conflict=False label=CONFIRMED DECISION policies=[]
2026-08-21T19:44:58Z | stress_test | decision='migrar FLIGHT-DATA' asset=FLIGHT-DATA severity=NO_CONFLICT conflict=False label=CONFIRMED DECISION policies=[]
2026-08-21T19:44:58Z | stress_test | decision='migrar SECURITY-SIEM' asset=SECURITY-SIEM severity=NO_CONFLICT conflict=False label=CONFIRMED DECISION policies=[]
2026-08-21T19:44:58Z | stress_test | decision='migrar LEGACY-FTP' asset=LEGACY-FTP severity=NO_CONFLICT conflict=False label=CONFIRMED DECISION policies=[]
2026-08-21T19:58:25Z | stress_test | decision='migrar PKI-INTERMEDIATE' asset=PKI-INTERMEDIATE severity=NO_CONFLICT conflict=False label=CONFIRMED DECISION policies=[]
2026-08-21T19:58:36Z | stress_test | decision='migrar IDENTITY-CORE' asset=IDENTITY-CORE severity=CONFLICT conflict=True label=RECOMMENDED ALTERNATIVE policies=['P003']
2026-08-21T19:58:36Z | stress_test | decision='migrar SSO-GLOBAL' asset=SSO-GLOBAL severity=NO_CONFLICT conflict=False label=CONFIRMED DECISION policies=[]
2026-08-21T19:58:36Z | stress_test | decision='migrar PKI-ROOT' asset=PKI-ROOT severity=NO_CONFLICT conflict=False label=CONFIRMED DECISION policies=[]
2026-08-21T19:58:36Z | stress_test | decision='migrar PKI-INTERMEDIATE' asset=PKI-INTERMEDIATE severity=NO_CONFLICT conflict=False label=CONFIRMED DECISION policies=[]
2026-08-21T19:58:36Z | stress_test | decision='migrar HSM-CLUSTER-US' asset=HSM-CLUSTER-US severity=NO_CONFLICT conflict=False label=CONFIRMED DECISION policies=[]
2026-08-21T19:58:36Z | stress_test | decision='migrar HSM-CLUSTER-EU' asset=HSM-CLUSTER-EU severity=NO_CONFLICT conflict=False label=CONFIRMED DECISION policies=[]
2026-08-21T19:58:36Z | stress_test | decision='migrar PAYMENT-CORE' asset=PAYMENT-CORE severity=NO_CONFLICT conflict=False label=CONFIRMED DECISION policies=[]
2026-08-21T19:58:36Z | stress_test | decision='migrar COMMAND-SIGNING' asset=COMMAND-SIGNING severity=NO_CONFLICT conflict=False label=CONFIRMED DECISION policies=[]
2026-08-21T19:58:36Z | stress_test | decision='migrar SAT-OPS-01' asset=SAT-OPS-01 severity=CONFLICT conflict=True label=RECOMMENDED ALTERNATIVE policies=['P002', 'P008']
2026-08-21T19:58:36Z | stress_test | decision='migrar GROUND-STATION-EU' asset=GROUND-STATION-EU severity=NO_CONFLICT conflict=False label=CONFIRMED DECISION policies=[]
2026-08-21T19:58:36Z | stress_test | decision='migrar CUSTOMER-PORTAL' asset=CUSTOMER-PORTAL severity=CONFLICT conflict=True label=RECOMMENDED ALTERNATIVE policies=['P003']
2026-08-21T19:58:36Z | stress_test | decision='migrar TELEMETRY-BUS' asset=TELEMETRY-BUS severity=NO_CONFLICT conflict=False label=CONFIRMED DECISION policies=[]
2026-08-21T19:58:36Z | stress_test | decision='migrar DATA-LAKE-01' asset=DATA-LAKE-01 severity=NO_CONFLICT conflict=False label=CONFIRMED DECISION policies=[]
2026-08-21T19:58:36Z | stress_test | decision='migrar GROUND-STATION-US' asset=GROUND-STATION-US severity=NO_CONFLICT conflict=False label=CONFIRMED DECISION policies=[]
2026-08-21T19:58:36Z | stress_test | decision='migrar GROUND-STATION-APAC' asset=GROUND-STATION-APAC severity=NO_CONFLICT conflict=False label=CONFIRMED DECISION policies=[]
2026-08-21T19:58:36Z | stress_test | decision='migrar SAT-OPS-02' asset=SAT-OPS-02 severity=NO_CONFLICT conflict=False label=CONFIRMED DECISION policies=[]
2026-08-21T19:58:36Z | stress_test | decision='migrar SAT-COMMS-RELAY' asset=SAT-COMMS-RELAY severity=NO_CONFLICT conflict=False label=CONFIRMED DECISION policies=[]
2026-08-21T19:58:36Z | stress_test | decision='migrar API-GATEWAY-EDGE' asset=API-GATEWAY-EDGE severity=NO_CONFLICT conflict=False label=CONFIRMED DECISION policies=[]
2026-08-21T19:58:36Z | stress_test | decision='migrar API-GATEWAY-INTERNAL' asset=API-GATEWAY-INTERNAL severity=NO_CONFLICT conflict=False label=CONFIRMED DECISION policies=[]
2026-08-21T19:58:36Z | stress_test | decision='migrar IAM-WORKFORCE' asset=IAM-WORKFORCE severity=NO_CONFLICT conflict=False label=CONFIRMED DECISION policies=[]
2026-08-21T19:58:36Z | stress_test | decision='migrar PKI-EXTERNAL-CA' asset=PKI-EXTERNAL-CA severity=NO_CONFLICT conflict=False label=CONFIRMED DECISION policies=[]
2026-08-21T19:58:36Z | stress_test | decision='migrar KMS-CLOUD-PRIMARY' asset=KMS-CLOUD-PRIMARY severity=NO_CONFLICT conflict=False label=CONFIRMED DECISION policies=[]
2026-08-21T19:58:36Z | stress_test | decision='migrar BACKUP-VAULT-01' asset=BACKUP-VAULT-01 severity=NO_CONFLICT conflict=False label=CONFIRMED DECISION policies=[]
2026-08-21T19:58:36Z | stress_test | decision='migrar ERP-FINANCE' asset=ERP-FINANCE severity=NO_CONFLICT conflict=False label=CONFIRMED DECISION policies=[]
2026-08-21T19:58:36Z | stress_test | decision='migrar MOBILE-BANKING-APP' asset=MOBILE-BANKING-APP severity=NO_CONFLICT conflict=False label=CONFIRMED DECISION policies=[]
2026-08-21T19:58:36Z | stress_test | decision='migrar CODE-SIGNING-PROD' asset=CODE-SIGNING-PROD severity=CONFLICT conflict=True label=RECOMMENDED ALTERNATIVE policies=['P003']
2026-08-21T19:58:36Z | stress_test | decision='migrar FIRMWARE-SIGNING' asset=FIRMWARE-SIGNING severity=CONFLICT conflict=True label=RECOMMENDED ALTERNATIVE policies=['P003']
2026-08-21T19:58:36Z | stress_test | decision='migrar SIEM-CORE' asset=SIEM-CORE severity=NO_CONFLICT conflict=False label=CONFIRMED DECISION policies=[]
2026-08-21T19:58:36Z | stress_test | decision='migrar SOC-PLATFORM' asset=SOC-PLATFORM severity=NO_CONFLICT conflict=False label=CONFIRMED DECISION policies=[]
2026-08-21T19:58:36Z | stress_test | decision='migrar LOGGING-PIPELINE' asset=LOGGING-PIPELINE severity=NO_CONFLICT conflict=False label=CONFIRMED DECISION policies=[]
2026-08-21T19:58:36Z | stress_test | decision='migrar VPN-CORP-PRIMARY' asset=VPN-CORP-PRIMARY severity=NO_CONFLICT conflict=False label=CONFIRMED DECISION policies=[]
2026-08-21T19:58:36Z | stress_test | decision='migrar K8S-PROD-US' asset=K8S-PROD-US severity=NO_CONFLICT conflict=False label=CONFIRMED DECISION policies=[]
2026-08-21T19:58:36Z | stress_test | decision='migrar K8S-PROD-EU' asset=K8S-PROD-EU severity=NO_CONFLICT conflict=False label=CONFIRMED DECISION policies=[]
2026-08-21T19:58:36Z | stress_test | decision='migrar DB-MISSION-PRIMARY' asset=DB-MISSION-PRIMARY severity=NO_CONFLICT conflict=False label=CONFIRMED DECISION policies=[]
2026-08-21T19:58:36Z | stress_test | decision='migrar DB-PAYMENTS' asset=DB-PAYMENTS severity=NO_CONFLICT conflict=False label=CONFIRMED DECISION policies=[]
2026-08-21T19:58:36Z | stress_test | decision='migrar CUSTOMER-API' asset=CUSTOMER-API severity=NO_CONFLICT conflict=False label=CONFIRMED DECISION policies=[]
2026-08-21T19:58:36Z | stress_test | decision='migrar SECURE-COMMS-GW' asset=SECURE-COMMS-GW severity=NO_CONFLICT conflict=False label=CONFIRMED DECISION policies=[]
2026-08-21T19:58:36Z | stress_test | decision='migrar LAUNCH-AUTH' asset=LAUNCH-AUTH severity=NO_CONFLICT conflict=False label=CONFIRMED DECISION policies=[]
2026-08-21T19:58:36Z | stress_test | decision='migrar QA-IDENTITY' asset=QA-IDENTITY severity=NO_CONFLICT conflict=False label=CONFIRMED DECISION policies=[]
2026-08-21T19:58:36Z | stress_test | decision='migrar PARTNER-PORTAL' asset=PARTNER-PORTAL severity=NO_CONFLICT conflict=False label=CONFIRMED DECISION policies=[]
2026-08-21T19:58:36Z | stress_test | decision='migrar BILLING-ENGINE' asset=BILLING-ENGINE severity=NO_CONFLICT conflict=False label=CONFIRMED DECISION policies=[]
2026-08-21T19:58:36Z | stress_test | decision='migrar TREASURY-WORKSTATION' asset=TREASURY-WORKSTATION severity=NO_CONFLICT conflict=False label=CONFIRMED DECISION policies=[]
2026-08-21T19:58:36Z | stress_test | decision='migrar TELEMETRY-ARCHIVE' asset=TELEMETRY-ARCHIVE severity=NO_CONFLICT conflict=False label=CONFIRMED DECISION policies=[]
2026-08-21T19:58:36Z | stress_test | decision='migrar DATA-WAREHOUSE' asset=DATA-WAREHOUSE severity=NO_CONFLICT conflict=False label=CONFIRMED DECISION policies=[]
2026-08-21T19:58:36Z | stress_test | decision='migrar DEV-PORTAL' asset=DEV-PORTAL severity=NO_CONFLICT conflict=False label=CONFIRMED DECISION policies=[]
2026-08-21T19:58:36Z | stress_test | decision='migrar STAGING-K8S' asset=STAGING-K8S severity=NO_CONFLICT conflict=False label=CONFIRMED DECISION policies=[]
2026-08-21T19:58:36Z | stress_test | decision='migrar CLOUD-OBJ-STORE' asset=CLOUD-OBJ-STORE severity=NO_CONFLICT conflict=False label=CONFIRMED DECISION policies=[]
2026-08-21T19:58:36Z | stress_test | decision='migrar DNS-INTERNAL' asset=DNS-INTERNAL severity=NO_CONFLICT conflict=False label=CONFIRMED DECISION policies=[]
2026-08-21T19:58:36Z | stress_test | decision='migrar REGION-LB-EU' asset=REGION-LB-EU severity=NO_CONFLICT conflict=False label=CONFIRMED DECISION policies=[]
2026-08-21T19:58:36Z | stress_test | decision='migrar REGION-LB-US' asset=REGION-LB-US severity=NO_CONFLICT conflict=False label=CONFIRMED DECISION policies=[]
2026-08-21T19:58:36Z | stress_test | decision='migrar GUEST-NETWORK-PORTAL' asset=GUEST-NETWORK-PORTAL severity=NO_CONFLICT conflict=False label=CONFIRMED DECISION policies=[]
2026-08-21T19:58:36Z | stress_test | decision='migrar LEGACY-VPN-EU' asset=LEGACY-VPN-EU severity=NO_CONFLICT conflict=False label=CONFIRMED DECISION policies=[]
2026-08-21T19:58:36Z | stress_test | decision='migrar LEGACY-PKI-01' asset=LEGACY-PKI-01 severity=NO_CONFLICT conflict=False label=CONFIRMED DECISION policies=[]
2026-08-21T19:58:36Z | stress_test | decision='migrar LEGACY-ERP-02' asset=LEGACY-ERP-02 severity=CONFLICT conflict=True label=RECOMMENDED ALTERNATIVE policies=['P003']
2026-08-21T19:58:36Z | stress_test | decision='migrar LEGACY-MANUFACTURING' asset=LEGACY-MANUFACTURING severity=NO_CONFLICT conflict=False label=CONFIRMED DECISION policies=[]
2026-08-21T19:58:36Z | stress_test | decision='migrar LEGACY-RADIUS' asset=LEGACY-RADIUS severity=NO_CONFLICT conflict=False label=CONFIRMED DECISION policies=[]
2026-08-21T19:58:36Z | stress_test | decision='migrar LEGACY-BACKUP-TAPE' asset=LEGACY-BACKUP-TAPE severity=NO_CONFLICT conflict=False label=CONFIRMED DECISION policies=[]
2026-08-21T19:58:36Z | stress_test | decision='migrar GIT-INFRA' asset=GIT-INFRA severity=NO_CONFLICT conflict=False label=CONFIRMED DECISION policies=[]
2026-08-21T19:58:36Z | stress_test | decision='migrar MFG-CONTROL-01' asset=MFG-CONTROL-01 severity=NO_CONFLICT conflict=False label=CONFIRMED DECISION policies=[]
2026-08-21T19:58:36Z | stress_test | decision='migrar PQC-PILOT-DSA' asset=PQC-PILOT-DSA severity=NO_CONFLICT conflict=False label=CONFIRMED DECISION policies=[]
2026-08-21T19:58:36Z | stress_test | decision='migrar PQC-PILOT-KEM' asset=PQC-PILOT-KEM severity=NO_CONFLICT conflict=False label=CONFIRMED DECISION policies=[]
2026-08-21T19:58:36Z | stress_test | decision='migrar ASSET-071' asset=ASSET-071 severity=NO_CONFLICT conflict=False label=CONFIRMED DECISION policies=[]
2026-08-21T19:58:36Z | stress_test | decision='migrar HR-PORTAL' asset=HR-PORTAL severity=NO_CONFLICT conflict=False label=CONFIRMED DECISION policies=[]
2026-08-21T19:58:36Z | stress_test | decision='migrar HR-DATABASE' asset=HR-DATABASE severity=NO_CONFLICT conflict=False label=CONFIRMED DECISION policies=[]
2026-08-21T19:58:36Z | stress_test | decision='migrar CICD-RUNNERS' asset=CICD-RUNNERS severity=NO_CONFLICT conflict=False label=CONFIRMED DECISION policies=[]
2026-08-21T19:58:36Z | stress_test | decision='migrar MONITORING-STACK' asset=MONITORING-STACK severity=NO_CONFLICT conflict=False label=CONFIRMED DECISION policies=[]
2026-08-21T19:58:36Z | stress_test | decision='migrar COLLAB-SUITE' asset=COLLAB-SUITE severity=NO_CONFLICT conflict=False label=CONFIRMED DECISION policies=[]
2026-08-21T19:58:36Z | stress_test | decision='migrar FILE-SHARE-GLOBAL' asset=FILE-SHARE-GLOBAL severity=NO_CONFLICT conflict=False label=CONFIRMED DECISION policies=[]
2026-08-21T19:58:36Z | stress_test | decision='migrar MFG-CONTROL-02' asset=MFG-CONTROL-02 severity=NO_CONFLICT conflict=False label=CONFIRMED DECISION policies=[]
2026-08-21T19:58:36Z | stress_test | decision='migrar SUPPLY-CHAIN-API' asset=SUPPLY-CHAIN-API severity=NO_CONFLICT conflict=False label=CONFIRMED DECISION policies=[]
2026-08-21T19:58:36Z | stress_test | decision='migrar EMAIL-GATEWAY' asset=EMAIL-GATEWAY severity=NO_CONFLICT conflict=False label=CONFIRMED DECISION policies=[]
2026-08-21T19:58:36Z | stress_test | decision='migrar ASSET-MGMT' asset=ASSET-MGMT severity=NO_CONFLICT conflict=False label=CONFIRMED DECISION policies=[]
2026-08-21T19:58:36Z | stress_test | decision='migrar TIME-SYNC' asset=TIME-SYNC severity=NO_CONFLICT conflict=False label=CONFIRMED DECISION policies=[]
2026-08-21T19:58:36Z | stress_test | decision='migrar LAB-WIFI-CONTROLLER' asset=LAB-WIFI-CONTROLLER severity=NO_CONFLICT conflict=False label=CONFIRMED DECISION policies=[]
2026-08-21T19:58:36Z | stress_test | decision='migrar DEMO-ENV-PORTAL' asset=DEMO-ENV-PORTAL severity=NO_CONFLICT conflict=False label=CONFIRMED DECISION policies=[]
2026-08-21T19:58:36Z | stress_test | decision='migrar TRAINING-SIMULATOR' asset=TRAINING-SIMULATOR severity=NO_CONFLICT conflict=False label=CONFIRMED DECISION policies=[]
2026-08-21T19:58:36Z | stress_test | decision='migrar PRINT-SERVER-HQ' asset=PRINT-SERVER-HQ severity=NO_CONFLICT conflict=False label=CONFIRMED DECISION policies=[]
2026-08-21T19:58:36Z | stress_test | decision='migrar ASSET-042' asset=ASSET-042 severity=NO_CONFLICT conflict=False label=CONFIRMED DECISION policies=[]
2026-08-21T19:58:36Z | stress_test | decision='migrar ASSET-057' asset=ASSET-057 severity=NO_CONFLICT conflict=False label=CONFIRMED DECISION policies=[]
2026-08-21T19:58:36Z | stress_test | decision='migrar ASSET-063' asset=ASSET-063 severity=NO_CONFLICT conflict=False label=CONFIRMED DECISION policies=[]
2026-08-21T19:58:36Z | stress_test | decision='migrar APAC-SG' asset=APAC-SG severity=NO_CONFLICT conflict=False label=CONFIRMED DECISION policies=[]
2026-08-21T19:58:36Z | stress_test | decision='migrar NG-07' asset=NG-07 severity=NO_CONFLICT conflict=False label=CONFIRMED DECISION policies=[]
2026-08-21T19:58:36Z | stress_test | decision='migrar MISSION-CONTROL' asset=MISSION-CONTROL severity=CONFLICT conflict=True label=RECOMMENDED ALTERNATIVE policies=['P002', 'P003', 'P008']
2026-08-21T19:58:36Z | stress_test | decision='migrar PAYMENTS-CORE' asset=PAYMENTS-CORE severity=NO_CONFLICT conflict=False label=CONFIRMED DECISION policies=[]
2026-08-21T19:58:36Z | stress_test | decision='migrar FLIGHT-DATA' asset=FLIGHT-DATA severity=NO_CONFLICT conflict=False label=CONFIRMED DECISION policies=[]
2026-08-21T19:58:36Z | stress_test | decision='migrar SECURITY-SIEM' asset=SECURITY-SIEM severity=NO_CONFLICT conflict=False label=CONFIRMED DECISION policies=[]
2026-08-21T19:58:36Z | stress_test | decision='migrar LEGACY-FTP' asset=LEGACY-FTP severity=NO_CONFLICT conflict=False label=CONFIRMED DECISION policies=[]
2026-08-21T19:58:36Z | stress_test | decision='migrar IDENTITY-CORE' asset=IDENTITY-CORE severity=CONFLICT conflict=True label=RECOMMENDED ALTERNATIVE policies=['P003']
2026-08-21T19:58:36Z | stress_test | decision='migrar SSO-GLOBAL' asset=SSO-GLOBAL severity=NO_CONFLICT conflict=False label=CONFIRMED DECISION policies=[]
2026-08-21T19:58:36Z | stress_test | decision='migrar PKI-ROOT' asset=PKI-ROOT severity=NO_CONFLICT conflict=False label=CONFIRMED DECISION policies=[]
2026-08-21T19:58:36Z | stress_test | decision='migrar PKI-INTERMEDIATE' asset=PKI-INTERMEDIATE severity=NO_CONFLICT conflict=False label=CONFIRMED DECISION policies=[]
2026-08-21T19:58:36Z | stress_test | decision='migrar HSM-CLUSTER-US' asset=HSM-CLUSTER-US severity=NO_CONFLICT conflict=False label=CONFIRMED DECISION policies=[]
2026-08-21T19:58:36Z | stress_test | decision='migrar HSM-CLUSTER-EU' asset=HSM-CLUSTER-EU severity=NO_CONFLICT conflict=False label=CONFIRMED DECISION policies=[]
2026-08-21T19:58:36Z | stress_test | decision='migrar PAYMENT-CORE' asset=PAYMENT-CORE severity=NO_CONFLICT conflict=False label=CONFIRMED DECISION policies=[]
2026-08-21T19:58:36Z | stress_test | decision='migrar COMMAND-SIGNING' asset=COMMAND-SIGNING severity=NO_CONFLICT conflict=False label=CONFIRMED DECISION policies=[]
2026-08-21T19:58:36Z | stress_test | decision='migrar SAT-OPS-01' asset=SAT-OPS-01 severity=CONFLICT conflict=True label=RECOMMENDED ALTERNATIVE policies=['P002', 'P008']
2026-08-21T19:58:36Z | stress_test | decision='migrar GROUND-STATION-EU' asset=GROUND-STATION-EU severity=NO_CONFLICT conflict=False label=CONFIRMED DECISION policies=[]
2026-08-21T19:58:36Z | stress_test | decision='migrar CUSTOMER-PORTAL' asset=CUSTOMER-PORTAL severity=CONFLICT conflict=True label=RECOMMENDED ALTERNATIVE policies=['P003']
2026-08-21T19:58:36Z | stress_test | decision='migrar TELEMETRY-BUS' asset=TELEMETRY-BUS severity=NO_CONFLICT conflict=False label=CONFIRMED DECISION policies=[]
2026-08-21T19:58:36Z | stress_test | decision='migrar DATA-LAKE-01' asset=DATA-LAKE-01 severity=NO_CONFLICT conflict=False label=CONFIRMED DECISION policies=[]
2026-08-21T19:58:36Z | stress_test | decision='migrar GROUND-STATION-US' asset=GROUND-STATION-US severity=NO_CONFLICT conflict=False label=CONFIRMED DECISION policies=[]
2026-08-21T19:58:36Z | stress_test | decision='migrar GROUND-STATION-APAC' asset=GROUND-STATION-APAC severity=NO_CONFLICT conflict=False label=CONFIRMED DECISION policies=[]
2026-08-21T19:58:36Z | stress_test | decision='migrar SAT-OPS-02' asset=SAT-OPS-02 severity=NO_CONFLICT conflict=False label=CONFIRMED DECISION policies=[]
2026-08-21T19:58:36Z | stress_test | decision='migrar SAT-COMMS-RELAY' asset=SAT-COMMS-RELAY severity=NO_CONFLICT conflict=False label=CONFIRMED DECISION policies=[]
2026-08-21T19:58:36Z | stress_test | decision='migrar API-GATEWAY-EDGE' asset=API-GATEWAY-EDGE severity=NO_CONFLICT conflict=False label=CONFIRMED DECISION policies=[]
2026-08-21T19:58:36Z | stress_test | decision='migrar API-GATEWAY-INTERNAL' asset=API-GATEWAY-INTERNAL severity=NO_CONFLICT conflict=False label=CONFIRMED DECISION policies=[]
2026-08-21T19:58:36Z | stress_test | decision='migrar IAM-WORKFORCE' asset=IAM-WORKFORCE severity=NO_CONFLICT conflict=False label=CONFIRMED DECISION policies=[]
2026-08-21T19:58:36Z | stress_test | decision='migrar PKI-EXTERNAL-CA' asset=PKI-EXTERNAL-CA severity=NO_CONFLICT conflict=False label=CONFIRMED DECISION policies=[]
2026-08-21T19:58:36Z | stress_test | decision='migrar KMS-CLOUD-PRIMARY' asset=KMS-CLOUD-PRIMARY severity=NO_CONFLICT conflict=False label=CONFIRMED DECISION policies=[]
2026-08-21T19:58:36Z | stress_test | decision='migrar BACKUP-VAULT-01' asset=BACKUP-VAULT-01 severity=NO_CONFLICT conflict=False label=CONFIRMED DECISION policies=[]
2026-08-21T19:58:36Z | stress_test | decision='migrar ERP-FINANCE' asset=ERP-FINANCE severity=NO_CONFLICT conflict=False label=CONFIRMED DECISION policies=[]
2026-08-21T19:58:36Z | stress_test | decision='migrar MOBILE-BANKING-APP' asset=MOBILE-BANKING-APP severity=NO_CONFLICT conflict=False label=CONFIRMED DECISION policies=[]
2026-08-21T19:58:36Z | stress_test | decision='migrar CODE-SIGNING-PROD' asset=CODE-SIGNING-PROD severity=CONFLICT conflict=True label=RECOMMENDED ALTERNATIVE policies=['P003']
2026-08-21T19:58:36Z | stress_test | decision='migrar FIRMWARE-SIGNING' asset=FIRMWARE-SIGNING severity=CONFLICT conflict=True label=RECOMMENDED ALTERNATIVE policies=['P003']
2026-08-21T19:58:36Z | stress_test | decision='migrar SIEM-CORE' asset=SIEM-CORE severity=NO_CONFLICT conflict=False label=CONFIRMED DECISION policies=[]
2026-08-21T19:58:36Z | stress_test | decision='migrar SOC-PLATFORM' asset=SOC-PLATFORM severity=NO_CONFLICT conflict=False label=CONFIRMED DECISION policies=[]
2026-08-21T19:58:36Z | stress_test | decision='migrar LOGGING-PIPELINE' asset=LOGGING-PIPELINE severity=NO_CONFLICT conflict=False label=CONFIRMED DECISION policies=[]
2026-08-21T19:58:36Z | stress_test | decision='migrar VPN-CORP-PRIMARY' asset=VPN-CORP-PRIMARY severity=NO_CONFLICT conflict=False label=CONFIRMED DECISION policies=[]
2026-08-21T19:58:36Z | stress_test | decision='migrar K8S-PROD-US' asset=K8S-PROD-US severity=NO_CONFLICT conflict=False label=CONFIRMED DECISION policies=[]
2026-08-21T19:58:36Z | stress_test | decision='migrar K8S-PROD-EU' asset=K8S-PROD-EU severity=NO_CONFLICT conflict=False label=CONFIRMED DECISION policies=[]
2026-08-21T19:58:36Z | stress_test | decision='migrar DB-MISSION-PRIMARY' asset=DB-MISSION-PRIMARY severity=NO_CONFLICT conflict=False label=CONFIRMED DECISION policies=[]
2026-08-21T19:58:36Z | stress_test | decision='migrar DB-PAYMENTS' asset=DB-PAYMENTS severity=NO_CONFLICT conflict=False label=CONFIRMED DECISION policies=[]
2026-08-21T19:58:36Z | stress_test | decision='migrar CUSTOMER-API' asset=CUSTOMER-API severity=NO_CONFLICT conflict=False label=CONFIRMED DECISION policies=[]
2026-08-21T19:58:36Z | stress_test | decision='migrar SECURE-COMMS-GW' asset=SECURE-COMMS-GW severity=NO_CONFLICT conflict=False label=CONFIRMED DECISION policies=[]
2026-08-21T19:58:36Z | stress_test | decision='migrar LAUNCH-AUTH' asset=LAUNCH-AUTH severity=NO_CONFLICT conflict=False label=CONFIRMED DECISION policies=[]
2026-08-21T19:58:36Z | stress_test | decision='migrar QA-IDENTITY' asset=QA-IDENTITY severity=NO_CONFLICT conflict=False label=CONFIRMED DECISION policies=[]
2026-08-21T19:58:36Z | stress_test | decision='migrar PARTNER-PORTAL' asset=PARTNER-PORTAL severity=NO_CONFLICT conflict=False label=CONFIRMED DECISION policies=[]
2026-08-21T19:58:36Z | stress_test | decision='migrar BILLING-ENGINE' asset=BILLING-ENGINE severity=NO_CONFLICT conflict=False label=CONFIRMED DECISION policies=[]
2026-08-21T19:58:36Z | stress_test | decision='migrar TREASURY-WORKSTATION' asset=TREASURY-WORKSTATION severity=NO_CONFLICT conflict=False label=CONFIRMED DECISION policies=[]
2026-08-21T19:58:36Z | stress_test | decision='migrar TELEMETRY-ARCHIVE' asset=TELEMETRY-ARCHIVE severity=NO_CONFLICT conflict=False label=CONFIRMED DECISION policies=[]
2026-08-21T19:58:36Z | stress_test | decision='migrar DATA-WAREHOUSE' asset=DATA-WAREHOUSE severity=NO_CONFLICT conflict=False label=CONFIRMED DECISION policies=[]
2026-08-21T19:58:36Z | stress_test | decision='migrar DEV-PORTAL' asset=DEV-PORTAL severity=NO_CONFLICT conflict=False label=CONFIRMED DECISION policies=[]
2026-08-21T19:58:36Z | stress_test | decision='migrar STAGING-K8S' asset=STAGING-K8S severity=NO_CONFLICT conflict=False label=CONFIRMED DECISION policies=[]
2026-08-21T19:58:36Z | stress_test | decision='migrar CLOUD-OBJ-STORE' asset=CLOUD-OBJ-STORE severity=NO_CONFLICT conflict=False label=CONFIRMED DECISION policies=[]
2026-08-21T19:58:36Z | stress_test | decision='migrar DNS-INTERNAL' asset=DNS-INTERNAL severity=NO_CONFLICT conflict=False label=CONFIRMED DECISION policies=[]
2026-08-21T19:58:36Z | stress_test | decision='migrar REGION-LB-EU' asset=REGION-LB-EU severity=NO_CONFLICT conflict=False label=CONFIRMED DECISION policies=[]
2026-08-21T19:58:36Z | stress_test | decision='migrar REGION-LB-US' asset=REGION-LB-US severity=NO_CONFLICT conflict=False label=CONFIRMED DECISION policies=[]
2026-08-21T19:58:36Z | stress_test | decision='migrar GUEST-NETWORK-PORTAL' asset=GUEST-NETWORK-PORTAL severity=NO_CONFLICT conflict=False label=CONFIRMED DECISION policies=[]
2026-08-21T19:58:36Z | stress_test | decision='migrar LEGACY-VPN-EU' asset=LEGACY-VPN-EU severity=NO_CONFLICT conflict=False label=CONFIRMED DECISION policies=[]
2026-08-21T19:58:36Z | stress_test | decision='migrar LEGACY-PKI-01' asset=LEGACY-PKI-01 severity=NO_CONFLICT conflict=False label=CONFIRMED DECISION policies=[]
2026-08-21T19:58:36Z | stress_test | decision='migrar LEGACY-ERP-02' asset=LEGACY-ERP-02 severity=CONFLICT conflict=True label=RECOMMENDED ALTERNATIVE policies=['P003']
2026-08-21T19:58:36Z | stress_test | decision='migrar LEGACY-MANUFACTURING' asset=LEGACY-MANUFACTURING severity=NO_CONFLICT conflict=False label=CONFIRMED DECISION policies=[]
2026-08-21T19:58:36Z | stress_test | decision='migrar LEGACY-RADIUS' asset=LEGACY-RADIUS severity=NO_CONFLICT conflict=False label=CONFIRMED DECISION policies=[]
2026-08-21T19:58:36Z | stress_test | decision='migrar LEGACY-BACKUP-TAPE' asset=LEGACY-BACKUP-TAPE severity=NO_CONFLICT conflict=False label=CONFIRMED DECISION policies=[]
2026-08-21T19:58:36Z | stress_test | decision='migrar GIT-INFRA' asset=GIT-INFRA severity=NO_CONFLICT conflict=False label=CONFIRMED DECISION policies=[]
2026-08-21T19:58:36Z | stress_test | decision='migrar MFG-CONTROL-01' asset=MFG-CONTROL-01 severity=NO_CONFLICT conflict=False label=CONFIRMED DECISION policies=[]
2026-08-21T19:58:36Z | stress_test | decision='migrar PQC-PILOT-DSA' asset=PQC-PILOT-DSA severity=NO_CONFLICT conflict=False label=CONFIRMED DECISION policies=[]
2026-08-21T19:58:36Z | stress_test | decision='migrar PQC-PILOT-KEM' asset=PQC-PILOT-KEM severity=NO_CONFLICT conflict=False label=CONFIRMED DECISION policies=[]
2026-08-21T19:58:36Z | stress_test | decision='migrar ASSET-071' asset=ASSET-071 severity=NO_CONFLICT conflict=False label=CONFIRMED DECISION policies=[]
2026-08-21T19:58:36Z | stress_test | decision='migrar HR-PORTAL' asset=HR-PORTAL severity=NO_CONFLICT conflict=False label=CONFIRMED DECISION policies=[]
2026-08-21T19:58:36Z | stress_test | decision='migrar HR-DATABASE' asset=HR-DATABASE severity=NO_CONFLICT conflict=False label=CONFIRMED DECISION policies=[]
2026-08-21T19:58:36Z | stress_test | decision='migrar CICD-RUNNERS' asset=CICD-RUNNERS severity=NO_CONFLICT conflict=False label=CONFIRMED DECISION policies=[]
2026-08-21T19:58:36Z | stress_test | decision='migrar MONITORING-STACK' asset=MONITORING-STACK severity=NO_CONFLICT conflict=False label=CONFIRMED DECISION policies=[]
2026-08-21T19:58:36Z | stress_test | decision='migrar COLLAB-SUITE' asset=COLLAB-SUITE severity=NO_CONFLICT conflict=False label=CONFIRMED DECISION policies=[]
2026-08-21T19:58:36Z | stress_test | decision='migrar FILE-SHARE-GLOBAL' asset=FILE-SHARE-GLOBAL severity=NO_CONFLICT conflict=False label=CONFIRMED DECISION policies=[]
2026-08-21T19:58:36Z | stress_test | decision='migrar MFG-CONTROL-02' asset=MFG-CONTROL-02 severity=NO_CONFLICT conflict=False label=CONFIRMED DECISION policies=[]
2026-08-21T19:58:36Z | stress_test | decision='migrar SUPPLY-CHAIN-API' asset=SUPPLY-CHAIN-API severity=NO_CONFLICT conflict=False label=CONFIRMED DECISION policies=[]
2026-08-21T19:58:36Z | stress_test | decision='migrar EMAIL-GATEWAY' asset=EMAIL-GATEWAY severity=NO_CONFLICT conflict=False label=CONFIRMED DECISION policies=[]
2026-08-21T19:58:36Z | stress_test | decision='migrar ASSET-MGMT' asset=ASSET-MGMT severity=NO_CONFLICT conflict=False label=CONFIRMED DECISION policies=[]
2026-08-21T19:58:36Z | stress_test | decision='migrar TIME-SYNC' asset=TIME-SYNC severity=NO_CONFLICT conflict=False label=CONFIRMED DECISION policies=[]
2026-08-21T19:58:36Z | stress_test | decision='migrar LAB-WIFI-CONTROLLER' asset=LAB-WIFI-CONTROLLER severity=NO_CONFLICT conflict=False label=CONFIRMED DECISION policies=[]
2026-08-21T19:58:36Z | stress_test | decision='migrar DEMO-ENV-PORTAL' asset=DEMO-ENV-PORTAL severity=NO_CONFLICT conflict=False label=CONFIRMED DECISION policies=[]
2026-08-21T19:58:36Z | stress_test | decision='migrar TRAINING-SIMULATOR' asset=TRAINING-SIMULATOR severity=NO_CONFLICT conflict=False label=CONFIRMED DECISION policies=[]
2026-08-21T19:58:36Z | stress_test | decision='migrar PRINT-SERVER-HQ' asset=PRINT-SERVER-HQ severity=NO_CONFLICT conflict=False label=CONFIRMED DECISION policies=[]
2026-08-21T19:58:36Z | stress_test | decision='migrar ASSET-042' asset=ASSET-042 severity=NO_CONFLICT conflict=False label=CONFIRMED DECISION policies=[]
2026-08-21T19:58:36Z | stress_test | decision='migrar ASSET-057' asset=ASSET-057 severity=NO_CONFLICT conflict=False label=CONFIRMED DECISION policies=[]
2026-08-21T19:58:36Z | stress_test | decision='migrar ASSET-063' asset=ASSET-063 severity=NO_CONFLICT conflict=False label=CONFIRMED DECISION policies=[]
2026-08-21T19:58:36Z | stress_test | decision='migrar APAC-SG' asset=APAC-SG severity=NO_CONFLICT conflict=False label=CONFIRMED DECISION policies=[]
2026-08-21T19:58:36Z | stress_test | decision='migrar NG-07' asset=NG-07 severity=NO_CONFLICT conflict=False label=CONFIRMED DECISION policies=[]
2026-08-21T19:58:36Z | stress_test | decision='migrar MISSION-CONTROL' asset=MISSION-CONTROL severity=CONFLICT conflict=True label=RECOMMENDED ALTERNATIVE policies=['P002', 'P003', 'P008']
2026-08-21T19:58:36Z | stress_test | decision='migrar PAYMENTS-CORE' asset=PAYMENTS-CORE severity=NO_CONFLICT conflict=False label=CONFIRMED DECISION policies=[]
2026-08-21T19:58:36Z | stress_test | decision='migrar FLIGHT-DATA' asset=FLIGHT-DATA severity=NO_CONFLICT conflict=False label=CONFIRMED DECISION policies=[]
2026-08-21T19:58:36Z | stress_test | decision='migrar SECURITY-SIEM' asset=SECURITY-SIEM severity=NO_CONFLICT conflict=False label=CONFIRMED DECISION policies=[]
2026-08-21T19:58:36Z | stress_test | decision='migrar LEGACY-FTP' asset=LEGACY-FTP severity=NO_CONFLICT conflict=False label=CONFIRMED DECISION policies=[]
2026-08-21T19:58:37Z | stress_test | decision='migrar PKI-INTERMEDIATE' asset=PKI-INTERMEDIATE severity=NO_CONFLICT conflict=False label=CONFIRMED DECISION policies=[]
2026-08-21T19:58:39Z | stress_test | decision='migrar IDENTITY-CORE' asset=IDENTITY-CORE severity=CONFLICT conflict=True label=RECOMMENDED ALTERNATIVE policies=['P003']
2026-08-21T19:58:39Z | stress_test | decision='migrar SSO-GLOBAL' asset=SSO-GLOBAL severity=NO_CONFLICT conflict=False label=CONFIRMED DECISION policies=[]
2026-08-21T19:58:39Z | stress_test | decision='migrar PKI-ROOT' asset=PKI-ROOT severity=NO_CONFLICT conflict=False label=CONFIRMED DECISION policies=[]
2026-08-21T19:58:39Z | stress_test | decision='migrar PKI-INTERMEDIATE' asset=PKI-INTERMEDIATE severity=NO_CONFLICT conflict=False label=CONFIRMED DECISION policies=[]
2026-08-21T19:58:39Z | stress_test | decision='migrar HSM-CLUSTER-US' asset=HSM-CLUSTER-US severity=NO_CONFLICT conflict=False label=CONFIRMED DECISION policies=[]
2026-08-21T19:58:39Z | stress_test | decision='migrar HSM-CLUSTER-EU' asset=HSM-CLUSTER-EU severity=NO_CONFLICT conflict=False label=CONFIRMED DECISION policies=[]
2026-08-21T19:58:39Z | stress_test | decision='migrar PAYMENT-CORE' asset=PAYMENT-CORE severity=NO_CONFLICT conflict=False label=CONFIRMED DECISION policies=[]
2026-08-21T19:58:39Z | stress_test | decision='migrar COMMAND-SIGNING' asset=COMMAND-SIGNING severity=NO_CONFLICT conflict=False label=CONFIRMED DECISION policies=[]
2026-08-21T19:58:39Z | stress_test | decision='migrar SAT-OPS-01' asset=SAT-OPS-01 severity=CONFLICT conflict=True label=RECOMMENDED ALTERNATIVE policies=['P002', 'P008']
2026-08-21T19:58:39Z | stress_test | decision='migrar GROUND-STATION-EU' asset=GROUND-STATION-EU severity=NO_CONFLICT conflict=False label=CONFIRMED DECISION policies=[]
2026-08-21T19:58:39Z | stress_test | decision='migrar CUSTOMER-PORTAL' asset=CUSTOMER-PORTAL severity=CONFLICT conflict=True label=RECOMMENDED ALTERNATIVE policies=['P003']
2026-08-21T19:58:39Z | stress_test | decision='migrar TELEMETRY-BUS' asset=TELEMETRY-BUS severity=NO_CONFLICT conflict=False label=CONFIRMED DECISION policies=[]
2026-08-21T19:58:39Z | stress_test | decision='migrar DATA-LAKE-01' asset=DATA-LAKE-01 severity=NO_CONFLICT conflict=False label=CONFIRMED DECISION policies=[]
2026-08-21T19:58:39Z | stress_test | decision='migrar GROUND-STATION-US' asset=GROUND-STATION-US severity=NO_CONFLICT conflict=False label=CONFIRMED DECISION policies=[]
2026-08-21T19:58:39Z | stress_test | decision='migrar GROUND-STATION-APAC' asset=GROUND-STATION-APAC severity=NO_CONFLICT conflict=False label=CONFIRMED DECISION policies=[]
2026-08-21T19:58:39Z | stress_test | decision='migrar SAT-OPS-02' asset=SAT-OPS-02 severity=NO_CONFLICT conflict=False label=CONFIRMED DECISION policies=[]
2026-08-21T19:58:39Z | stress_test | decision='migrar SAT-COMMS-RELAY' asset=SAT-COMMS-RELAY severity=NO_CONFLICT conflict=False label=CONFIRMED DECISION policies=[]
2026-08-21T19:58:39Z | stress_test | decision='migrar API-GATEWAY-EDGE' asset=API-GATEWAY-EDGE severity=NO_CONFLICT conflict=False label=CONFIRMED DECISION policies=[]
2026-08-21T19:58:39Z | stress_test | decision='migrar API-GATEWAY-INTERNAL' asset=API-GATEWAY-INTERNAL severity=NO_CONFLICT conflict=False label=CONFIRMED DECISION policies=[]
2026-08-21T19:58:39Z | stress_test | decision='migrar IAM-WORKFORCE' asset=IAM-WORKFORCE severity=NO_CONFLICT conflict=False label=CONFIRMED DECISION policies=[]
2026-08-21T19:58:39Z | stress_test | decision='migrar PKI-EXTERNAL-CA' asset=PKI-EXTERNAL-CA severity=NO_CONFLICT conflict=False label=CONFIRMED DECISION policies=[]
2026-08-21T19:58:39Z | stress_test | decision='migrar KMS-CLOUD-PRIMARY' asset=KMS-CLOUD-PRIMARY severity=NO_CONFLICT conflict=False label=CONFIRMED DECISION policies=[]
2026-08-21T19:58:39Z | stress_test | decision='migrar BACKUP-VAULT-01' asset=BACKUP-VAULT-01 severity=NO_CONFLICT conflict=False label=CONFIRMED DECISION policies=[]
2026-08-21T19:58:39Z | stress_test | decision='migrar ERP-FINANCE' asset=ERP-FINANCE severity=NO_CONFLICT conflict=False label=CONFIRMED DECISION policies=[]
2026-08-21T19:58:39Z | stress_test | decision='migrar MOBILE-BANKING-APP' asset=MOBILE-BANKING-APP severity=NO_CONFLICT conflict=False label=CONFIRMED DECISION policies=[]
2026-08-21T19:58:39Z | stress_test | decision='migrar CODE-SIGNING-PROD' asset=CODE-SIGNING-PROD severity=CONFLICT conflict=True label=RECOMMENDED ALTERNATIVE policies=['P003']
2026-08-21T19:58:39Z | stress_test | decision='migrar FIRMWARE-SIGNING' asset=FIRMWARE-SIGNING severity=CONFLICT conflict=True label=RECOMMENDED ALTERNATIVE policies=['P003']
2026-08-21T19:58:39Z | stress_test | decision='migrar SIEM-CORE' asset=SIEM-CORE severity=NO_CONFLICT conflict=False label=CONFIRMED DECISION policies=[]
2026-08-21T19:58:39Z | stress_test | decision='migrar SOC-PLATFORM' asset=SOC-PLATFORM severity=NO_CONFLICT conflict=False label=CONFIRMED DECISION policies=[]
2026-08-21T19:58:39Z | stress_test | decision='migrar LOGGING-PIPELINE' asset=LOGGING-PIPELINE severity=NO_CONFLICT conflict=False label=CONFIRMED DECISION policies=[]
2026-08-21T19:58:39Z | stress_test | decision='migrar VPN-CORP-PRIMARY' asset=VPN-CORP-PRIMARY severity=NO_CONFLICT conflict=False label=CONFIRMED DECISION policies=[]
2026-08-21T19:58:39Z | stress_test | decision='migrar K8S-PROD-US' asset=K8S-PROD-US severity=NO_CONFLICT conflict=False label=CONFIRMED DECISION policies=[]
2026-08-21T19:58:39Z | stress_test | decision='migrar K8S-PROD-EU' asset=K8S-PROD-EU severity=NO_CONFLICT conflict=False label=CONFIRMED DECISION policies=[]
2026-08-21T19:58:39Z | stress_test | decision='migrar DB-MISSION-PRIMARY' asset=DB-MISSION-PRIMARY severity=NO_CONFLICT conflict=False label=CONFIRMED DECISION policies=[]
2026-08-21T19:58:39Z | stress_test | decision='migrar DB-PAYMENTS' asset=DB-PAYMENTS severity=NO_CONFLICT conflict=False label=CONFIRMED DECISION policies=[]
2026-08-21T19:58:39Z | stress_test | decision='migrar CUSTOMER-API' asset=CUSTOMER-API severity=NO_CONFLICT conflict=False label=CONFIRMED DECISION policies=[]
2026-08-21T19:58:39Z | stress_test | decision='migrar SECURE-COMMS-GW' asset=SECURE-COMMS-GW severity=NO_CONFLICT conflict=False label=CONFIRMED DECISION policies=[]
2026-08-21T19:58:39Z | stress_test | decision='migrar LAUNCH-AUTH' asset=LAUNCH-AUTH severity=NO_CONFLICT conflict=False label=CONFIRMED DECISION policies=[]
2026-08-21T19:58:39Z | stress_test | decision='migrar QA-IDENTITY' asset=QA-IDENTITY severity=NO_CONFLICT conflict=False label=CONFIRMED DECISION policies=[]
2026-08-21T19:58:39Z | stress_test | decision='migrar PARTNER-PORTAL' asset=PARTNER-PORTAL severity=NO_CONFLICT conflict=False label=CONFIRMED DECISION policies=[]
2026-08-21T19:58:39Z | stress_test | decision='migrar BILLING-ENGINE' asset=BILLING-ENGINE severity=NO_CONFLICT conflict=False label=CONFIRMED DECISION policies=[]
2026-08-21T19:58:39Z | stress_test | decision='migrar TREASURY-WORKSTATION' asset=TREASURY-WORKSTATION severity=NO_CONFLICT conflict=False label=CONFIRMED DECISION policies=[]
2026-08-21T19:58:39Z | stress_test | decision='migrar TELEMETRY-ARCHIVE' asset=TELEMETRY-ARCHIVE severity=NO_CONFLICT conflict=False label=CONFIRMED DECISION policies=[]
2026-08-21T19:58:39Z | stress_test | decision='migrar DATA-WAREHOUSE' asset=DATA-WAREHOUSE severity=NO_CONFLICT conflict=False label=CONFIRMED DECISION policies=[]
2026-08-21T19:58:39Z | stress_test | decision='migrar DEV-PORTAL' asset=DEV-PORTAL severity=NO_CONFLICT conflict=False label=CONFIRMED DECISION policies=[]
2026-08-21T19:58:39Z | stress_test | decision='migrar STAGING-K8S' asset=STAGING-K8S severity=NO_CONFLICT conflict=False label=CONFIRMED DECISION policies=[]
2026-08-21T19:58:39Z | stress_test | decision='migrar CLOUD-OBJ-STORE' asset=CLOUD-OBJ-STORE severity=NO_CONFLICT conflict=False label=CONFIRMED DECISION policies=[]
2026-08-21T19:58:39Z | stress_test | decision='migrar DNS-INTERNAL' asset=DNS-INTERNAL severity=NO_CONFLICT conflict=False label=CONFIRMED DECISION policies=[]
2026-08-21T19:58:39Z | stress_test | decision='migrar REGION-LB-EU' asset=REGION-LB-EU severity=NO_CONFLICT conflict=False label=CONFIRMED DECISION policies=[]
2026-08-21T19:58:39Z | stress_test | decision='migrar REGION-LB-US' asset=REGION-LB-US severity=NO_CONFLICT conflict=False label=CONFIRMED DECISION policies=[]
2026-08-21T19:58:39Z | stress_test | decision='migrar GUEST-NETWORK-PORTAL' asset=GUEST-NETWORK-PORTAL severity=NO_CONFLICT conflict=False label=CONFIRMED DECISION policies=[]
2026-08-21T19:58:39Z | stress_test | decision='migrar LEGACY-VPN-EU' asset=LEGACY-VPN-EU severity=NO_CONFLICT conflict=False label=CONFIRMED DECISION policies=[]
2026-08-21T19:58:39Z | stress_test | decision='migrar LEGACY-PKI-01' asset=LEGACY-PKI-01 severity=NO_CONFLICT conflict=False label=CONFIRMED DECISION policies=[]
2026-08-21T19:58:39Z | stress_test | decision='migrar LEGACY-ERP-02' asset=LEGACY-ERP-02 severity=CONFLICT conflict=True label=RECOMMENDED ALTERNATIVE policies=['P003']
2026-08-21T19:58:39Z | stress_test | decision='migrar LEGACY-MANUFACTURING' asset=LEGACY-MANUFACTURING severity=NO_CONFLICT conflict=False label=CONFIRMED DECISION policies=[]
2026-08-21T19:58:39Z | stress_test | decision='migrar LEGACY-RADIUS' asset=LEGACY-RADIUS severity=NO_CONFLICT conflict=False label=CONFIRMED DECISION policies=[]
2026-08-21T19:58:39Z | stress_test | decision='migrar LEGACY-BACKUP-TAPE' asset=LEGACY-BACKUP-TAPE severity=NO_CONFLICT conflict=False label=CONFIRMED DECISION policies=[]
2026-08-21T19:58:39Z | stress_test | decision='migrar GIT-INFRA' asset=GIT-INFRA severity=NO_CONFLICT conflict=False label=CONFIRMED DECISION policies=[]
2026-08-21T19:58:39Z | stress_test | decision='migrar MFG-CONTROL-01' asset=MFG-CONTROL-01 severity=NO_CONFLICT conflict=False label=CONFIRMED DECISION policies=[]
2026-08-21T19:58:39Z | stress_test | decision='migrar PQC-PILOT-DSA' asset=PQC-PILOT-DSA severity=NO_CONFLICT conflict=False label=CONFIRMED DECISION policies=[]
2026-08-21T19:58:39Z | stress_test | decision='migrar PQC-PILOT-KEM' asset=PQC-PILOT-KEM severity=NO_CONFLICT conflict=False label=CONFIRMED DECISION policies=[]
2026-08-21T19:58:39Z | stress_test | decision='migrar ASSET-071' asset=ASSET-071 severity=NO_CONFLICT conflict=False label=CONFIRMED DECISION policies=[]
2026-08-21T19:58:39Z | stress_test | decision='migrar HR-PORTAL' asset=HR-PORTAL severity=NO_CONFLICT conflict=False label=CONFIRMED DECISION policies=[]
2026-08-21T19:58:39Z | stress_test | decision='migrar HR-DATABASE' asset=HR-DATABASE severity=NO_CONFLICT conflict=False label=CONFIRMED DECISION policies=[]
2026-08-21T19:58:39Z | stress_test | decision='migrar CICD-RUNNERS' asset=CICD-RUNNERS severity=NO_CONFLICT conflict=False label=CONFIRMED DECISION policies=[]
2026-08-21T19:58:39Z | stress_test | decision='migrar MONITORING-STACK' asset=MONITORING-STACK severity=NO_CONFLICT conflict=False label=CONFIRMED DECISION policies=[]
2026-08-21T19:58:39Z | stress_test | decision='migrar COLLAB-SUITE' asset=COLLAB-SUITE severity=NO_CONFLICT conflict=False label=CONFIRMED DECISION policies=[]
2026-08-21T19:58:39Z | stress_test | decision='migrar FILE-SHARE-GLOBAL' asset=FILE-SHARE-GLOBAL severity=NO_CONFLICT conflict=False label=CONFIRMED DECISION policies=[]
2026-08-21T19:58:39Z | stress_test | decision='migrar MFG-CONTROL-02' asset=MFG-CONTROL-02 severity=NO_CONFLICT conflict=False label=CONFIRMED DECISION policies=[]
2026-08-21T19:58:39Z | stress_test | decision='migrar SUPPLY-CHAIN-API' asset=SUPPLY-CHAIN-API severity=NO_CONFLICT conflict=False label=CONFIRMED DECISION policies=[]
2026-08-21T19:58:39Z | stress_test | decision='migrar EMAIL-GATEWAY' asset=EMAIL-GATEWAY severity=NO_CONFLICT conflict=False label=CONFIRMED DECISION policies=[]
2026-08-21T19:58:39Z | stress_test | decision='migrar ASSET-MGMT' asset=ASSET-MGMT severity=NO_CONFLICT conflict=False label=CONFIRMED DECISION policies=[]
2026-08-21T19:58:39Z | stress_test | decision='migrar TIME-SYNC' asset=TIME-SYNC severity=NO_CONFLICT conflict=False label=CONFIRMED DECISION policies=[]
2026-08-21T19:58:39Z | stress_test | decision='migrar LAB-WIFI-CONTROLLER' asset=LAB-WIFI-CONTROLLER severity=NO_CONFLICT conflict=False label=CONFIRMED DECISION policies=[]
2026-08-21T19:58:39Z | stress_test | decision='migrar DEMO-ENV-PORTAL' asset=DEMO-ENV-PORTAL severity=NO_CONFLICT conflict=False label=CONFIRMED DECISION policies=[]
2026-08-21T19:58:39Z | stress_test | decision='migrar TRAINING-SIMULATOR' asset=TRAINING-SIMULATOR severity=NO_CONFLICT conflict=False label=CONFIRMED DECISION policies=[]
2026-08-21T19:58:39Z | stress_test | decision='migrar PRINT-SERVER-HQ' asset=PRINT-SERVER-HQ severity=NO_CONFLICT conflict=False label=CONFIRMED DECISION policies=[]
2026-08-21T19:58:39Z | stress_test | decision='migrar ASSET-042' asset=ASSET-042 severity=NO_CONFLICT conflict=False label=CONFIRMED DECISION policies=[]
2026-08-21T19:58:39Z | stress_test | decision='migrar ASSET-057' asset=ASSET-057 severity=NO_CONFLICT conflict=False label=CONFIRMED DECISION policies=[]
2026-08-21T19:58:39Z | stress_test | decision='migrar ASSET-063' asset=ASSET-063 severity=NO_CONFLICT conflict=False label=CONFIRMED DECISION policies=[]
2026-08-21T19:58:39Z | stress_test | decision='migrar APAC-SG' asset=APAC-SG severity=NO_CONFLICT conflict=False label=CONFIRMED DECISION policies=[]
2026-08-21T19:58:39Z | stress_test | decision='migrar NG-07' asset=NG-07 severity=NO_CONFLICT conflict=False label=CONFIRMED DECISION policies=[]
2026-08-21T19:58:39Z | stress_test | decision='migrar MISSION-CONTROL' asset=MISSION-CONTROL severity=CONFLICT conflict=True label=RECOMMENDED ALTERNATIVE policies=['P002', 'P003', 'P008']
2026-08-21T19:58:39Z | stress_test | decision='migrar PAYMENTS-CORE' asset=PAYMENTS-CORE severity=NO_CONFLICT conflict=False label=CONFIRMED DECISION policies=[]
2026-08-21T19:58:39Z | stress_test | decision='migrar FLIGHT-DATA' asset=FLIGHT-DATA severity=NO_CONFLICT conflict=False label=CONFIRMED DECISION policies=[]
2026-08-21T19:58:39Z | stress_test | decision='migrar SECURITY-SIEM' asset=SECURITY-SIEM severity=NO_CONFLICT conflict=False label=CONFIRMED DECISION policies=[]
2026-08-21T19:58:39Z | stress_test | decision='migrar LEGACY-FTP' asset=LEGACY-FTP severity=NO_CONFLICT conflict=False label=CONFIRMED DECISION policies=[]
2026-08-21T19:58:40Z | stress_test | decision='migrar IDENTITY-CORE' asset=IDENTITY-CORE severity=CONFLICT conflict=True label=RECOMMENDED ALTERNATIVE policies=['P003']
2026-08-21T19:58:40Z | stress_test | decision='migrar SSO-GLOBAL' asset=SSO-GLOBAL severity=NO_CONFLICT conflict=False label=CONFIRMED DECISION policies=[]
2026-08-21T19:58:40Z | stress_test | decision='migrar PKI-ROOT' asset=PKI-ROOT severity=NO_CONFLICT conflict=False label=CONFIRMED DECISION policies=[]
2026-08-21T19:58:40Z | stress_test | decision='migrar PKI-INTERMEDIATE' asset=PKI-INTERMEDIATE severity=NO_CONFLICT conflict=False label=CONFIRMED DECISION policies=[]
2026-08-21T19:58:40Z | stress_test | decision='migrar HSM-CLUSTER-US' asset=HSM-CLUSTER-US severity=NO_CONFLICT conflict=False label=CONFIRMED DECISION policies=[]
2026-08-21T19:58:40Z | stress_test | decision='migrar HSM-CLUSTER-EU' asset=HSM-CLUSTER-EU severity=NO_CONFLICT conflict=False label=CONFIRMED DECISION policies=[]
2026-08-21T19:58:40Z | stress_test | decision='migrar PAYMENT-CORE' asset=PAYMENT-CORE severity=NO_CONFLICT conflict=False label=CONFIRMED DECISION policies=[]
2026-08-21T19:58:40Z | stress_test | decision='migrar COMMAND-SIGNING' asset=COMMAND-SIGNING severity=NO_CONFLICT conflict=False label=CONFIRMED DECISION policies=[]
2026-08-21T19:58:40Z | stress_test | decision='migrar SAT-OPS-01' asset=SAT-OPS-01 severity=CONFLICT conflict=True label=RECOMMENDED ALTERNATIVE policies=['P002', 'P008']
2026-08-21T19:58:40Z | stress_test | decision='migrar GROUND-STATION-EU' asset=GROUND-STATION-EU severity=NO_CONFLICT conflict=False label=CONFIRMED DECISION policies=[]
2026-08-21T19:58:40Z | stress_test | decision='migrar CUSTOMER-PORTAL' asset=CUSTOMER-PORTAL severity=CONFLICT conflict=True label=RECOMMENDED ALTERNATIVE policies=['P003']
2026-08-21T19:58:40Z | stress_test | decision='migrar TELEMETRY-BUS' asset=TELEMETRY-BUS severity=NO_CONFLICT conflict=False label=CONFIRMED DECISION policies=[]
2026-08-21T19:58:40Z | stress_test | decision='migrar DATA-LAKE-01' asset=DATA-LAKE-01 severity=NO_CONFLICT conflict=False label=CONFIRMED DECISION policies=[]
2026-08-21T19:58:40Z | stress_test | decision='migrar GROUND-STATION-US' asset=GROUND-STATION-US severity=NO_CONFLICT conflict=False label=CONFIRMED DECISION policies=[]
2026-08-21T19:58:40Z | stress_test | decision='migrar GROUND-STATION-APAC' asset=GROUND-STATION-APAC severity=NO_CONFLICT conflict=False label=CONFIRMED DECISION policies=[]
2026-08-21T19:58:40Z | stress_test | decision='migrar SAT-OPS-02' asset=SAT-OPS-02 severity=NO_CONFLICT conflict=False label=CONFIRMED DECISION policies=[]
2026-08-21T19:58:40Z | stress_test | decision='migrar SAT-COMMS-RELAY' asset=SAT-COMMS-RELAY severity=NO_CONFLICT conflict=False label=CONFIRMED DECISION policies=[]
2026-08-21T19:58:40Z | stress_test | decision='migrar API-GATEWAY-EDGE' asset=API-GATEWAY-EDGE severity=NO_CONFLICT conflict=False label=CONFIRMED DECISION policies=[]
2026-08-21T19:58:40Z | stress_test | decision='migrar API-GATEWAY-INTERNAL' asset=API-GATEWAY-INTERNAL severity=NO_CONFLICT conflict=False label=CONFIRMED DECISION policies=[]
2026-08-21T19:58:40Z | stress_test | decision='migrar IAM-WORKFORCE' asset=IAM-WORKFORCE severity=NO_CONFLICT conflict=False label=CONFIRMED DECISION policies=[]
2026-08-21T19:58:40Z | stress_test | decision='migrar PKI-EXTERNAL-CA' asset=PKI-EXTERNAL-CA severity=NO_CONFLICT conflict=False label=CONFIRMED DECISION policies=[]
2026-08-21T19:58:40Z | stress_test | decision='migrar KMS-CLOUD-PRIMARY' asset=KMS-CLOUD-PRIMARY severity=NO_CONFLICT conflict=False label=CONFIRMED DECISION policies=[]
2026-08-21T19:58:40Z | stress_test | decision='migrar BACKUP-VAULT-01' asset=BACKUP-VAULT-01 severity=NO_CONFLICT conflict=False label=CONFIRMED DECISION policies=[]
2026-08-21T19:58:40Z | stress_test | decision='migrar ERP-FINANCE' asset=ERP-FINANCE severity=NO_CONFLICT conflict=False label=CONFIRMED DECISION policies=[]
2026-08-21T19:58:40Z | stress_test | decision='migrar MOBILE-BANKING-APP' asset=MOBILE-BANKING-APP severity=NO_CONFLICT conflict=False label=CONFIRMED DECISION policies=[]
2026-08-21T19:58:40Z | stress_test | decision='migrar CODE-SIGNING-PROD' asset=CODE-SIGNING-PROD severity=CONFLICT conflict=True label=RECOMMENDED ALTERNATIVE policies=['P003']
2026-08-21T19:58:40Z | stress_test | decision='migrar FIRMWARE-SIGNING' asset=FIRMWARE-SIGNING severity=CONFLICT conflict=True label=RECOMMENDED ALTERNATIVE policies=['P003']
2026-08-21T19:58:40Z | stress_test | decision='migrar SIEM-CORE' asset=SIEM-CORE severity=NO_CONFLICT conflict=False label=CONFIRMED DECISION policies=[]
2026-08-21T19:58:40Z | stress_test | decision='migrar SOC-PLATFORM' asset=SOC-PLATFORM severity=NO_CONFLICT conflict=False label=CONFIRMED DECISION policies=[]
2026-08-21T19:58:40Z | stress_test | decision='migrar LOGGING-PIPELINE' asset=LOGGING-PIPELINE severity=NO_CONFLICT conflict=False label=CONFIRMED DECISION policies=[]
2026-08-21T19:58:40Z | stress_test | decision='migrar VPN-CORP-PRIMARY' asset=VPN-CORP-PRIMARY severity=NO_CONFLICT conflict=False label=CONFIRMED DECISION policies=[]
2026-08-21T19:58:40Z | stress_test | decision='migrar K8S-PROD-US' asset=K8S-PROD-US severity=NO_CONFLICT conflict=False label=CONFIRMED DECISION policies=[]
2026-08-21T19:58:40Z | stress_test | decision='migrar K8S-PROD-EU' asset=K8S-PROD-EU severity=NO_CONFLICT conflict=False label=CONFIRMED DECISION policies=[]
2026-08-21T19:58:40Z | stress_test | decision='migrar DB-MISSION-PRIMARY' asset=DB-MISSION-PRIMARY severity=NO_CONFLICT conflict=False label=CONFIRMED DECISION policies=[]
2026-08-21T19:58:40Z | stress_test | decision='migrar DB-PAYMENTS' asset=DB-PAYMENTS severity=NO_CONFLICT conflict=False label=CONFIRMED DECISION policies=[]
2026-08-21T19:58:40Z | stress_test | decision='migrar CUSTOMER-API' asset=CUSTOMER-API severity=NO_CONFLICT conflict=False label=CONFIRMED DECISION policies=[]
2026-08-21T19:58:40Z | stress_test | decision='migrar SECURE-COMMS-GW' asset=SECURE-COMMS-GW severity=NO_CONFLICT conflict=False label=CONFIRMED DECISION policies=[]
2026-08-21T19:58:40Z | stress_test | decision='migrar LAUNCH-AUTH' asset=LAUNCH-AUTH severity=NO_CONFLICT conflict=False label=CONFIRMED DECISION policies=[]
2026-08-21T19:58:40Z | stress_test | decision='migrar QA-IDENTITY' asset=QA-IDENTITY severity=NO_CONFLICT conflict=False label=CONFIRMED DECISION policies=[]
2026-08-21T19:58:40Z | stress_test | decision='migrar PARTNER-PORTAL' asset=PARTNER-PORTAL severity=NO_CONFLICT conflict=False label=CONFIRMED DECISION policies=[]
2026-08-21T19:58:40Z | stress_test | decision='migrar BILLING-ENGINE' asset=BILLING-ENGINE severity=NO_CONFLICT conflict=False label=CONFIRMED DECISION policies=[]
2026-08-21T19:58:40Z | stress_test | decision='migrar TREASURY-WORKSTATION' asset=TREASURY-WORKSTATION severity=NO_CONFLICT conflict=False label=CONFIRMED DECISION policies=[]
2026-08-21T19:58:40Z | stress_test | decision='migrar TELEMETRY-ARCHIVE' asset=TELEMETRY-ARCHIVE severity=NO_CONFLICT conflict=False label=CONFIRMED DECISION policies=[]
2026-08-21T19:58:40Z | stress_test | decision='migrar DATA-WAREHOUSE' asset=DATA-WAREHOUSE severity=NO_CONFLICT conflict=False label=CONFIRMED DECISION policies=[]
2026-08-21T19:58:40Z | stress_test | decision='migrar DEV-PORTAL' asset=DEV-PORTAL severity=NO_CONFLICT conflict=False label=CONFIRMED DECISION policies=[]
2026-08-21T19:58:40Z | stress_test | decision='migrar STAGING-K8S' asset=STAGING-K8S severity=NO_CONFLICT conflict=False label=CONFIRMED DECISION policies=[]
2026-08-21T19:58:40Z | stress_test | decision='migrar CLOUD-OBJ-STORE' asset=CLOUD-OBJ-STORE severity=NO_CONFLICT conflict=False label=CONFIRMED DECISION policies=[]
2026-08-21T19:58:40Z | stress_test | decision='migrar DNS-INTERNAL' asset=DNS-INTERNAL severity=NO_CONFLICT conflict=False label=CONFIRMED DECISION policies=[]
2026-08-21T19:58:40Z | stress_test | decision='migrar REGION-LB-EU' asset=REGION-LB-EU severity=NO_CONFLICT conflict=False label=CONFIRMED DECISION policies=[]
2026-08-21T19:58:40Z | stress_test | decision='migrar REGION-LB-US' asset=REGION-LB-US severity=NO_CONFLICT conflict=False label=CONFIRMED DECISION policies=[]
2026-08-21T19:58:40Z | stress_test | decision='migrar GUEST-NETWORK-PORTAL' asset=GUEST-NETWORK-PORTAL severity=NO_CONFLICT conflict=False label=CONFIRMED DECISION policies=[]
2026-08-21T19:58:40Z | stress_test | decision='migrar LEGACY-VPN-EU' asset=LEGACY-VPN-EU severity=NO_CONFLICT conflict=False label=CONFIRMED DECISION policies=[]
2026-08-21T19:58:40Z | stress_test | decision='migrar LEGACY-PKI-01' asset=LEGACY-PKI-01 severity=NO_CONFLICT conflict=False label=CONFIRMED DECISION policies=[]
2026-08-21T19:58:40Z | stress_test | decision='migrar LEGACY-ERP-02' asset=LEGACY-ERP-02 severity=CONFLICT conflict=True label=RECOMMENDED ALTERNATIVE policies=['P003']
2026-08-21T19:58:40Z | stress_test | decision='migrar LEGACY-MANUFACTURING' asset=LEGACY-MANUFACTURING severity=NO_CONFLICT conflict=False label=CONFIRMED DECISION policies=[]
2026-08-21T19:58:40Z | stress_test | decision='migrar LEGACY-RADIUS' asset=LEGACY-RADIUS severity=NO_CONFLICT conflict=False label=CONFIRMED DECISION policies=[]
2026-08-21T19:58:40Z | stress_test | decision='migrar LEGACY-BACKUP-TAPE' asset=LEGACY-BACKUP-TAPE severity=NO_CONFLICT conflict=False label=CONFIRMED DECISION policies=[]
2026-08-21T19:58:40Z | stress_test | decision='migrar GIT-INFRA' asset=GIT-INFRA severity=NO_CONFLICT conflict=False label=CONFIRMED DECISION policies=[]
2026-08-21T19:58:40Z | stress_test | decision='migrar MFG-CONTROL-01' asset=MFG-CONTROL-01 severity=NO_CONFLICT conflict=False label=CONFIRMED DECISION policies=[]
2026-08-21T19:58:40Z | stress_test | decision='migrar PQC-PILOT-DSA' asset=PQC-PILOT-DSA severity=NO_CONFLICT conflict=False label=CONFIRMED DECISION policies=[]
2026-08-21T19:58:40Z | stress_test | decision='migrar PQC-PILOT-KEM' asset=PQC-PILOT-KEM severity=NO_CONFLICT conflict=False label=CONFIRMED DECISION policies=[]
2026-08-21T19:58:40Z | stress_test | decision='migrar ASSET-071' asset=ASSET-071 severity=NO_CONFLICT conflict=False label=CONFIRMED DECISION policies=[]
2026-08-21T19:58:40Z | stress_test | decision='migrar HR-PORTAL' asset=HR-PORTAL severity=NO_CONFLICT conflict=False label=CONFIRMED DECISION policies=[]
2026-08-21T19:58:40Z | stress_test | decision='migrar HR-DATABASE' asset=HR-DATABASE severity=NO_CONFLICT conflict=False label=CONFIRMED DECISION policies=[]
2026-08-21T19:58:40Z | stress_test | decision='migrar CICD-RUNNERS' asset=CICD-RUNNERS severity=NO_CONFLICT conflict=False label=CONFIRMED DECISION policies=[]
2026-08-21T19:58:40Z | stress_test | decision='migrar MONITORING-STACK' asset=MONITORING-STACK severity=NO_CONFLICT conflict=False label=CONFIRMED DECISION policies=[]
2026-08-21T19:58:40Z | stress_test | decision='migrar COLLAB-SUITE' asset=COLLAB-SUITE severity=NO_CONFLICT conflict=False label=CONFIRMED DECISION policies=[]
2026-08-21T19:58:40Z | stress_test | decision='migrar FILE-SHARE-GLOBAL' asset=FILE-SHARE-GLOBAL severity=NO_CONFLICT conflict=False label=CONFIRMED DECISION policies=[]
2026-08-21T19:58:40Z | stress_test | decision='migrar MFG-CONTROL-02' asset=MFG-CONTROL-02 severity=NO_CONFLICT conflict=False label=CONFIRMED DECISION policies=[]
2026-08-21T19:58:40Z | stress_test | decision='migrar SUPPLY-CHAIN-API' asset=SUPPLY-CHAIN-API severity=NO_CONFLICT conflict=False label=CONFIRMED DECISION policies=[]
2026-08-21T19:58:40Z | stress_test | decision='migrar EMAIL-GATEWAY' asset=EMAIL-GATEWAY severity=NO_CONFLICT conflict=False label=CONFIRMED DECISION policies=[]
2026-08-21T19:58:40Z | stress_test | decision='migrar ASSET-MGMT' asset=ASSET-MGMT severity=NO_CONFLICT conflict=False label=CONFIRMED DECISION policies=[]
2026-08-21T19:58:40Z | stress_test | decision='migrar TIME-SYNC' asset=TIME-SYNC severity=NO_CONFLICT conflict=False label=CONFIRMED DECISION policies=[]
2026-08-21T19:58:40Z | stress_test | decision='migrar LAB-WIFI-CONTROLLER' asset=LAB-WIFI-CONTROLLER severity=NO_CONFLICT conflict=False label=CONFIRMED DECISION policies=[]
2026-08-21T19:58:40Z | stress_test | decision='migrar DEMO-ENV-PORTAL' asset=DEMO-ENV-PORTAL severity=NO_CONFLICT conflict=False label=CONFIRMED DECISION policies=[]
2026-08-21T19:58:40Z | stress_test | decision='migrar TRAINING-SIMULATOR' asset=TRAINING-SIMULATOR severity=NO_CONFLICT conflict=False label=CONFIRMED DECISION policies=[]
2026-08-21T19:58:40Z | stress_test | decision='migrar PRINT-SERVER-HQ' asset=PRINT-SERVER-HQ severity=NO_CONFLICT conflict=False label=CONFIRMED DECISION policies=[]
2026-08-21T19:58:40Z | stress_test | decision='migrar ASSET-042' asset=ASSET-042 severity=NO_CONFLICT conflict=False label=CONFIRMED DECISION policies=[]
2026-08-21T19:58:40Z | stress_test | decision='migrar ASSET-057' asset=ASSET-057 severity=NO_CONFLICT conflict=False label=CONFIRMED DECISION policies=[]
2026-08-21T19:58:40Z | stress_test | decision='migrar ASSET-063' asset=ASSET-063 severity=NO_CONFLICT conflict=False label=CONFIRMED DECISION policies=[]
2026-08-21T19:58:40Z | stress_test | decision='migrar APAC-SG' asset=APAC-SG severity=NO_CONFLICT conflict=False label=CONFIRMED DECISION policies=[]
2026-08-21T19:58:40Z | stress_test | decision='migrar NG-07' asset=NG-07 severity=NO_CONFLICT conflict=False label=CONFIRMED DECISION policies=[]
2026-08-21T19:58:40Z | stress_test | decision='migrar MISSION-CONTROL' asset=MISSION-CONTROL severity=CONFLICT conflict=True label=RECOMMENDED ALTERNATIVE policies=['P002', 'P003', 'P008']
2026-08-21T19:58:40Z | stress_test | decision='migrar PAYMENTS-CORE' asset=PAYMENTS-CORE severity=NO_CONFLICT conflict=False label=CONFIRMED DECISION policies=[]
2026-08-21T19:58:40Z | stress_test | decision='migrar FLIGHT-DATA' asset=FLIGHT-DATA severity=NO_CONFLICT conflict=False label=CONFIRMED DECISION policies=[]
2026-08-21T19:58:40Z | stress_test | decision='migrar SECURITY-SIEM' asset=SECURITY-SIEM severity=NO_CONFLICT conflict=False label=CONFIRMED DECISION policies=[]
2026-08-21T19:58:40Z | stress_test | decision='migrar LEGACY-FTP' asset=LEGACY-FTP severity=NO_CONFLICT conflict=False label=CONFIRMED DECISION policies=[]
2026-08-21T19:58:41Z | stress_test | decision='migrar IDENTITY-CORE' asset=IDENTITY-CORE severity=CONFLICT conflict=True label=RECOMMENDED ALTERNATIVE policies=['P003']
2026-08-21T19:58:41Z | stress_test | decision='migrar SSO-GLOBAL' asset=SSO-GLOBAL severity=NO_CONFLICT conflict=False label=CONFIRMED DECISION policies=[]
2026-08-21T19:58:41Z | stress_test | decision='migrar PKI-ROOT' asset=PKI-ROOT severity=NO_CONFLICT conflict=False label=CONFIRMED DECISION policies=[]
2026-08-21T19:58:41Z | stress_test | decision='migrar PKI-INTERMEDIATE' asset=PKI-INTERMEDIATE severity=NO_CONFLICT conflict=False label=CONFIRMED DECISION policies=[]
2026-08-21T19:58:41Z | stress_test | decision='migrar HSM-CLUSTER-US' asset=HSM-CLUSTER-US severity=NO_CONFLICT conflict=False label=CONFIRMED DECISION policies=[]
2026-08-21T19:58:41Z | stress_test | decision='migrar HSM-CLUSTER-EU' asset=HSM-CLUSTER-EU severity=NO_CONFLICT conflict=False label=CONFIRMED DECISION policies=[]
2026-08-21T19:58:41Z | stress_test | decision='migrar PAYMENT-CORE' asset=PAYMENT-CORE severity=NO_CONFLICT conflict=False label=CONFIRMED DECISION policies=[]
2026-08-21T19:58:41Z | stress_test | decision='migrar COMMAND-SIGNING' asset=COMMAND-SIGNING severity=NO_CONFLICT conflict=False label=CONFIRMED DECISION policies=[]
2026-08-21T19:58:41Z | stress_test | decision='migrar SAT-OPS-01' asset=SAT-OPS-01 severity=CONFLICT conflict=True label=RECOMMENDED ALTERNATIVE policies=['P002', 'P008']
2026-08-21T19:58:41Z | stress_test | decision='migrar GROUND-STATION-EU' asset=GROUND-STATION-EU severity=NO_CONFLICT conflict=False label=CONFIRMED DECISION policies=[]
2026-08-21T19:58:41Z | stress_test | decision='migrar CUSTOMER-PORTAL' asset=CUSTOMER-PORTAL severity=CONFLICT conflict=True label=RECOMMENDED ALTERNATIVE policies=['P003']
2026-08-21T19:58:41Z | stress_test | decision='migrar TELEMETRY-BUS' asset=TELEMETRY-BUS severity=NO_CONFLICT conflict=False label=CONFIRMED DECISION policies=[]
2026-08-21T19:58:41Z | stress_test | decision='migrar DATA-LAKE-01' asset=DATA-LAKE-01 severity=NO_CONFLICT conflict=False label=CONFIRMED DECISION policies=[]
2026-08-21T19:58:41Z | stress_test | decision='migrar GROUND-STATION-US' asset=GROUND-STATION-US severity=NO_CONFLICT conflict=False label=CONFIRMED DECISION policies=[]
2026-08-21T19:58:41Z | stress_test | decision='migrar GROUND-STATION-APAC' asset=GROUND-STATION-APAC severity=NO_CONFLICT conflict=False label=CONFIRMED DECISION policies=[]
2026-08-21T19:58:41Z | stress_test | decision='migrar SAT-OPS-02' asset=SAT-OPS-02 severity=NO_CONFLICT conflict=False label=CONFIRMED DECISION policies=[]
2026-08-21T19:58:41Z | stress_test | decision='migrar SAT-COMMS-RELAY' asset=SAT-COMMS-RELAY severity=NO_CONFLICT conflict=False label=CONFIRMED DECISION policies=[]
2026-08-21T19:58:41Z | stress_test | decision='migrar API-GATEWAY-EDGE' asset=API-GATEWAY-EDGE severity=NO_CONFLICT conflict=False label=CONFIRMED DECISION policies=[]
2026-08-21T19:58:41Z | stress_test | decision='migrar API-GATEWAY-INTERNAL' asset=API-GATEWAY-INTERNAL severity=NO_CONFLICT conflict=False label=CONFIRMED DECISION policies=[]
2026-08-21T19:58:41Z | stress_test | decision='migrar IAM-WORKFORCE' asset=IAM-WORKFORCE severity=NO_CONFLICT conflict=False label=CONFIRMED DECISION policies=[]
2026-08-21T19:58:41Z | stress_test | decision='migrar PKI-EXTERNAL-CA' asset=PKI-EXTERNAL-CA severity=NO_CONFLICT conflict=False label=CONFIRMED DECISION policies=[]
2026-08-21T19:58:41Z | stress_test | decision='migrar KMS-CLOUD-PRIMARY' asset=KMS-CLOUD-PRIMARY severity=NO_CONFLICT conflict=False label=CONFIRMED DECISION policies=[]
2026-08-21T19:58:41Z | stress_test | decision='migrar BACKUP-VAULT-01' asset=BACKUP-VAULT-01 severity=NO_CONFLICT conflict=False label=CONFIRMED DECISION policies=[]
2026-08-21T19:58:41Z | stress_test | decision='migrar ERP-FINANCE' asset=ERP-FINANCE severity=NO_CONFLICT conflict=False label=CONFIRMED DECISION policies=[]
2026-08-21T19:58:41Z | stress_test | decision='migrar MOBILE-BANKING-APP' asset=MOBILE-BANKING-APP severity=NO_CONFLICT conflict=False label=CONFIRMED DECISION policies=[]
2026-08-21T19:58:41Z | stress_test | decision='migrar CODE-SIGNING-PROD' asset=CODE-SIGNING-PROD severity=CONFLICT conflict=True label=RECOMMENDED ALTERNATIVE policies=['P003']
2026-08-21T19:58:41Z | stress_test | decision='migrar FIRMWARE-SIGNING' asset=FIRMWARE-SIGNING severity=CONFLICT conflict=True label=RECOMMENDED ALTERNATIVE policies=['P003']
2026-08-21T19:58:41Z | stress_test | decision='migrar SIEM-CORE' asset=SIEM-CORE severity=NO_CONFLICT conflict=False label=CONFIRMED DECISION policies=[]
2026-08-21T19:58:41Z | stress_test | decision='migrar SOC-PLATFORM' asset=SOC-PLATFORM severity=NO_CONFLICT conflict=False label=CONFIRMED DECISION policies=[]
2026-08-21T19:58:41Z | stress_test | decision='migrar LOGGING-PIPELINE' asset=LOGGING-PIPELINE severity=NO_CONFLICT conflict=False label=CONFIRMED DECISION policies=[]
2026-08-21T19:58:41Z | stress_test | decision='migrar VPN-CORP-PRIMARY' asset=VPN-CORP-PRIMARY severity=NO_CONFLICT conflict=False label=CONFIRMED DECISION policies=[]
2026-08-21T19:58:41Z | stress_test | decision='migrar K8S-PROD-US' asset=K8S-PROD-US severity=NO_CONFLICT conflict=False label=CONFIRMED DECISION policies=[]
2026-08-21T19:58:41Z | stress_test | decision='migrar K8S-PROD-EU' asset=K8S-PROD-EU severity=NO_CONFLICT conflict=False label=CONFIRMED DECISION policies=[]
2026-08-21T19:58:41Z | stress_test | decision='migrar DB-MISSION-PRIMARY' asset=DB-MISSION-PRIMARY severity=NO_CONFLICT conflict=False label=CONFIRMED DECISION policies=[]
2026-08-21T19:58:41Z | stress_test | decision='migrar DB-PAYMENTS' asset=DB-PAYMENTS severity=NO_CONFLICT conflict=False label=CONFIRMED DECISION policies=[]
2026-08-21T19:58:41Z | stress_test | decision='migrar CUSTOMER-API' asset=CUSTOMER-API severity=NO_CONFLICT conflict=False label=CONFIRMED DECISION policies=[]
2026-08-21T19:58:41Z | stress_test | decision='migrar SECURE-COMMS-GW' asset=SECURE-COMMS-GW severity=NO_CONFLICT conflict=False label=CONFIRMED DECISION policies=[]
2026-08-21T19:58:41Z | stress_test | decision='migrar LAUNCH-AUTH' asset=LAUNCH-AUTH severity=NO_CONFLICT conflict=False label=CONFIRMED DECISION policies=[]
2026-08-21T19:58:41Z | stress_test | decision='migrar QA-IDENTITY' asset=QA-IDENTITY severity=NO_CONFLICT conflict=False label=CONFIRMED DECISION policies=[]
2026-08-21T19:58:41Z | stress_test | decision='migrar PARTNER-PORTAL' asset=PARTNER-PORTAL severity=NO_CONFLICT conflict=False label=CONFIRMED DECISION policies=[]
2026-08-21T19:58:41Z | stress_test | decision='migrar BILLING-ENGINE' asset=BILLING-ENGINE severity=NO_CONFLICT conflict=False label=CONFIRMED DECISION policies=[]
2026-08-21T19:58:41Z | stress_test | decision='migrar TREASURY-WORKSTATION' asset=TREASURY-WORKSTATION severity=NO_CONFLICT conflict=False label=CONFIRMED DECISION policies=[]
2026-08-21T19:58:41Z | stress_test | decision='migrar TELEMETRY-ARCHIVE' asset=TELEMETRY-ARCHIVE severity=NO_CONFLICT conflict=False label=CONFIRMED DECISION policies=[]
2026-08-21T19:58:41Z | stress_test | decision='migrar DATA-WAREHOUSE' asset=DATA-WAREHOUSE severity=NO_CONFLICT conflict=False label=CONFIRMED DECISION policies=[]
2026-08-21T19:58:41Z | stress_test | decision='migrar DEV-PORTAL' asset=DEV-PORTAL severity=NO_CONFLICT conflict=False label=CONFIRMED DECISION policies=[]
2026-08-21T19:58:41Z | stress_test | decision='migrar STAGING-K8S' asset=STAGING-K8S severity=NO_CONFLICT conflict=False label=CONFIRMED DECISION policies=[]
2026-08-21T19:58:41Z | stress_test | decision='migrar CLOUD-OBJ-STORE' asset=CLOUD-OBJ-STORE severity=NO_CONFLICT conflict=False label=CONFIRMED DECISION policies=[]
2026-08-21T19:58:41Z | stress_test | decision='migrar DNS-INTERNAL' asset=DNS-INTERNAL severity=NO_CONFLICT conflict=False label=CONFIRMED DECISION policies=[]
2026-08-21T19:58:41Z | stress_test | decision='migrar REGION-LB-EU' asset=REGION-LB-EU severity=NO_CONFLICT conflict=False label=CONFIRMED DECISION policies=[]
2026-08-21T19:58:41Z | stress_test | decision='migrar REGION-LB-US' asset=REGION-LB-US severity=NO_CONFLICT conflict=False label=CONFIRMED DECISION policies=[]
2026-08-21T19:58:41Z | stress_test | decision='migrar GUEST-NETWORK-PORTAL' asset=GUEST-NETWORK-PORTAL severity=NO_CONFLICT conflict=False label=CONFIRMED DECISION policies=[]
2026-08-21T19:58:41Z | stress_test | decision='migrar LEGACY-VPN-EU' asset=LEGACY-VPN-EU severity=NO_CONFLICT conflict=False label=CONFIRMED DECISION policies=[]
2026-08-21T19:58:41Z | stress_test | decision='migrar LEGACY-PKI-01' asset=LEGACY-PKI-01 severity=NO_CONFLICT conflict=False label=CONFIRMED DECISION policies=[]
2026-08-21T19:58:41Z | stress_test | decision='migrar LEGACY-ERP-02' asset=LEGACY-ERP-02 severity=CONFLICT conflict=True label=RECOMMENDED ALTERNATIVE policies=['P003']
2026-08-21T19:58:41Z | stress_test | decision='migrar LEGACY-MANUFACTURING' asset=LEGACY-MANUFACTURING severity=NO_CONFLICT conflict=False label=CONFIRMED DECISION policies=[]
2026-08-21T19:58:41Z | stress_test | decision='migrar LEGACY-RADIUS' asset=LEGACY-RADIUS severity=NO_CONFLICT conflict=False label=CONFIRMED DECISION policies=[]
2026-08-21T19:58:41Z | stress_test | decision='migrar LEGACY-BACKUP-TAPE' asset=LEGACY-BACKUP-TAPE severity=NO_CONFLICT conflict=False label=CONFIRMED DECISION policies=[]
2026-08-21T19:58:41Z | stress_test | decision='migrar GIT-INFRA' asset=GIT-INFRA severity=NO_CONFLICT conflict=False label=CONFIRMED DECISION policies=[]
2026-08-21T19:58:41Z | stress_test | decision='migrar MFG-CONTROL-01' asset=MFG-CONTROL-01 severity=NO_CONFLICT conflict=False label=CONFIRMED DECISION policies=[]
2026-08-21T19:58:41Z | stress_test | decision='migrar PQC-PILOT-DSA' asset=PQC-PILOT-DSA severity=NO_CONFLICT conflict=False label=CONFIRMED DECISION policies=[]
2026-08-21T19:58:41Z | stress_test | decision='migrar PQC-PILOT-KEM' asset=PQC-PILOT-KEM severity=NO_CONFLICT conflict=False label=CONFIRMED DECISION policies=[]
2026-08-21T19:58:41Z | stress_test | decision='migrar ASSET-071' asset=ASSET-071 severity=NO_CONFLICT conflict=False label=CONFIRMED DECISION policies=[]
2026-08-21T19:58:41Z | stress_test | decision='migrar HR-PORTAL' asset=HR-PORTAL severity=NO_CONFLICT conflict=False label=CONFIRMED DECISION policies=[]
2026-08-21T19:58:41Z | stress_test | decision='migrar HR-DATABASE' asset=HR-DATABASE severity=NO_CONFLICT conflict=False label=CONFIRMED DECISION policies=[]
2026-08-21T19:58:41Z | stress_test | decision='migrar CICD-RUNNERS' asset=CICD-RUNNERS severity=NO_CONFLICT conflict=False label=CONFIRMED DECISION policies=[]
2026-08-21T19:58:41Z | stress_test | decision='migrar MONITORING-STACK' asset=MONITORING-STACK severity=NO_CONFLICT conflict=False label=CONFIRMED DECISION policies=[]
2026-08-21T19:58:41Z | stress_test | decision='migrar COLLAB-SUITE' asset=COLLAB-SUITE severity=NO_CONFLICT conflict=False label=CONFIRMED DECISION policies=[]
2026-08-21T19:58:41Z | stress_test | decision='migrar FILE-SHARE-GLOBAL' asset=FILE-SHARE-GLOBAL severity=NO_CONFLICT conflict=False label=CONFIRMED DECISION policies=[]
2026-08-21T19:58:41Z | stress_test | decision='migrar MFG-CONTROL-02' asset=MFG-CONTROL-02 severity=NO_CONFLICT conflict=False label=CONFIRMED DECISION policies=[]
2026-08-21T19:58:41Z | stress_test | decision='migrar SUPPLY-CHAIN-API' asset=SUPPLY-CHAIN-API severity=NO_CONFLICT conflict=False label=CONFIRMED DECISION policies=[]
2026-08-21T19:58:41Z | stress_test | decision='migrar EMAIL-GATEWAY' asset=EMAIL-GATEWAY severity=NO_CONFLICT conflict=False label=CONFIRMED DECISION policies=[]
2026-08-21T19:58:41Z | stress_test | decision='migrar ASSET-MGMT' asset=ASSET-MGMT severity=NO_CONFLICT conflict=False label=CONFIRMED DECISION policies=[]
2026-08-21T19:58:41Z | stress_test | decision='migrar TIME-SYNC' asset=TIME-SYNC severity=NO_CONFLICT conflict=False label=CONFIRMED DECISION policies=[]
2026-08-21T19:58:41Z | stress_test | decision='migrar LAB-WIFI-CONTROLLER' asset=LAB-WIFI-CONTROLLER severity=NO_CONFLICT conflict=False label=CONFIRMED DECISION policies=[]
2026-08-21T19:58:41Z | stress_test | decision='migrar DEMO-ENV-PORTAL' asset=DEMO-ENV-PORTAL severity=NO_CONFLICT conflict=False label=CONFIRMED DECISION policies=[]
2026-08-21T19:58:41Z | stress_test | decision='migrar TRAINING-SIMULATOR' asset=TRAINING-SIMULATOR severity=NO_CONFLICT conflict=False label=CONFIRMED DECISION policies=[]
2026-08-21T19:58:41Z | stress_test | decision='migrar PRINT-SERVER-HQ' asset=PRINT-SERVER-HQ severity=NO_CONFLICT conflict=False label=CONFIRMED DECISION policies=[]
2026-08-21T19:58:41Z | stress_test | decision='migrar ASSET-042' asset=ASSET-042 severity=NO_CONFLICT conflict=False label=CONFIRMED DECISION policies=[]
2026-08-21T19:58:41Z | stress_test | decision='migrar ASSET-057' asset=ASSET-057 severity=NO_CONFLICT conflict=False label=CONFIRMED DECISION policies=[]
2026-08-21T19:58:41Z | stress_test | decision='migrar ASSET-063' asset=ASSET-063 severity=NO_CONFLICT conflict=False label=CONFIRMED DECISION policies=[]
2026-08-21T19:58:41Z | stress_test | decision='migrar APAC-SG' asset=APAC-SG severity=NO_CONFLICT conflict=False label=CONFIRMED DECISION policies=[]
2026-08-21T19:58:41Z | stress_test | decision='migrar NG-07' asset=NG-07 severity=NO_CONFLICT conflict=False label=CONFIRMED DECISION policies=[]
2026-08-21T19:58:41Z | stress_test | decision='migrar MISSION-CONTROL' asset=MISSION-CONTROL severity=CONFLICT conflict=True label=RECOMMENDED ALTERNATIVE policies=['P002', 'P003', 'P008']
2026-08-21T19:58:41Z | stress_test | decision='migrar PAYMENTS-CORE' asset=PAYMENTS-CORE severity=NO_CONFLICT conflict=False label=CONFIRMED DECISION policies=[]
2026-08-21T19:58:41Z | stress_test | decision='migrar FLIGHT-DATA' asset=FLIGHT-DATA severity=NO_CONFLICT conflict=False label=CONFIRMED DECISION policies=[]
2026-08-21T19:58:41Z | stress_test | decision='migrar SECURITY-SIEM' asset=SECURITY-SIEM severity=NO_CONFLICT conflict=False label=CONFIRMED DECISION policies=[]
2026-08-21T19:58:41Z | stress_test | decision='migrar LEGACY-FTP' asset=LEGACY-FTP severity=NO_CONFLICT conflict=False label=CONFIRMED DECISION policies=[]
2026-08-21T20:13:24Z | stress_test | decision='migrar PKI-INTERMEDIATE' asset=PKI-INTERMEDIATE severity=NO_CONFLICT conflict=False label=CONFIRMED DECISION policies=[]
2026-08-21T20:14:08Z | stress_test | decision='migrar IDENTITY-CORE' asset=IDENTITY-CORE severity=CONFLICT conflict=True label=RECOMMENDED ALTERNATIVE policies=['P003']
2026-08-21T20:14:08Z | stress_test | decision='migrar SSO-GLOBAL' asset=SSO-GLOBAL severity=NO_CONFLICT conflict=False label=CONFIRMED DECISION policies=[]
2026-08-21T20:14:08Z | stress_test | decision='migrar PKI-ROOT' asset=PKI-ROOT severity=NO_CONFLICT conflict=False label=CONFIRMED DECISION policies=[]
2026-08-21T20:14:08Z | stress_test | decision='migrar PKI-INTERMEDIATE' asset=PKI-INTERMEDIATE severity=NO_CONFLICT conflict=False label=CONFIRMED DECISION policies=[]
2026-08-21T20:14:08Z | stress_test | decision='migrar HSM-CLUSTER-US' asset=HSM-CLUSTER-US severity=NO_CONFLICT conflict=False label=CONFIRMED DECISION policies=[]
2026-08-21T20:14:08Z | stress_test | decision='migrar HSM-CLUSTER-EU' asset=HSM-CLUSTER-EU severity=NO_CONFLICT conflict=False label=CONFIRMED DECISION policies=[]
2026-08-21T20:14:08Z | stress_test | decision='migrar PAYMENT-CORE' asset=PAYMENT-CORE severity=NO_CONFLICT conflict=False label=CONFIRMED DECISION policies=[]
2026-08-21T20:14:08Z | stress_test | decision='migrar COMMAND-SIGNING' asset=COMMAND-SIGNING severity=NO_CONFLICT conflict=False label=CONFIRMED DECISION policies=[]
2026-08-21T20:14:08Z | stress_test | decision='migrar SAT-OPS-01' asset=SAT-OPS-01 severity=CONFLICT conflict=True label=RECOMMENDED ALTERNATIVE policies=['P002', 'P008']
2026-08-21T20:14:08Z | stress_test | decision='migrar GROUND-STATION-EU' asset=GROUND-STATION-EU severity=NO_CONFLICT conflict=False label=CONFIRMED DECISION policies=[]
2026-08-21T20:14:08Z | stress_test | decision='migrar CUSTOMER-PORTAL' asset=CUSTOMER-PORTAL severity=CONFLICT conflict=True label=RECOMMENDED ALTERNATIVE policies=['P003']
2026-08-21T20:14:08Z | stress_test | decision='migrar TELEMETRY-BUS' asset=TELEMETRY-BUS severity=NO_CONFLICT conflict=False label=CONFIRMED DECISION policies=[]
2026-08-21T20:14:08Z | stress_test | decision='migrar DATA-LAKE-01' asset=DATA-LAKE-01 severity=NO_CONFLICT conflict=False label=CONFIRMED DECISION policies=[]
2026-08-21T20:14:08Z | stress_test | decision='migrar GROUND-STATION-US' asset=GROUND-STATION-US severity=NO_CONFLICT conflict=False label=CONFIRMED DECISION policies=[]
2026-08-21T20:14:08Z | stress_test | decision='migrar GROUND-STATION-APAC' asset=GROUND-STATION-APAC severity=NO_CONFLICT conflict=False label=CONFIRMED DECISION policies=[]
2026-08-21T20:14:08Z | stress_test | decision='migrar SAT-OPS-02' asset=SAT-OPS-02 severity=NO_CONFLICT conflict=False label=CONFIRMED DECISION policies=[]
2026-08-21T20:14:08Z | stress_test | decision='migrar SAT-COMMS-RELAY' asset=SAT-COMMS-RELAY severity=NO_CONFLICT conflict=False label=CONFIRMED DECISION policies=[]
2026-08-21T20:14:08Z | stress_test | decision='migrar API-GATEWAY-EDGE' asset=API-GATEWAY-EDGE severity=NO_CONFLICT conflict=False label=CONFIRMED DECISION policies=[]
2026-08-21T20:14:08Z | stress_test | decision='migrar API-GATEWAY-INTERNAL' asset=API-GATEWAY-INTERNAL severity=NO_CONFLICT conflict=False label=CONFIRMED DECISION policies=[]
2026-08-21T20:14:08Z | stress_test | decision='migrar IAM-WORKFORCE' asset=IAM-WORKFORCE severity=NO_CONFLICT conflict=False label=CONFIRMED DECISION policies=[]
2026-08-21T20:14:08Z | stress_test | decision='migrar PKI-EXTERNAL-CA' asset=PKI-EXTERNAL-CA severity=NO_CONFLICT conflict=False label=CONFIRMED DECISION policies=[]
2026-08-21T20:14:08Z | stress_test | decision='migrar KMS-CLOUD-PRIMARY' asset=KMS-CLOUD-PRIMARY severity=NO_CONFLICT conflict=False label=CONFIRMED DECISION policies=[]
2026-08-21T20:14:08Z | stress_test | decision='migrar BACKUP-VAULT-01' asset=BACKUP-VAULT-01 severity=NO_CONFLICT conflict=False label=CONFIRMED DECISION policies=[]
2026-08-21T20:14:08Z | stress_test | decision='migrar ERP-FINANCE' asset=ERP-FINANCE severity=NO_CONFLICT conflict=False label=CONFIRMED DECISION policies=[]
2026-08-21T20:14:08Z | stress_test | decision='migrar MOBILE-BANKING-APP' asset=MOBILE-BANKING-APP severity=NO_CONFLICT conflict=False label=CONFIRMED DECISION policies=[]
2026-08-21T20:14:08Z | stress_test | decision='migrar CODE-SIGNING-PROD' asset=CODE-SIGNING-PROD severity=CONFLICT conflict=True label=RECOMMENDED ALTERNATIVE policies=['P003']
2026-08-21T20:14:08Z | stress_test | decision='migrar FIRMWARE-SIGNING' asset=FIRMWARE-SIGNING severity=CONFLICT conflict=True label=RECOMMENDED ALTERNATIVE policies=['P003']
2026-08-21T20:14:08Z | stress_test | decision='migrar SIEM-CORE' asset=SIEM-CORE severity=NO_CONFLICT conflict=False label=CONFIRMED DECISION policies=[]
2026-08-21T20:14:08Z | stress_test | decision='migrar SOC-PLATFORM' asset=SOC-PLATFORM severity=NO_CONFLICT conflict=False label=CONFIRMED DECISION policies=[]
2026-08-21T20:14:08Z | stress_test | decision='migrar LOGGING-PIPELINE' asset=LOGGING-PIPELINE severity=NO_CONFLICT conflict=False label=CONFIRMED DECISION policies=[]
2026-08-21T20:14:08Z | stress_test | decision='migrar VPN-CORP-PRIMARY' asset=VPN-CORP-PRIMARY severity=NO_CONFLICT conflict=False label=CONFIRMED DECISION policies=[]
2026-08-21T20:14:08Z | stress_test | decision='migrar K8S-PROD-US' asset=K8S-PROD-US severity=NO_CONFLICT conflict=False label=CONFIRMED DECISION policies=[]
2026-08-21T20:14:08Z | stress_test | decision='migrar K8S-PROD-EU' asset=K8S-PROD-EU severity=NO_CONFLICT conflict=False label=CONFIRMED DECISION policies=[]
2026-08-21T20:14:08Z | stress_test | decision='migrar DB-MISSION-PRIMARY' asset=DB-MISSION-PRIMARY severity=NO_CONFLICT conflict=False label=CONFIRMED DECISION policies=[]
2026-08-21T20:14:08Z | stress_test | decision='migrar DB-PAYMENTS' asset=DB-PAYMENTS severity=NO_CONFLICT conflict=False label=CONFIRMED DECISION policies=[]
2026-08-21T20:14:08Z | stress_test | decision='migrar CUSTOMER-API' asset=CUSTOMER-API severity=NO_CONFLICT conflict=False label=CONFIRMED DECISION policies=[]
2026-08-21T20:14:08Z | stress_test | decision='migrar SECURE-COMMS-GW' asset=SECURE-COMMS-GW severity=NO_CONFLICT conflict=False label=CONFIRMED DECISION policies=[]
2026-08-21T20:14:08Z | stress_test | decision='migrar LAUNCH-AUTH' asset=LAUNCH-AUTH severity=NO_CONFLICT conflict=False label=CONFIRMED DECISION policies=[]
2026-08-21T20:14:08Z | stress_test | decision='migrar QA-IDENTITY' asset=QA-IDENTITY severity=NO_CONFLICT conflict=False label=CONFIRMED DECISION policies=[]
2026-08-21T20:14:08Z | stress_test | decision='migrar PARTNER-PORTAL' asset=PARTNER-PORTAL severity=NO_CONFLICT conflict=False label=CONFIRMED DECISION policies=[]
2026-08-21T20:14:08Z | stress_test | decision='migrar BILLING-ENGINE' asset=BILLING-ENGINE severity=NO_CONFLICT conflict=False label=CONFIRMED DECISION policies=[]
2026-08-21T20:14:08Z | stress_test | decision='migrar TREASURY-WORKSTATION' asset=TREASURY-WORKSTATION severity=NO_CONFLICT conflict=False label=CONFIRMED DECISION policies=[]
2026-08-21T20:14:08Z | stress_test | decision='migrar TELEMETRY-ARCHIVE' asset=TELEMETRY-ARCHIVE severity=NO_CONFLICT conflict=False label=CONFIRMED DECISION policies=[]
2026-08-21T20:14:08Z | stress_test | decision='migrar DATA-WAREHOUSE' asset=DATA-WAREHOUSE severity=NO_CONFLICT conflict=False label=CONFIRMED DECISION policies=[]
2026-08-21T20:14:08Z | stress_test | decision='migrar DEV-PORTAL' asset=DEV-PORTAL severity=NO_CONFLICT conflict=False label=CONFIRMED DECISION policies=[]
2026-08-21T20:14:08Z | stress_test | decision='migrar STAGING-K8S' asset=STAGING-K8S severity=NO_CONFLICT conflict=False label=CONFIRMED DECISION policies=[]
2026-08-21T20:14:08Z | stress_test | decision='migrar CLOUD-OBJ-STORE' asset=CLOUD-OBJ-STORE severity=NO_CONFLICT conflict=False label=CONFIRMED DECISION policies=[]
2026-08-21T20:14:08Z | stress_test | decision='migrar DNS-INTERNAL' asset=DNS-INTERNAL severity=NO_CONFLICT conflict=False label=CONFIRMED DECISION policies=[]
2026-08-21T20:14:08Z | stress_test | decision='migrar REGION-LB-EU' asset=REGION-LB-EU severity=NO_CONFLICT conflict=False label=CONFIRMED DECISION policies=[]
2026-08-21T20:14:08Z | stress_test | decision='migrar REGION-LB-US' asset=REGION-LB-US severity=NO_CONFLICT conflict=False label=CONFIRMED DECISION policies=[]
2026-08-21T20:14:08Z | stress_test | decision='migrar GUEST-NETWORK-PORTAL' asset=GUEST-NETWORK-PORTAL severity=NO_CONFLICT conflict=False label=CONFIRMED DECISION policies=[]
2026-08-21T20:14:08Z | stress_test | decision='migrar LEGACY-VPN-EU' asset=LEGACY-VPN-EU severity=NO_CONFLICT conflict=False label=CONFIRMED DECISION policies=[]
2026-08-21T20:14:08Z | stress_test | decision='migrar LEGACY-PKI-01' asset=LEGACY-PKI-01 severity=NO_CONFLICT conflict=False label=CONFIRMED DECISION policies=[]
2026-08-21T20:14:08Z | stress_test | decision='migrar LEGACY-ERP-02' asset=LEGACY-ERP-02 severity=CONFLICT conflict=True label=RECOMMENDED ALTERNATIVE policies=['P003']
2026-08-21T20:14:08Z | stress_test | decision='migrar LEGACY-MANUFACTURING' asset=LEGACY-MANUFACTURING severity=NO_CONFLICT conflict=False label=CONFIRMED DECISION policies=[]
2026-08-21T20:14:08Z | stress_test | decision='migrar LEGACY-RADIUS' asset=LEGACY-RADIUS severity=NO_CONFLICT conflict=False label=CONFIRMED DECISION policies=[]
2026-08-21T20:14:08Z | stress_test | decision='migrar LEGACY-BACKUP-TAPE' asset=LEGACY-BACKUP-TAPE severity=NO_CONFLICT conflict=False label=CONFIRMED DECISION policies=[]
2026-08-21T20:14:08Z | stress_test | decision='migrar GIT-INFRA' asset=GIT-INFRA severity=NO_CONFLICT conflict=False label=CONFIRMED DECISION policies=[]
2026-08-21T20:14:08Z | stress_test | decision='migrar MFG-CONTROL-01' asset=MFG-CONTROL-01 severity=NO_CONFLICT conflict=False label=CONFIRMED DECISION policies=[]
2026-08-21T20:14:08Z | stress_test | decision='migrar PQC-PILOT-DSA' asset=PQC-PILOT-DSA severity=NO_CONFLICT conflict=False label=CONFIRMED DECISION policies=[]
2026-08-21T20:14:08Z | stress_test | decision='migrar PQC-PILOT-KEM' asset=PQC-PILOT-KEM severity=NO_CONFLICT conflict=False label=CONFIRMED DECISION policies=[]
2026-08-21T20:14:08Z | stress_test | decision='migrar ASSET-071' asset=ASSET-071 severity=NO_CONFLICT conflict=False label=CONFIRMED DECISION policies=[]
2026-08-21T20:14:08Z | stress_test | decision='migrar HR-PORTAL' asset=HR-PORTAL severity=NO_CONFLICT conflict=False label=CONFIRMED DECISION policies=[]
2026-08-21T20:14:08Z | stress_test | decision='migrar HR-DATABASE' asset=HR-DATABASE severity=NO_CONFLICT conflict=False label=CONFIRMED DECISION policies=[]
2026-08-21T20:14:08Z | stress_test | decision='migrar CICD-RUNNERS' asset=CICD-RUNNERS severity=NO_CONFLICT conflict=False label=CONFIRMED DECISION policies=[]
2026-08-21T20:14:08Z | stress_test | decision='migrar MONITORING-STACK' asset=MONITORING-STACK severity=NO_CONFLICT conflict=False label=CONFIRMED DECISION policies=[]
2026-08-21T20:14:08Z | stress_test | decision='migrar COLLAB-SUITE' asset=COLLAB-SUITE severity=NO_CONFLICT conflict=False label=CONFIRMED DECISION policies=[]
2026-08-21T20:14:08Z | stress_test | decision='migrar FILE-SHARE-GLOBAL' asset=FILE-SHARE-GLOBAL severity=NO_CONFLICT conflict=False label=CONFIRMED DECISION policies=[]
2026-08-21T20:14:08Z | stress_test | decision='migrar MFG-CONTROL-02' asset=MFG-CONTROL-02 severity=NO_CONFLICT conflict=False label=CONFIRMED DECISION policies=[]
2026-08-21T20:14:08Z | stress_test | decision='migrar SUPPLY-CHAIN-API' asset=SUPPLY-CHAIN-API severity=NO_CONFLICT conflict=False label=CONFIRMED DECISION policies=[]
2026-08-21T20:14:08Z | stress_test | decision='migrar EMAIL-GATEWAY' asset=EMAIL-GATEWAY severity=NO_CONFLICT conflict=False label=CONFIRMED DECISION policies=[]
2026-08-21T20:14:08Z | stress_test | decision='migrar ASSET-MGMT' asset=ASSET-MGMT severity=NO_CONFLICT conflict=False label=CONFIRMED DECISION policies=[]
2026-08-21T20:14:08Z | stress_test | decision='migrar TIME-SYNC' asset=TIME-SYNC severity=NO_CONFLICT conflict=False label=CONFIRMED DECISION policies=[]
2026-08-21T20:14:08Z | stress_test | decision='migrar LAB-WIFI-CONTROLLER' asset=LAB-WIFI-CONTROLLER severity=NO_CONFLICT conflict=False label=CONFIRMED DECISION policies=[]
2026-08-21T20:14:08Z | stress_test | decision='migrar DEMO-ENV-PORTAL' asset=DEMO-ENV-PORTAL severity=NO_CONFLICT conflict=False label=CONFIRMED DECISION policies=[]
2026-08-21T20:14:08Z | stress_test | decision='migrar TRAINING-SIMULATOR' asset=TRAINING-SIMULATOR severity=NO_CONFLICT conflict=False label=CONFIRMED DECISION policies=[]
2026-08-21T20:14:08Z | stress_test | decision='migrar PRINT-SERVER-HQ' asset=PRINT-SERVER-HQ severity=NO_CONFLICT conflict=False label=CONFIRMED DECISION policies=[]
2026-08-21T20:14:08Z | stress_test | decision='migrar ASSET-042' asset=ASSET-042 severity=NO_CONFLICT conflict=False label=CONFIRMED DECISION policies=[]
2026-08-21T20:14:08Z | stress_test | decision='migrar ASSET-057' asset=ASSET-057 severity=NO_CONFLICT conflict=False label=CONFIRMED DECISION policies=[]
2026-08-21T20:14:08Z | stress_test | decision='migrar ASSET-063' asset=ASSET-063 severity=NO_CONFLICT conflict=False label=CONFIRMED DECISION policies=[]
2026-08-21T20:14:08Z | stress_test | decision='migrar APAC-SG' asset=APAC-SG severity=NO_CONFLICT conflict=False label=CONFIRMED DECISION policies=[]
2026-08-21T20:14:08Z | stress_test | decision='migrar NG-07' asset=NG-07 severity=NO_CONFLICT conflict=False label=CONFIRMED DECISION policies=[]
2026-08-21T20:14:08Z | stress_test | decision='migrar MISSION-CONTROL' asset=MISSION-CONTROL severity=CONFLICT conflict=True label=RECOMMENDED ALTERNATIVE policies=['P002', 'P003', 'P008']
2026-08-21T20:14:08Z | stress_test | decision='migrar PAYMENTS-CORE' asset=PAYMENTS-CORE severity=NO_CONFLICT conflict=False label=CONFIRMED DECISION policies=[]
2026-08-21T20:14:08Z | stress_test | decision='migrar FLIGHT-DATA' asset=FLIGHT-DATA severity=NO_CONFLICT conflict=False label=CONFIRMED DECISION policies=[]
2026-08-21T20:14:08Z | stress_test | decision='migrar SECURITY-SIEM' asset=SECURITY-SIEM severity=NO_CONFLICT conflict=False label=CONFIRMED DECISION policies=[]
2026-08-21T20:14:08Z | stress_test | decision='migrar LEGACY-FTP' asset=LEGACY-FTP severity=NO_CONFLICT conflict=False label=CONFIRMED DECISION policies=[]
2026-08-21T20:14:08Z | stress_test | decision='migrar IDENTITY-CORE' asset=IDENTITY-CORE severity=CONFLICT conflict=True label=RECOMMENDED ALTERNATIVE policies=['P003']
2026-08-21T20:14:08Z | stress_test | decision='migrar SSO-GLOBAL' asset=SSO-GLOBAL severity=NO_CONFLICT conflict=False label=CONFIRMED DECISION policies=[]
2026-08-21T20:14:08Z | stress_test | decision='migrar PKI-ROOT' asset=PKI-ROOT severity=NO_CONFLICT conflict=False label=CONFIRMED DECISION policies=[]
2026-08-21T20:14:08Z | stress_test | decision='migrar PKI-INTERMEDIATE' asset=PKI-INTERMEDIATE severity=NO_CONFLICT conflict=False label=CONFIRMED DECISION policies=[]
2026-08-21T20:14:08Z | stress_test | decision='migrar HSM-CLUSTER-US' asset=HSM-CLUSTER-US severity=NO_CONFLICT conflict=False label=CONFIRMED DECISION policies=[]
2026-08-21T20:14:08Z | stress_test | decision='migrar HSM-CLUSTER-EU' asset=HSM-CLUSTER-EU severity=NO_CONFLICT conflict=False label=CONFIRMED DECISION policies=[]
2026-08-21T20:14:08Z | stress_test | decision='migrar PAYMENT-CORE' asset=PAYMENT-CORE severity=NO_CONFLICT conflict=False label=CONFIRMED DECISION policies=[]
2026-08-21T20:14:08Z | stress_test | decision='migrar COMMAND-SIGNING' asset=COMMAND-SIGNING severity=NO_CONFLICT conflict=False label=CONFIRMED DECISION policies=[]
2026-08-21T20:14:08Z | stress_test | decision='migrar SAT-OPS-01' asset=SAT-OPS-01 severity=CONFLICT conflict=True label=RECOMMENDED ALTERNATIVE policies=['P002', 'P008']
2026-08-21T20:14:08Z | stress_test | decision='migrar GROUND-STATION-EU' asset=GROUND-STATION-EU severity=NO_CONFLICT conflict=False label=CONFIRMED DECISION policies=[]
2026-08-21T20:14:08Z | stress_test | decision='migrar CUSTOMER-PORTAL' asset=CUSTOMER-PORTAL severity=CONFLICT conflict=True label=RECOMMENDED ALTERNATIVE policies=['P003']
2026-08-21T20:14:08Z | stress_test | decision='migrar TELEMETRY-BUS' asset=TELEMETRY-BUS severity=NO_CONFLICT conflict=False label=CONFIRMED DECISION policies=[]
2026-08-21T20:14:08Z | stress_test | decision='migrar DATA-LAKE-01' asset=DATA-LAKE-01 severity=NO_CONFLICT conflict=False label=CONFIRMED DECISION policies=[]
2026-08-21T20:14:08Z | stress_test | decision='migrar GROUND-STATION-US' asset=GROUND-STATION-US severity=NO_CONFLICT conflict=False label=CONFIRMED DECISION policies=[]
2026-08-21T20:14:08Z | stress_test | decision='migrar GROUND-STATION-APAC' asset=GROUND-STATION-APAC severity=NO_CONFLICT conflict=False label=CONFIRMED DECISION policies=[]
2026-08-21T20:14:08Z | stress_test | decision='migrar SAT-OPS-02' asset=SAT-OPS-02 severity=NO_CONFLICT conflict=False label=CONFIRMED DECISION policies=[]
2026-08-21T20:14:08Z | stress_test | decision='migrar SAT-COMMS-RELAY' asset=SAT-COMMS-RELAY severity=NO_CONFLICT conflict=False label=CONFIRMED DECISION policies=[]
2026-08-21T20:14:08Z | stress_test | decision='migrar API-GATEWAY-EDGE' asset=API-GATEWAY-EDGE severity=NO_CONFLICT conflict=False label=CONFIRMED DECISION policies=[]
2026-08-21T20:14:08Z | stress_test | decision='migrar API-GATEWAY-INTERNAL' asset=API-GATEWAY-INTERNAL severity=NO_CONFLICT conflict=False label=CONFIRMED DECISION policies=[]
2026-08-21T20:14:08Z | stress_test | decision='migrar IAM-WORKFORCE' asset=IAM-WORKFORCE severity=NO_CONFLICT conflict=False label=CONFIRMED DECISION policies=[]
2026-08-21T20:14:08Z | stress_test | decision='migrar PKI-EXTERNAL-CA' asset=PKI-EXTERNAL-CA severity=NO_CONFLICT conflict=False label=CONFIRMED DECISION policies=[]
2026-08-21T20:14:08Z | stress_test | decision='migrar KMS-CLOUD-PRIMARY' asset=KMS-CLOUD-PRIMARY severity=NO_CONFLICT conflict=False label=CONFIRMED DECISION policies=[]
2026-08-21T20:14:08Z | stress_test | decision='migrar BACKUP-VAULT-01' asset=BACKUP-VAULT-01 severity=NO_CONFLICT conflict=False label=CONFIRMED DECISION policies=[]
2026-08-21T20:14:08Z | stress_test | decision='migrar ERP-FINANCE' asset=ERP-FINANCE severity=NO_CONFLICT conflict=False label=CONFIRMED DECISION policies=[]
2026-08-21T20:14:08Z | stress_test | decision='migrar MOBILE-BANKING-APP' asset=MOBILE-BANKING-APP severity=NO_CONFLICT conflict=False label=CONFIRMED DECISION policies=[]
2026-08-21T20:14:08Z | stress_test | decision='migrar CODE-SIGNING-PROD' asset=CODE-SIGNING-PROD severity=CONFLICT conflict=True label=RECOMMENDED ALTERNATIVE policies=['P003']
2026-08-21T20:14:08Z | stress_test | decision='migrar FIRMWARE-SIGNING' asset=FIRMWARE-SIGNING severity=CONFLICT conflict=True label=RECOMMENDED ALTERNATIVE policies=['P003']
2026-08-21T20:14:08Z | stress_test | decision='migrar SIEM-CORE' asset=SIEM-CORE severity=NO_CONFLICT conflict=False label=CONFIRMED DECISION policies=[]
2026-08-21T20:14:08Z | stress_test | decision='migrar SOC-PLATFORM' asset=SOC-PLATFORM severity=NO_CONFLICT conflict=False label=CONFIRMED DECISION policies=[]
2026-08-21T20:14:08Z | stress_test | decision='migrar LOGGING-PIPELINE' asset=LOGGING-PIPELINE severity=NO_CONFLICT conflict=False label=CONFIRMED DECISION policies=[]
2026-08-21T20:14:08Z | stress_test | decision='migrar VPN-CORP-PRIMARY' asset=VPN-CORP-PRIMARY severity=NO_CONFLICT conflict=False label=CONFIRMED DECISION policies=[]
2026-08-21T20:14:08Z | stress_test | decision='migrar K8S-PROD-US' asset=K8S-PROD-US severity=NO_CONFLICT conflict=False label=CONFIRMED DECISION policies=[]
2026-08-21T20:14:08Z | stress_test | decision='migrar K8S-PROD-EU' asset=K8S-PROD-EU severity=NO_CONFLICT conflict=False label=CONFIRMED DECISION policies=[]
2026-08-21T20:14:08Z | stress_test | decision='migrar DB-MISSION-PRIMARY' asset=DB-MISSION-PRIMARY severity=NO_CONFLICT conflict=False label=CONFIRMED DECISION policies=[]
2026-08-21T20:14:08Z | stress_test | decision='migrar DB-PAYMENTS' asset=DB-PAYMENTS severity=NO_CONFLICT conflict=False label=CONFIRMED DECISION policies=[]
2026-08-21T20:14:08Z | stress_test | decision='migrar CUSTOMER-API' asset=CUSTOMER-API severity=NO_CONFLICT conflict=False label=CONFIRMED DECISION policies=[]
2026-08-21T20:14:08Z | stress_test | decision='migrar SECURE-COMMS-GW' asset=SECURE-COMMS-GW severity=NO_CONFLICT conflict=False label=CONFIRMED DECISION policies=[]
2026-08-21T20:14:08Z | stress_test | decision='migrar LAUNCH-AUTH' asset=LAUNCH-AUTH severity=NO_CONFLICT conflict=False label=CONFIRMED DECISION policies=[]
2026-08-21T20:14:08Z | stress_test | decision='migrar QA-IDENTITY' asset=QA-IDENTITY severity=NO_CONFLICT conflict=False label=CONFIRMED DECISION policies=[]
2026-08-21T20:14:08Z | stress_test | decision='migrar PARTNER-PORTAL' asset=PARTNER-PORTAL severity=NO_CONFLICT conflict=False label=CONFIRMED DECISION policies=[]
2026-08-21T20:14:08Z | stress_test | decision='migrar BILLING-ENGINE' asset=BILLING-ENGINE severity=NO_CONFLICT conflict=False label=CONFIRMED DECISION policies=[]
2026-08-21T20:14:08Z | stress_test | decision='migrar TREASURY-WORKSTATION' asset=TREASURY-WORKSTATION severity=NO_CONFLICT conflict=False label=CONFIRMED DECISION policies=[]
2026-08-21T20:14:08Z | stress_test | decision='migrar TELEMETRY-ARCHIVE' asset=TELEMETRY-ARCHIVE severity=NO_CONFLICT conflict=False label=CONFIRMED DECISION policies=[]
2026-08-21T20:14:08Z | stress_test | decision='migrar DATA-WAREHOUSE' asset=DATA-WAREHOUSE severity=NO_CONFLICT conflict=False label=CONFIRMED DECISION policies=[]
2026-08-21T20:14:08Z | stress_test | decision='migrar DEV-PORTAL' asset=DEV-PORTAL severity=NO_CONFLICT conflict=False label=CONFIRMED DECISION policies=[]
2026-08-21T20:14:08Z | stress_test | decision='migrar STAGING-K8S' asset=STAGING-K8S severity=NO_CONFLICT conflict=False label=CONFIRMED DECISION policies=[]
2026-08-21T20:14:08Z | stress_test | decision='migrar CLOUD-OBJ-STORE' asset=CLOUD-OBJ-STORE severity=NO_CONFLICT conflict=False label=CONFIRMED DECISION policies=[]
2026-08-21T20:14:08Z | stress_test | decision='migrar DNS-INTERNAL' asset=DNS-INTERNAL severity=NO_CONFLICT conflict=False label=CONFIRMED DECISION policies=[]
2026-08-21T20:14:08Z | stress_test | decision='migrar REGION-LB-EU' asset=REGION-LB-EU severity=NO_CONFLICT conflict=False label=CONFIRMED DECISION policies=[]
2026-08-21T20:14:08Z | stress_test | decision='migrar REGION-LB-US' asset=REGION-LB-US severity=NO_CONFLICT conflict=False label=CONFIRMED DECISION policies=[]
2026-08-21T20:14:08Z | stress_test | decision='migrar GUEST-NETWORK-PORTAL' asset=GUEST-NETWORK-PORTAL severity=NO_CONFLICT conflict=False label=CONFIRMED DECISION policies=[]
2026-08-21T20:14:08Z | stress_test | decision='migrar LEGACY-VPN-EU' asset=LEGACY-VPN-EU severity=NO_CONFLICT conflict=False label=CONFIRMED DECISION policies=[]
2026-08-21T20:14:08Z | stress_test | decision='migrar LEGACY-PKI-01' asset=LEGACY-PKI-01 severity=NO_CONFLICT conflict=False label=CONFIRMED DECISION policies=[]
2026-08-21T20:14:08Z | stress_test | decision='migrar LEGACY-ERP-02' asset=LEGACY-ERP-02 severity=CONFLICT conflict=True label=RECOMMENDED ALTERNATIVE policies=['P003']
2026-08-21T20:14:08Z | stress_test | decision='migrar LEGACY-MANUFACTURING' asset=LEGACY-MANUFACTURING severity=NO_CONFLICT conflict=False label=CONFIRMED DECISION policies=[]
2026-08-21T20:14:08Z | stress_test | decision='migrar LEGACY-RADIUS' asset=LEGACY-RADIUS severity=NO_CONFLICT conflict=False label=CONFIRMED DECISION policies=[]
2026-08-21T20:14:08Z | stress_test | decision='migrar LEGACY-BACKUP-TAPE' asset=LEGACY-BACKUP-TAPE severity=NO_CONFLICT conflict=False label=CONFIRMED DECISION policies=[]
2026-08-21T20:14:08Z | stress_test | decision='migrar GIT-INFRA' asset=GIT-INFRA severity=NO_CONFLICT conflict=False label=CONFIRMED DECISION policies=[]
2026-08-21T20:14:08Z | stress_test | decision='migrar MFG-CONTROL-01' asset=MFG-CONTROL-01 severity=NO_CONFLICT conflict=False label=CONFIRMED DECISION policies=[]
2026-08-21T20:14:08Z | stress_test | decision='migrar PQC-PILOT-DSA' asset=PQC-PILOT-DSA severity=NO_CONFLICT conflict=False label=CONFIRMED DECISION policies=[]
2026-08-21T20:14:08Z | stress_test | decision='migrar PQC-PILOT-KEM' asset=PQC-PILOT-KEM severity=NO_CONFLICT conflict=False label=CONFIRMED DECISION policies=[]
2026-08-21T20:14:08Z | stress_test | decision='migrar ASSET-071' asset=ASSET-071 severity=NO_CONFLICT conflict=False label=CONFIRMED DECISION policies=[]
2026-08-21T20:14:08Z | stress_test | decision='migrar HR-PORTAL' asset=HR-PORTAL severity=NO_CONFLICT conflict=False label=CONFIRMED DECISION policies=[]
2026-08-21T20:14:08Z | stress_test | decision='migrar HR-DATABASE' asset=HR-DATABASE severity=NO_CONFLICT conflict=False label=CONFIRMED DECISION policies=[]
2026-08-21T20:14:08Z | stress_test | decision='migrar CICD-RUNNERS' asset=CICD-RUNNERS severity=NO_CONFLICT conflict=False label=CONFIRMED DECISION policies=[]
2026-08-21T20:14:08Z | stress_test | decision='migrar MONITORING-STACK' asset=MONITORING-STACK severity=NO_CONFLICT conflict=False label=CONFIRMED DECISION policies=[]
2026-08-21T20:14:08Z | stress_test | decision='migrar COLLAB-SUITE' asset=COLLAB-SUITE severity=NO_CONFLICT conflict=False label=CONFIRMED DECISION policies=[]
2026-08-21T20:14:08Z | stress_test | decision='migrar FILE-SHARE-GLOBAL' asset=FILE-SHARE-GLOBAL severity=NO_CONFLICT conflict=False label=CONFIRMED DECISION policies=[]
2026-08-21T20:14:08Z | stress_test | decision='migrar MFG-CONTROL-02' asset=MFG-CONTROL-02 severity=NO_CONFLICT conflict=False label=CONFIRMED DECISION policies=[]
2026-08-21T20:14:08Z | stress_test | decision='migrar SUPPLY-CHAIN-API' asset=SUPPLY-CHAIN-API severity=NO_CONFLICT conflict=False label=CONFIRMED DECISION policies=[]
2026-08-21T20:14:08Z | stress_test | decision='migrar EMAIL-GATEWAY' asset=EMAIL-GATEWAY severity=NO_CONFLICT conflict=False label=CONFIRMED DECISION policies=[]
2026-08-21T20:14:08Z | stress_test | decision='migrar ASSET-MGMT' asset=ASSET-MGMT severity=NO_CONFLICT conflict=False label=CONFIRMED DECISION policies=[]
2026-08-21T20:14:08Z | stress_test | decision='migrar TIME-SYNC' asset=TIME-SYNC severity=NO_CONFLICT conflict=False label=CONFIRMED DECISION policies=[]
2026-08-21T20:14:08Z | stress_test | decision='migrar LAB-WIFI-CONTROLLER' asset=LAB-WIFI-CONTROLLER severity=NO_CONFLICT conflict=False label=CONFIRMED DECISION policies=[]
2026-08-21T20:14:08Z | stress_test | decision='migrar DEMO-ENV-PORTAL' asset=DEMO-ENV-PORTAL severity=NO_CONFLICT conflict=False label=CONFIRMED DECISION policies=[]
2026-08-21T20:14:08Z | stress_test | decision='migrar TRAINING-SIMULATOR' asset=TRAINING-SIMULATOR severity=NO_CONFLICT conflict=False label=CONFIRMED DECISION policies=[]
2026-08-21T20:14:08Z | stress_test | decision='migrar PRINT-SERVER-HQ' asset=PRINT-SERVER-HQ severity=NO_CONFLICT conflict=False label=CONFIRMED DECISION policies=[]
2026-08-21T20:14:08Z | stress_test | decision='migrar ASSET-042' asset=ASSET-042 severity=NO_CONFLICT conflict=False label=CONFIRMED DECISION policies=[]
2026-08-21T20:14:08Z | stress_test | decision='migrar ASSET-057' asset=ASSET-057 severity=NO_CONFLICT conflict=False label=CONFIRMED DECISION policies=[]
2026-08-21T20:14:08Z | stress_test | decision='migrar ASSET-063' asset=ASSET-063 severity=NO_CONFLICT conflict=False label=CONFIRMED DECISION policies=[]
2026-08-21T20:14:08Z | stress_test | decision='migrar APAC-SG' asset=APAC-SG severity=NO_CONFLICT conflict=False label=CONFIRMED DECISION policies=[]
2026-08-21T20:14:08Z | stress_test | decision='migrar NG-07' asset=NG-07 severity=NO_CONFLICT conflict=False label=CONFIRMED DECISION policies=[]
2026-08-21T20:14:08Z | stress_test | decision='migrar MISSION-CONTROL' asset=MISSION-CONTROL severity=CONFLICT conflict=True label=RECOMMENDED ALTERNATIVE policies=['P002', 'P003', 'P008']
2026-08-21T20:14:08Z | stress_test | decision='migrar PAYMENTS-CORE' asset=PAYMENTS-CORE severity=NO_CONFLICT conflict=False label=CONFIRMED DECISION policies=[]
2026-08-21T20:14:08Z | stress_test | decision='migrar FLIGHT-DATA' asset=FLIGHT-DATA severity=NO_CONFLICT conflict=False label=CONFIRMED DECISION policies=[]
2026-08-21T20:14:08Z | stress_test | decision='migrar SECURITY-SIEM' asset=SECURITY-SIEM severity=NO_CONFLICT conflict=False label=CONFIRMED DECISION policies=[]
2026-08-21T20:14:08Z | stress_test | decision='migrar LEGACY-FTP' asset=LEGACY-FTP severity=NO_CONFLICT conflict=False label=CONFIRMED DECISION policies=[]
2026-08-21T20:14:09Z | stress_test | decision='migrar IDENTITY-CORE' asset=IDENTITY-CORE severity=CONFLICT conflict=True label=RECOMMENDED ALTERNATIVE policies=['P003']
2026-08-21T20:14:09Z | stress_test | decision='migrar SSO-GLOBAL' asset=SSO-GLOBAL severity=NO_CONFLICT conflict=False label=CONFIRMED DECISION policies=[]
2026-08-21T20:14:09Z | stress_test | decision='migrar PKI-ROOT' asset=PKI-ROOT severity=NO_CONFLICT conflict=False label=CONFIRMED DECISION policies=[]
2026-08-21T20:14:09Z | stress_test | decision='migrar PKI-INTERMEDIATE' asset=PKI-INTERMEDIATE severity=NO_CONFLICT conflict=False label=CONFIRMED DECISION policies=[]
2026-08-21T20:14:09Z | stress_test | decision='migrar HSM-CLUSTER-US' asset=HSM-CLUSTER-US severity=NO_CONFLICT conflict=False label=CONFIRMED DECISION policies=[]
2026-08-21T20:14:09Z | stress_test | decision='migrar HSM-CLUSTER-EU' asset=HSM-CLUSTER-EU severity=NO_CONFLICT conflict=False label=CONFIRMED DECISION policies=[]
2026-08-21T20:14:09Z | stress_test | decision='migrar PAYMENT-CORE' asset=PAYMENT-CORE severity=NO_CONFLICT conflict=False label=CONFIRMED DECISION policies=[]
2026-08-21T20:14:09Z | stress_test | decision='migrar COMMAND-SIGNING' asset=COMMAND-SIGNING severity=NO_CONFLICT conflict=False label=CONFIRMED DECISION policies=[]
2026-08-21T20:14:09Z | stress_test | decision='migrar SAT-OPS-01' asset=SAT-OPS-01 severity=CONFLICT conflict=True label=RECOMMENDED ALTERNATIVE policies=['P002', 'P008']
2026-08-21T20:14:09Z | stress_test | decision='migrar GROUND-STATION-EU' asset=GROUND-STATION-EU severity=NO_CONFLICT conflict=False label=CONFIRMED DECISION policies=[]
2026-08-21T20:14:09Z | stress_test | decision='migrar CUSTOMER-PORTAL' asset=CUSTOMER-PORTAL severity=CONFLICT conflict=True label=RECOMMENDED ALTERNATIVE policies=['P003']
2026-08-21T20:14:09Z | stress_test | decision='migrar TELEMETRY-BUS' asset=TELEMETRY-BUS severity=NO_CONFLICT conflict=False label=CONFIRMED DECISION policies=[]
2026-08-21T20:14:09Z | stress_test | decision='migrar DATA-LAKE-01' asset=DATA-LAKE-01 severity=NO_CONFLICT conflict=False label=CONFIRMED DECISION policies=[]
2026-08-21T20:14:09Z | stress_test | decision='migrar GROUND-STATION-US' asset=GROUND-STATION-US severity=NO_CONFLICT conflict=False label=CONFIRMED DECISION policies=[]
2026-08-21T20:14:09Z | stress_test | decision='migrar GROUND-STATION-APAC' asset=GROUND-STATION-APAC severity=NO_CONFLICT conflict=False label=CONFIRMED DECISION policies=[]
2026-08-21T20:14:09Z | stress_test | decision='migrar SAT-OPS-02' asset=SAT-OPS-02 severity=NO_CONFLICT conflict=False label=CONFIRMED DECISION policies=[]
2026-08-21T20:14:09Z | stress_test | decision='migrar SAT-COMMS-RELAY' asset=SAT-COMMS-RELAY severity=NO_CONFLICT conflict=False label=CONFIRMED DECISION policies=[]
2026-08-21T20:14:09Z | stress_test | decision='migrar API-GATEWAY-EDGE' asset=API-GATEWAY-EDGE severity=NO_CONFLICT conflict=False label=CONFIRMED DECISION policies=[]
2026-08-21T20:14:09Z | stress_test | decision='migrar API-GATEWAY-INTERNAL' asset=API-GATEWAY-INTERNAL severity=NO_CONFLICT conflict=False label=CONFIRMED DECISION policies=[]
2026-08-21T20:14:09Z | stress_test | decision='migrar IAM-WORKFORCE' asset=IAM-WORKFORCE severity=NO_CONFLICT conflict=False label=CONFIRMED DECISION policies=[]
2026-08-21T20:14:09Z | stress_test | decision='migrar PKI-EXTERNAL-CA' asset=PKI-EXTERNAL-CA severity=NO_CONFLICT conflict=False label=CONFIRMED DECISION policies=[]
2026-08-21T20:14:09Z | stress_test | decision='migrar KMS-CLOUD-PRIMARY' asset=KMS-CLOUD-PRIMARY severity=NO_CONFLICT conflict=False label=CONFIRMED DECISION policies=[]
2026-08-21T20:14:09Z | stress_test | decision='migrar BACKUP-VAULT-01' asset=BACKUP-VAULT-01 severity=NO_CONFLICT conflict=False label=CONFIRMED DECISION policies=[]
2026-08-21T20:14:09Z | stress_test | decision='migrar ERP-FINANCE' asset=ERP-FINANCE severity=NO_CONFLICT conflict=False label=CONFIRMED DECISION policies=[]
2026-08-21T20:14:09Z | stress_test | decision='migrar MOBILE-BANKING-APP' asset=MOBILE-BANKING-APP severity=NO_CONFLICT conflict=False label=CONFIRMED DECISION policies=[]
2026-08-21T20:14:09Z | stress_test | decision='migrar CODE-SIGNING-PROD' asset=CODE-SIGNING-PROD severity=CONFLICT conflict=True label=RECOMMENDED ALTERNATIVE policies=['P003']
2026-08-21T20:14:09Z | stress_test | decision='migrar FIRMWARE-SIGNING' asset=FIRMWARE-SIGNING severity=CONFLICT conflict=True label=RECOMMENDED ALTERNATIVE policies=['P003']
2026-08-21T20:14:09Z | stress_test | decision='migrar SIEM-CORE' asset=SIEM-CORE severity=NO_CONFLICT conflict=False label=CONFIRMED DECISION policies=[]
2026-08-21T20:14:09Z | stress_test | decision='migrar SOC-PLATFORM' asset=SOC-PLATFORM severity=NO_CONFLICT conflict=False label=CONFIRMED DECISION policies=[]
2026-08-21T20:14:09Z | stress_test | decision='migrar LOGGING-PIPELINE' asset=LOGGING-PIPELINE severity=NO_CONFLICT conflict=False label=CONFIRMED DECISION policies=[]
2026-08-21T20:14:09Z | stress_test | decision='migrar VPN-CORP-PRIMARY' asset=VPN-CORP-PRIMARY severity=NO_CONFLICT conflict=False label=CONFIRMED DECISION policies=[]
2026-08-21T20:14:09Z | stress_test | decision='migrar K8S-PROD-US' asset=K8S-PROD-US severity=NO_CONFLICT conflict=False label=CONFIRMED DECISION policies=[]
2026-08-21T20:14:09Z | stress_test | decision='migrar K8S-PROD-EU' asset=K8S-PROD-EU severity=NO_CONFLICT conflict=False label=CONFIRMED DECISION policies=[]
2026-08-21T20:14:09Z | stress_test | decision='migrar DB-MISSION-PRIMARY' asset=DB-MISSION-PRIMARY severity=NO_CONFLICT conflict=False label=CONFIRMED DECISION policies=[]
2026-08-21T20:14:09Z | stress_test | decision='migrar DB-PAYMENTS' asset=DB-PAYMENTS severity=NO_CONFLICT conflict=False label=CONFIRMED DECISION policies=[]
2026-08-21T20:14:09Z | stress_test | decision='migrar CUSTOMER-API' asset=CUSTOMER-API severity=NO_CONFLICT conflict=False label=CONFIRMED DECISION policies=[]
2026-08-21T20:14:09Z | stress_test | decision='migrar SECURE-COMMS-GW' asset=SECURE-COMMS-GW severity=NO_CONFLICT conflict=False label=CONFIRMED DECISION policies=[]
2026-08-21T20:14:09Z | stress_test | decision='migrar LAUNCH-AUTH' asset=LAUNCH-AUTH severity=NO_CONFLICT conflict=False label=CONFIRMED DECISION policies=[]
2026-08-21T20:14:09Z | stress_test | decision='migrar QA-IDENTITY' asset=QA-IDENTITY severity=NO_CONFLICT conflict=False label=CONFIRMED DECISION policies=[]
2026-08-21T20:14:09Z | stress_test | decision='migrar PARTNER-PORTAL' asset=PARTNER-PORTAL severity=NO_CONFLICT conflict=False label=CONFIRMED DECISION policies=[]
2026-08-21T20:14:09Z | stress_test | decision='migrar BILLING-ENGINE' asset=BILLING-ENGINE severity=NO_CONFLICT conflict=False label=CONFIRMED DECISION policies=[]
2026-08-21T20:14:09Z | stress_test | decision='migrar TREASURY-WORKSTATION' asset=TREASURY-WORKSTATION severity=NO_CONFLICT conflict=False label=CONFIRMED DECISION policies=[]
2026-08-21T20:14:09Z | stress_test | decision='migrar TELEMETRY-ARCHIVE' asset=TELEMETRY-ARCHIVE severity=NO_CONFLICT conflict=False label=CONFIRMED DECISION policies=[]
2026-08-21T20:14:09Z | stress_test | decision='migrar DATA-WAREHOUSE' asset=DATA-WAREHOUSE severity=NO_CONFLICT conflict=False label=CONFIRMED DECISION policies=[]
2026-08-21T20:14:09Z | stress_test | decision='migrar DEV-PORTAL' asset=DEV-PORTAL severity=NO_CONFLICT conflict=False label=CONFIRMED DECISION policies=[]
2026-08-21T20:14:09Z | stress_test | decision='migrar STAGING-K8S' asset=STAGING-K8S severity=NO_CONFLICT conflict=False label=CONFIRMED DECISION policies=[]
2026-08-21T20:14:09Z | stress_test | decision='migrar CLOUD-OBJ-STORE' asset=CLOUD-OBJ-STORE severity=NO_CONFLICT conflict=False label=CONFIRMED DECISION policies=[]
2026-08-21T20:14:09Z | stress_test | decision='migrar DNS-INTERNAL' asset=DNS-INTERNAL severity=NO_CONFLICT conflict=False label=CONFIRMED DECISION policies=[]
2026-08-21T20:14:09Z | stress_test | decision='migrar REGION-LB-EU' asset=REGION-LB-EU severity=NO_CONFLICT conflict=False label=CONFIRMED DECISION policies=[]
2026-08-21T20:14:09Z | stress_test | decision='migrar REGION-LB-US' asset=REGION-LB-US severity=NO_CONFLICT conflict=False label=CONFIRMED DECISION policies=[]
2026-08-21T20:14:09Z | stress_test | decision='migrar GUEST-NETWORK-PORTAL' asset=GUEST-NETWORK-PORTAL severity=NO_CONFLICT conflict=False label=CONFIRMED DECISION policies=[]
2026-08-21T20:14:09Z | stress_test | decision='migrar LEGACY-VPN-EU' asset=LEGACY-VPN-EU severity=NO_CONFLICT conflict=False label=CONFIRMED DECISION policies=[]
2026-08-21T20:14:09Z | stress_test | decision='migrar LEGACY-PKI-01' asset=LEGACY-PKI-01 severity=NO_CONFLICT conflict=False label=CONFIRMED DECISION policies=[]
2026-08-21T20:14:09Z | stress_test | decision='migrar LEGACY-ERP-02' asset=LEGACY-ERP-02 severity=CONFLICT conflict=True label=RECOMMENDED ALTERNATIVE policies=['P003']
2026-08-21T20:14:09Z | stress_test | decision='migrar LEGACY-MANUFACTURING' asset=LEGACY-MANUFACTURING severity=NO_CONFLICT conflict=False label=CONFIRMED DECISION policies=[]
2026-08-21T20:14:09Z | stress_test | decision='migrar LEGACY-RADIUS' asset=LEGACY-RADIUS severity=NO_CONFLICT conflict=False label=CONFIRMED DECISION policies=[]
2026-08-21T20:14:09Z | stress_test | decision='migrar LEGACY-BACKUP-TAPE' asset=LEGACY-BACKUP-TAPE severity=NO_CONFLICT conflict=False label=CONFIRMED DECISION policies=[]
2026-08-21T20:14:09Z | stress_test | decision='migrar GIT-INFRA' asset=GIT-INFRA severity=NO_CONFLICT conflict=False label=CONFIRMED DECISION policies=[]
2026-08-21T20:14:09Z | stress_test | decision='migrar MFG-CONTROL-01' asset=MFG-CONTROL-01 severity=NO_CONFLICT conflict=False label=CONFIRMED DECISION policies=[]
2026-08-21T20:14:09Z | stress_test | decision='migrar PQC-PILOT-DSA' asset=PQC-PILOT-DSA severity=NO_CONFLICT conflict=False label=CONFIRMED DECISION policies=[]
2026-08-21T20:14:09Z | stress_test | decision='migrar PQC-PILOT-KEM' asset=PQC-PILOT-KEM severity=NO_CONFLICT conflict=False label=CONFIRMED DECISION policies=[]
2026-08-21T20:14:09Z | stress_test | decision='migrar ASSET-071' asset=ASSET-071 severity=NO_CONFLICT conflict=False label=CONFIRMED DECISION policies=[]
2026-08-21T20:14:09Z | stress_test | decision='migrar HR-PORTAL' asset=HR-PORTAL severity=NO_CONFLICT conflict=False label=CONFIRMED DECISION policies=[]
2026-08-21T20:14:09Z | stress_test | decision='migrar HR-DATABASE' asset=HR-DATABASE severity=NO_CONFLICT conflict=False label=CONFIRMED DECISION policies=[]
2026-08-21T20:14:09Z | stress_test | decision='migrar CICD-RUNNERS' asset=CICD-RUNNERS severity=NO_CONFLICT conflict=False label=CONFIRMED DECISION policies=[]
2026-08-21T20:14:09Z | stress_test | decision='migrar MONITORING-STACK' asset=MONITORING-STACK severity=NO_CONFLICT conflict=False label=CONFIRMED DECISION policies=[]
2026-08-21T20:14:09Z | stress_test | decision='migrar COLLAB-SUITE' asset=COLLAB-SUITE severity=NO_CONFLICT conflict=False label=CONFIRMED DECISION policies=[]
2026-08-21T20:14:09Z | stress_test | decision='migrar FILE-SHARE-GLOBAL' asset=FILE-SHARE-GLOBAL severity=NO_CONFLICT conflict=False label=CONFIRMED DECISION policies=[]
2026-08-21T20:14:09Z | stress_test | decision='migrar MFG-CONTROL-02' asset=MFG-CONTROL-02 severity=NO_CONFLICT conflict=False label=CONFIRMED DECISION policies=[]
2026-08-21T20:14:09Z | stress_test | decision='migrar SUPPLY-CHAIN-API' asset=SUPPLY-CHAIN-API severity=NO_CONFLICT conflict=False label=CONFIRMED DECISION policies=[]
2026-08-21T20:14:09Z | stress_test | decision='migrar EMAIL-GATEWAY' asset=EMAIL-GATEWAY severity=NO_CONFLICT conflict=False label=CONFIRMED DECISION policies=[]
2026-08-21T20:14:09Z | stress_test | decision='migrar ASSET-MGMT' asset=ASSET-MGMT severity=NO_CONFLICT conflict=False label=CONFIRMED DECISION policies=[]
2026-08-21T20:14:09Z | stress_test | decision='migrar TIME-SYNC' asset=TIME-SYNC severity=NO_CONFLICT conflict=False label=CONFIRMED DECISION policies=[]
2026-08-21T20:14:09Z | stress_test | decision='migrar LAB-WIFI-CONTROLLER' asset=LAB-WIFI-CONTROLLER severity=NO_CONFLICT conflict=False label=CONFIRMED DECISION policies=[]
2026-08-21T20:14:09Z | stress_test | decision='migrar DEMO-ENV-PORTAL' asset=DEMO-ENV-PORTAL severity=NO_CONFLICT conflict=False label=CONFIRMED DECISION policies=[]
2026-08-21T20:14:09Z | stress_test | decision='migrar TRAINING-SIMULATOR' asset=TRAINING-SIMULATOR severity=NO_CONFLICT conflict=False label=CONFIRMED DECISION policies=[]
2026-08-21T20:14:09Z | stress_test | decision='migrar PRINT-SERVER-HQ' asset=PRINT-SERVER-HQ severity=NO_CONFLICT conflict=False label=CONFIRMED DECISION policies=[]
2026-08-21T20:14:09Z | stress_test | decision='migrar ASSET-042' asset=ASSET-042 severity=NO_CONFLICT conflict=False label=CONFIRMED DECISION policies=[]
2026-08-21T20:14:09Z | stress_test | decision='migrar ASSET-057' asset=ASSET-057 severity=NO_CONFLICT conflict=False label=CONFIRMED DECISION policies=[]
2026-08-21T20:14:09Z | stress_test | decision='migrar ASSET-063' asset=ASSET-063 severity=NO_CONFLICT conflict=False label=CONFIRMED DECISION policies=[]
2026-08-21T20:14:09Z | stress_test | decision='migrar APAC-SG' asset=APAC-SG severity=NO_CONFLICT conflict=False label=CONFIRMED DECISION policies=[]
2026-08-21T20:14:09Z | stress_test | decision='migrar NG-07' asset=NG-07 severity=NO_CONFLICT conflict=False label=CONFIRMED DECISION policies=[]
2026-08-21T20:14:09Z | stress_test | decision='migrar MISSION-CONTROL' asset=MISSION-CONTROL severity=CONFLICT conflict=True label=RECOMMENDED ALTERNATIVE policies=['P002', 'P003', 'P008']
2026-08-21T20:14:09Z | stress_test | decision='migrar PAYMENTS-CORE' asset=PAYMENTS-CORE severity=NO_CONFLICT conflict=False label=CONFIRMED DECISION policies=[]
2026-08-21T20:14:09Z | stress_test | decision='migrar FLIGHT-DATA' asset=FLIGHT-DATA severity=NO_CONFLICT conflict=False label=CONFIRMED DECISION policies=[]
2026-08-21T20:14:09Z | stress_test | decision='migrar SECURITY-SIEM' asset=SECURITY-SIEM severity=NO_CONFLICT conflict=False label=CONFIRMED DECISION policies=[]
2026-08-21T20:14:09Z | stress_test | decision='migrar LEGACY-FTP' asset=LEGACY-FTP severity=NO_CONFLICT conflict=False label=CONFIRMED DECISION policies=[]
2026-08-21T20:14:10Z | stress_test | decision='migrar IDENTITY-CORE' asset=IDENTITY-CORE severity=CONFLICT conflict=True label=RECOMMENDED ALTERNATIVE policies=['P003']
2026-08-21T20:14:10Z | stress_test | decision='migrar SSO-GLOBAL' asset=SSO-GLOBAL severity=NO_CONFLICT conflict=False label=CONFIRMED DECISION policies=[]
2026-08-21T20:14:10Z | stress_test | decision='migrar PKI-ROOT' asset=PKI-ROOT severity=NO_CONFLICT conflict=False label=CONFIRMED DECISION policies=[]
2026-08-21T20:14:10Z | stress_test | decision='migrar PKI-INTERMEDIATE' asset=PKI-INTERMEDIATE severity=NO_CONFLICT conflict=False label=CONFIRMED DECISION policies=[]
2026-08-21T20:14:10Z | stress_test | decision='migrar HSM-CLUSTER-US' asset=HSM-CLUSTER-US severity=NO_CONFLICT conflict=False label=CONFIRMED DECISION policies=[]
2026-08-21T20:14:10Z | stress_test | decision='migrar HSM-CLUSTER-EU' asset=HSM-CLUSTER-EU severity=NO_CONFLICT conflict=False label=CONFIRMED DECISION policies=[]
2026-08-21T20:14:10Z | stress_test | decision='migrar PAYMENT-CORE' asset=PAYMENT-CORE severity=NO_CONFLICT conflict=False label=CONFIRMED DECISION policies=[]
2026-08-21T20:14:10Z | stress_test | decision='migrar COMMAND-SIGNING' asset=COMMAND-SIGNING severity=NO_CONFLICT conflict=False label=CONFIRMED DECISION policies=[]
2026-08-21T20:14:10Z | stress_test | decision='migrar SAT-OPS-01' asset=SAT-OPS-01 severity=CONFLICT conflict=True label=RECOMMENDED ALTERNATIVE policies=['P002', 'P008']
2026-08-21T20:14:10Z | stress_test | decision='migrar GROUND-STATION-EU' asset=GROUND-STATION-EU severity=NO_CONFLICT conflict=False label=CONFIRMED DECISION policies=[]
2026-08-21T20:14:10Z | stress_test | decision='migrar CUSTOMER-PORTAL' asset=CUSTOMER-PORTAL severity=CONFLICT conflict=True label=RECOMMENDED ALTERNATIVE policies=['P003']
2026-08-21T20:14:10Z | stress_test | decision='migrar TELEMETRY-BUS' asset=TELEMETRY-BUS severity=NO_CONFLICT conflict=False label=CONFIRMED DECISION policies=[]
2026-08-21T20:14:10Z | stress_test | decision='migrar DATA-LAKE-01' asset=DATA-LAKE-01 severity=NO_CONFLICT conflict=False label=CONFIRMED DECISION policies=[]
2026-08-21T20:14:10Z | stress_test | decision='migrar GROUND-STATION-US' asset=GROUND-STATION-US severity=NO_CONFLICT conflict=False label=CONFIRMED DECISION policies=[]
2026-08-21T20:14:10Z | stress_test | decision='migrar GROUND-STATION-APAC' asset=GROUND-STATION-APAC severity=NO_CONFLICT conflict=False label=CONFIRMED DECISION policies=[]
2026-08-21T20:14:10Z | stress_test | decision='migrar SAT-OPS-02' asset=SAT-OPS-02 severity=NO_CONFLICT conflict=False label=CONFIRMED DECISION policies=[]
2026-08-21T20:14:10Z | stress_test | decision='migrar SAT-COMMS-RELAY' asset=SAT-COMMS-RELAY severity=NO_CONFLICT conflict=False label=CONFIRMED DECISION policies=[]
2026-08-21T20:14:10Z | stress_test | decision='migrar API-GATEWAY-EDGE' asset=API-GATEWAY-EDGE severity=NO_CONFLICT conflict=False label=CONFIRMED DECISION policies=[]
2026-08-21T20:14:10Z | stress_test | decision='migrar API-GATEWAY-INTERNAL' asset=API-GATEWAY-INTERNAL severity=NO_CONFLICT conflict=False label=CONFIRMED DECISION policies=[]
2026-08-21T20:14:10Z | stress_test | decision='migrar IAM-WORKFORCE' asset=IAM-WORKFORCE severity=NO_CONFLICT conflict=False label=CONFIRMED DECISION policies=[]
2026-08-21T20:14:10Z | stress_test | decision='migrar PKI-EXTERNAL-CA' asset=PKI-EXTERNAL-CA severity=NO_CONFLICT conflict=False label=CONFIRMED DECISION policies=[]
2026-08-21T20:14:10Z | stress_test | decision='migrar KMS-CLOUD-PRIMARY' asset=KMS-CLOUD-PRIMARY severity=NO_CONFLICT conflict=False label=CONFIRMED DECISION policies=[]
2026-08-21T20:14:10Z | stress_test | decision='migrar BACKUP-VAULT-01' asset=BACKUP-VAULT-01 severity=NO_CONFLICT conflict=False label=CONFIRMED DECISION policies=[]
2026-08-21T20:14:10Z | stress_test | decision='migrar ERP-FINANCE' asset=ERP-FINANCE severity=NO_CONFLICT conflict=False label=CONFIRMED DECISION policies=[]
2026-08-21T20:14:10Z | stress_test | decision='migrar MOBILE-BANKING-APP' asset=MOBILE-BANKING-APP severity=NO_CONFLICT conflict=False label=CONFIRMED DECISION policies=[]
2026-08-21T20:14:10Z | stress_test | decision='migrar CODE-SIGNING-PROD' asset=CODE-SIGNING-PROD severity=CONFLICT conflict=True label=RECOMMENDED ALTERNATIVE policies=['P003']
2026-08-21T20:14:10Z | stress_test | decision='migrar FIRMWARE-SIGNING' asset=FIRMWARE-SIGNING severity=CONFLICT conflict=True label=RECOMMENDED ALTERNATIVE policies=['P003']
2026-08-21T20:14:10Z | stress_test | decision='migrar SIEM-CORE' asset=SIEM-CORE severity=NO_CONFLICT conflict=False label=CONFIRMED DECISION policies=[]
2026-08-21T20:14:10Z | stress_test | decision='migrar SOC-PLATFORM' asset=SOC-PLATFORM severity=NO_CONFLICT conflict=False label=CONFIRMED DECISION policies=[]
2026-08-21T20:14:10Z | stress_test | decision='migrar LOGGING-PIPELINE' asset=LOGGING-PIPELINE severity=NO_CONFLICT conflict=False label=CONFIRMED DECISION policies=[]
2026-08-21T20:14:10Z | stress_test | decision='migrar VPN-CORP-PRIMARY' asset=VPN-CORP-PRIMARY severity=NO_CONFLICT conflict=False label=CONFIRMED DECISION policies=[]
2026-08-21T20:14:10Z | stress_test | decision='migrar K8S-PROD-US' asset=K8S-PROD-US severity=NO_CONFLICT conflict=False label=CONFIRMED DECISION policies=[]
2026-08-21T20:14:10Z | stress_test | decision='migrar K8S-PROD-EU' asset=K8S-PROD-EU severity=NO_CONFLICT conflict=False label=CONFIRMED DECISION policies=[]
2026-08-21T20:14:10Z | stress_test | decision='migrar DB-MISSION-PRIMARY' asset=DB-MISSION-PRIMARY severity=NO_CONFLICT conflict=False label=CONFIRMED DECISION policies=[]
2026-08-21T20:14:10Z | stress_test | decision='migrar DB-PAYMENTS' asset=DB-PAYMENTS severity=NO_CONFLICT conflict=False label=CONFIRMED DECISION policies=[]
2026-08-21T20:14:10Z | stress_test | decision='migrar CUSTOMER-API' asset=CUSTOMER-API severity=NO_CONFLICT conflict=False label=CONFIRMED DECISION policies=[]
2026-08-21T20:14:10Z | stress_test | decision='migrar SECURE-COMMS-GW' asset=SECURE-COMMS-GW severity=NO_CONFLICT conflict=False label=CONFIRMED DECISION policies=[]
2026-08-21T20:14:10Z | stress_test | decision='migrar LAUNCH-AUTH' asset=LAUNCH-AUTH severity=NO_CONFLICT conflict=False label=CONFIRMED DECISION policies=[]
2026-08-21T20:14:10Z | stress_test | decision='migrar QA-IDENTITY' asset=QA-IDENTITY severity=NO_CONFLICT conflict=False label=CONFIRMED DECISION policies=[]
2026-08-21T20:14:10Z | stress_test | decision='migrar PARTNER-PORTAL' asset=PARTNER-PORTAL severity=NO_CONFLICT conflict=False label=CONFIRMED DECISION policies=[]
2026-08-21T20:14:10Z | stress_test | decision='migrar BILLING-ENGINE' asset=BILLING-ENGINE severity=NO_CONFLICT conflict=False label=CONFIRMED DECISION policies=[]
2026-08-21T20:14:10Z | stress_test | decision='migrar TREASURY-WORKSTATION' asset=TREASURY-WORKSTATION severity=NO_CONFLICT conflict=False label=CONFIRMED DECISION policies=[]
2026-08-21T20:14:10Z | stress_test | decision='migrar TELEMETRY-ARCHIVE' asset=TELEMETRY-ARCHIVE severity=NO_CONFLICT conflict=False label=CONFIRMED DECISION policies=[]
2026-08-21T20:14:10Z | stress_test | decision='migrar DATA-WAREHOUSE' asset=DATA-WAREHOUSE severity=NO_CONFLICT conflict=False label=CONFIRMED DECISION policies=[]
2026-08-21T20:14:10Z | stress_test | decision='migrar DEV-PORTAL' asset=DEV-PORTAL severity=NO_CONFLICT conflict=False label=CONFIRMED DECISION policies=[]
2026-08-21T20:14:10Z | stress_test | decision='migrar STAGING-K8S' asset=STAGING-K8S severity=NO_CONFLICT conflict=False label=CONFIRMED DECISION policies=[]
2026-08-21T20:14:10Z | stress_test | decision='migrar CLOUD-OBJ-STORE' asset=CLOUD-OBJ-STORE severity=NO_CONFLICT conflict=False label=CONFIRMED DECISION policies=[]
2026-08-21T20:14:10Z | stress_test | decision='migrar DNS-INTERNAL' asset=DNS-INTERNAL severity=NO_CONFLICT conflict=False label=CONFIRMED DECISION policies=[]
2026-08-21T20:14:10Z | stress_test | decision='migrar REGION-LB-EU' asset=REGION-LB-EU severity=NO_CONFLICT conflict=False label=CONFIRMED DECISION policies=[]
2026-08-21T20:14:10Z | stress_test | decision='migrar REGION-LB-US' asset=REGION-LB-US severity=NO_CONFLICT conflict=False label=CONFIRMED DECISION policies=[]
2026-08-21T20:14:10Z | stress_test | decision='migrar GUEST-NETWORK-PORTAL' asset=GUEST-NETWORK-PORTAL severity=NO_CONFLICT conflict=False label=CONFIRMED DECISION policies=[]
2026-08-21T20:14:10Z | stress_test | decision='migrar LEGACY-VPN-EU' asset=LEGACY-VPN-EU severity=NO_CONFLICT conflict=False label=CONFIRMED DECISION policies=[]
2026-08-21T20:14:10Z | stress_test | decision='migrar LEGACY-PKI-01' asset=LEGACY-PKI-01 severity=NO_CONFLICT conflict=False label=CONFIRMED DECISION policies=[]
2026-08-21T20:14:10Z | stress_test | decision='migrar LEGACY-ERP-02' asset=LEGACY-ERP-02 severity=CONFLICT conflict=True label=RECOMMENDED ALTERNATIVE policies=['P003']
2026-08-21T20:14:10Z | stress_test | decision='migrar LEGACY-MANUFACTURING' asset=LEGACY-MANUFACTURING severity=NO_CONFLICT conflict=False label=CONFIRMED DECISION policies=[]
2026-08-21T20:14:10Z | stress_test | decision='migrar LEGACY-RADIUS' asset=LEGACY-RADIUS severity=NO_CONFLICT conflict=False label=CONFIRMED DECISION policies=[]
2026-08-21T20:14:10Z | stress_test | decision='migrar LEGACY-BACKUP-TAPE' asset=LEGACY-BACKUP-TAPE severity=NO_CONFLICT conflict=False label=CONFIRMED DECISION policies=[]
2026-08-21T20:14:10Z | stress_test | decision='migrar GIT-INFRA' asset=GIT-INFRA severity=NO_CONFLICT conflict=False label=CONFIRMED DECISION policies=[]
2026-08-21T20:14:10Z | stress_test | decision='migrar MFG-CONTROL-01' asset=MFG-CONTROL-01 severity=NO_CONFLICT conflict=False label=CONFIRMED DECISION policies=[]
2026-08-21T20:14:10Z | stress_test | decision='migrar PQC-PILOT-DSA' asset=PQC-PILOT-DSA severity=NO_CONFLICT conflict=False label=CONFIRMED DECISION policies=[]
2026-08-21T20:14:10Z | stress_test | decision='migrar PQC-PILOT-KEM' asset=PQC-PILOT-KEM severity=NO_CONFLICT conflict=False label=CONFIRMED DECISION policies=[]
2026-08-21T20:14:10Z | stress_test | decision='migrar ASSET-071' asset=ASSET-071 severity=NO_CONFLICT conflict=False label=CONFIRMED DECISION policies=[]
2026-08-21T20:14:10Z | stress_test | decision='migrar HR-PORTAL' asset=HR-PORTAL severity=NO_CONFLICT conflict=False label=CONFIRMED DECISION policies=[]
2026-08-21T20:14:10Z | stress_test | decision='migrar HR-DATABASE' asset=HR-DATABASE severity=NO_CONFLICT conflict=False label=CONFIRMED DECISION policies=[]
2026-08-21T20:14:10Z | stress_test | decision='migrar CICD-RUNNERS' asset=CICD-RUNNERS severity=NO_CONFLICT conflict=False label=CONFIRMED DECISION policies=[]
2026-08-21T20:14:10Z | stress_test | decision='migrar MONITORING-STACK' asset=MONITORING-STACK severity=NO_CONFLICT conflict=False label=CONFIRMED DECISION policies=[]
2026-08-21T20:14:10Z | stress_test | decision='migrar COLLAB-SUITE' asset=COLLAB-SUITE severity=NO_CONFLICT conflict=False label=CONFIRMED DECISION policies=[]
2026-08-21T20:14:10Z | stress_test | decision='migrar FILE-SHARE-GLOBAL' asset=FILE-SHARE-GLOBAL severity=NO_CONFLICT conflict=False label=CONFIRMED DECISION policies=[]
2026-08-21T20:14:10Z | stress_test | decision='migrar MFG-CONTROL-02' asset=MFG-CONTROL-02 severity=NO_CONFLICT conflict=False label=CONFIRMED DECISION policies=[]
2026-08-21T20:14:10Z | stress_test | decision='migrar SUPPLY-CHAIN-API' asset=SUPPLY-CHAIN-API severity=NO_CONFLICT conflict=False label=CONFIRMED DECISION policies=[]
2026-08-21T20:14:10Z | stress_test | decision='migrar EMAIL-GATEWAY' asset=EMAIL-GATEWAY severity=NO_CONFLICT conflict=False label=CONFIRMED DECISION policies=[]
2026-08-21T20:14:10Z | stress_test | decision='migrar ASSET-MGMT' asset=ASSET-MGMT severity=NO_CONFLICT conflict=False label=CONFIRMED DECISION policies=[]
2026-08-21T20:14:10Z | stress_test | decision='migrar TIME-SYNC' asset=TIME-SYNC severity=NO_CONFLICT conflict=False label=CONFIRMED DECISION policies=[]
2026-08-21T20:14:10Z | stress_test | decision='migrar LAB-WIFI-CONTROLLER' asset=LAB-WIFI-CONTROLLER severity=NO_CONFLICT conflict=False label=CONFIRMED DECISION policies=[]
2026-08-21T20:14:10Z | stress_test | decision='migrar DEMO-ENV-PORTAL' asset=DEMO-ENV-PORTAL severity=NO_CONFLICT conflict=False label=CONFIRMED DECISION policies=[]
2026-08-21T20:14:10Z | stress_test | decision='migrar TRAINING-SIMULATOR' asset=TRAINING-SIMULATOR severity=NO_CONFLICT conflict=False label=CONFIRMED DECISION policies=[]
2026-08-21T20:14:10Z | stress_test | decision='migrar PRINT-SERVER-HQ' asset=PRINT-SERVER-HQ severity=NO_CONFLICT conflict=False label=CONFIRMED DECISION policies=[]
2026-08-21T20:14:10Z | stress_test | decision='migrar ASSET-042' asset=ASSET-042 severity=NO_CONFLICT conflict=False label=CONFIRMED DECISION policies=[]
2026-08-21T20:14:10Z | stress_test | decision='migrar ASSET-057' asset=ASSET-057 severity=NO_CONFLICT conflict=False label=CONFIRMED DECISION policies=[]
2026-08-21T20:14:10Z | stress_test | decision='migrar ASSET-063' asset=ASSET-063 severity=NO_CONFLICT conflict=False label=CONFIRMED DECISION policies=[]
2026-08-21T20:14:10Z | stress_test | decision='migrar APAC-SG' asset=APAC-SG severity=NO_CONFLICT conflict=False label=CONFIRMED DECISION policies=[]
2026-08-21T20:14:10Z | stress_test | decision='migrar NG-07' asset=NG-07 severity=NO_CONFLICT conflict=False label=CONFIRMED DECISION policies=[]
2026-08-21T20:14:10Z | stress_test | decision='migrar MISSION-CONTROL' asset=MISSION-CONTROL severity=CONFLICT conflict=True label=RECOMMENDED ALTERNATIVE policies=['P002', 'P003', 'P008']
2026-08-21T20:14:10Z | stress_test | decision='migrar PAYMENTS-CORE' asset=PAYMENTS-CORE severity=NO_CONFLICT conflict=False label=CONFIRMED DECISION policies=[]
2026-08-21T20:14:10Z | stress_test | decision='migrar FLIGHT-DATA' asset=FLIGHT-DATA severity=NO_CONFLICT conflict=False label=CONFIRMED DECISION policies=[]
2026-08-21T20:14:10Z | stress_test | decision='migrar SECURITY-SIEM' asset=SECURITY-SIEM severity=NO_CONFLICT conflict=False label=CONFIRMED DECISION policies=[]
2026-08-21T20:14:10Z | stress_test | decision='migrar LEGACY-FTP' asset=LEGACY-FTP severity=NO_CONFLICT conflict=False label=CONFIRMED DECISION policies=[]
2026-08-21T20:14:11Z | stress_test | decision='migrar PKI-INTERMEDIATE' asset=PKI-INTERMEDIATE severity=NO_CONFLICT conflict=False label=CONFIRMED DECISION policies=[]
2026-08-21T20:14:13Z | stress_test | decision='migrar IDENTITY-CORE' asset=IDENTITY-CORE severity=CONFLICT conflict=True label=RECOMMENDED ALTERNATIVE policies=['P003']
2026-08-21T20:14:13Z | stress_test | decision='migrar SSO-GLOBAL' asset=SSO-GLOBAL severity=NO_CONFLICT conflict=False label=CONFIRMED DECISION policies=[]
2026-08-21T20:14:13Z | stress_test | decision='migrar PKI-ROOT' asset=PKI-ROOT severity=NO_CONFLICT conflict=False label=CONFIRMED DECISION policies=[]
2026-08-21T20:14:13Z | stress_test | decision='migrar PKI-INTERMEDIATE' asset=PKI-INTERMEDIATE severity=NO_CONFLICT conflict=False label=CONFIRMED DECISION policies=[]
2026-08-21T20:14:13Z | stress_test | decision='migrar HSM-CLUSTER-US' asset=HSM-CLUSTER-US severity=NO_CONFLICT conflict=False label=CONFIRMED DECISION policies=[]
2026-08-21T20:14:13Z | stress_test | decision='migrar HSM-CLUSTER-EU' asset=HSM-CLUSTER-EU severity=NO_CONFLICT conflict=False label=CONFIRMED DECISION policies=[]
2026-08-21T20:14:13Z | stress_test | decision='migrar PAYMENT-CORE' asset=PAYMENT-CORE severity=NO_CONFLICT conflict=False label=CONFIRMED DECISION policies=[]
2026-08-21T20:14:13Z | stress_test | decision='migrar COMMAND-SIGNING' asset=COMMAND-SIGNING severity=NO_CONFLICT conflict=False label=CONFIRMED DECISION policies=[]
2026-08-21T20:14:13Z | stress_test | decision='migrar SAT-OPS-01' asset=SAT-OPS-01 severity=CONFLICT conflict=True label=RECOMMENDED ALTERNATIVE policies=['P002', 'P008']
2026-08-21T20:14:13Z | stress_test | decision='migrar GROUND-STATION-EU' asset=GROUND-STATION-EU severity=NO_CONFLICT conflict=False label=CONFIRMED DECISION policies=[]
2026-08-21T20:14:13Z | stress_test | decision='migrar CUSTOMER-PORTAL' asset=CUSTOMER-PORTAL severity=CONFLICT conflict=True label=RECOMMENDED ALTERNATIVE policies=['P003']
2026-08-21T20:14:13Z | stress_test | decision='migrar TELEMETRY-BUS' asset=TELEMETRY-BUS severity=NO_CONFLICT conflict=False label=CONFIRMED DECISION policies=[]
2026-08-21T20:14:13Z | stress_test | decision='migrar DATA-LAKE-01' asset=DATA-LAKE-01 severity=NO_CONFLICT conflict=False label=CONFIRMED DECISION policies=[]
2026-08-21T20:14:13Z | stress_test | decision='migrar GROUND-STATION-US' asset=GROUND-STATION-US severity=NO_CONFLICT conflict=False label=CONFIRMED DECISION policies=[]
2026-08-21T20:14:13Z | stress_test | decision='migrar GROUND-STATION-APAC' asset=GROUND-STATION-APAC severity=NO_CONFLICT conflict=False label=CONFIRMED DECISION policies=[]
2026-08-21T20:14:13Z | stress_test | decision='migrar SAT-OPS-02' asset=SAT-OPS-02 severity=NO_CONFLICT conflict=False label=CONFIRMED DECISION policies=[]
2026-08-21T20:14:13Z | stress_test | decision='migrar SAT-COMMS-RELAY' asset=SAT-COMMS-RELAY severity=NO_CONFLICT conflict=False label=CONFIRMED DECISION policies=[]
2026-08-21T20:14:13Z | stress_test | decision='migrar API-GATEWAY-EDGE' asset=API-GATEWAY-EDGE severity=NO_CONFLICT conflict=False label=CONFIRMED DECISION policies=[]
2026-08-21T20:14:13Z | stress_test | decision='migrar API-GATEWAY-INTERNAL' asset=API-GATEWAY-INTERNAL severity=NO_CONFLICT conflict=False label=CONFIRMED DECISION policies=[]
2026-08-21T20:14:13Z | stress_test | decision='migrar IAM-WORKFORCE' asset=IAM-WORKFORCE severity=NO_CONFLICT conflict=False label=CONFIRMED DECISION policies=[]
2026-08-21T20:14:13Z | stress_test | decision='migrar PKI-EXTERNAL-CA' asset=PKI-EXTERNAL-CA severity=NO_CONFLICT conflict=False label=CONFIRMED DECISION policies=[]
2026-08-21T20:14:13Z | stress_test | decision='migrar KMS-CLOUD-PRIMARY' asset=KMS-CLOUD-PRIMARY severity=NO_CONFLICT conflict=False label=CONFIRMED DECISION policies=[]
2026-08-21T20:14:13Z | stress_test | decision='migrar BACKUP-VAULT-01' asset=BACKUP-VAULT-01 severity=NO_CONFLICT conflict=False label=CONFIRMED DECISION policies=[]
2026-08-21T20:14:13Z | stress_test | decision='migrar ERP-FINANCE' asset=ERP-FINANCE severity=NO_CONFLICT conflict=False label=CONFIRMED DECISION policies=[]
2026-08-21T20:14:13Z | stress_test | decision='migrar MOBILE-BANKING-APP' asset=MOBILE-BANKING-APP severity=NO_CONFLICT conflict=False label=CONFIRMED DECISION policies=[]
2026-08-21T20:14:13Z | stress_test | decision='migrar CODE-SIGNING-PROD' asset=CODE-SIGNING-PROD severity=CONFLICT conflict=True label=RECOMMENDED ALTERNATIVE policies=['P003']
2026-08-21T20:14:13Z | stress_test | decision='migrar FIRMWARE-SIGNING' asset=FIRMWARE-SIGNING severity=CONFLICT conflict=True label=RECOMMENDED ALTERNATIVE policies=['P003']
2026-08-21T20:14:13Z | stress_test | decision='migrar SIEM-CORE' asset=SIEM-CORE severity=NO_CONFLICT conflict=False label=CONFIRMED DECISION policies=[]
2026-08-21T20:14:13Z | stress_test | decision='migrar SOC-PLATFORM' asset=SOC-PLATFORM severity=NO_CONFLICT conflict=False label=CONFIRMED DECISION policies=[]
2026-08-21T20:14:13Z | stress_test | decision='migrar LOGGING-PIPELINE' asset=LOGGING-PIPELINE severity=NO_CONFLICT conflict=False label=CONFIRMED DECISION policies=[]
2026-08-21T20:14:13Z | stress_test | decision='migrar VPN-CORP-PRIMARY' asset=VPN-CORP-PRIMARY severity=NO_CONFLICT conflict=False label=CONFIRMED DECISION policies=[]
2026-08-21T20:14:13Z | stress_test | decision='migrar K8S-PROD-US' asset=K8S-PROD-US severity=NO_CONFLICT conflict=False label=CONFIRMED DECISION policies=[]
2026-08-21T20:14:13Z | stress_test | decision='migrar K8S-PROD-EU' asset=K8S-PROD-EU severity=NO_CONFLICT conflict=False label=CONFIRMED DECISION policies=[]
2026-08-21T20:14:13Z | stress_test | decision='migrar DB-MISSION-PRIMARY' asset=DB-MISSION-PRIMARY severity=NO_CONFLICT conflict=False label=CONFIRMED DECISION policies=[]
2026-08-21T20:14:13Z | stress_test | decision='migrar DB-PAYMENTS' asset=DB-PAYMENTS severity=NO_CONFLICT conflict=False label=CONFIRMED DECISION policies=[]
2026-08-21T20:14:13Z | stress_test | decision='migrar CUSTOMER-API' asset=CUSTOMER-API severity=NO_CONFLICT conflict=False label=CONFIRMED DECISION policies=[]
2026-08-21T20:14:13Z | stress_test | decision='migrar SECURE-COMMS-GW' asset=SECURE-COMMS-GW severity=NO_CONFLICT conflict=False label=CONFIRMED DECISION policies=[]
2026-08-21T20:14:13Z | stress_test | decision='migrar LAUNCH-AUTH' asset=LAUNCH-AUTH severity=NO_CONFLICT conflict=False label=CONFIRMED DECISION policies=[]
2026-08-21T20:14:13Z | stress_test | decision='migrar QA-IDENTITY' asset=QA-IDENTITY severity=NO_CONFLICT conflict=False label=CONFIRMED DECISION policies=[]
2026-08-21T20:14:13Z | stress_test | decision='migrar PARTNER-PORTAL' asset=PARTNER-PORTAL severity=NO_CONFLICT conflict=False label=CONFIRMED DECISION policies=[]
2026-08-21T20:14:13Z | stress_test | decision='migrar BILLING-ENGINE' asset=BILLING-ENGINE severity=NO_CONFLICT conflict=False label=CONFIRMED DECISION policies=[]
2026-08-21T20:14:13Z | stress_test | decision='migrar TREASURY-WORKSTATION' asset=TREASURY-WORKSTATION severity=NO_CONFLICT conflict=False label=CONFIRMED DECISION policies=[]
2026-08-21T20:14:13Z | stress_test | decision='migrar TELEMETRY-ARCHIVE' asset=TELEMETRY-ARCHIVE severity=NO_CONFLICT conflict=False label=CONFIRMED DECISION policies=[]
2026-08-21T20:14:13Z | stress_test | decision='migrar DATA-WAREHOUSE' asset=DATA-WAREHOUSE severity=NO_CONFLICT conflict=False label=CONFIRMED DECISION policies=[]
2026-08-21T20:14:13Z | stress_test | decision='migrar DEV-PORTAL' asset=DEV-PORTAL severity=NO_CONFLICT conflict=False label=CONFIRMED DECISION policies=[]
2026-08-21T20:14:13Z | stress_test | decision='migrar STAGING-K8S' asset=STAGING-K8S severity=NO_CONFLICT conflict=False label=CONFIRMED DECISION policies=[]
2026-08-21T20:14:13Z | stress_test | decision='migrar CLOUD-OBJ-STORE' asset=CLOUD-OBJ-STORE severity=NO_CONFLICT conflict=False label=CONFIRMED DECISION policies=[]
2026-08-21T20:14:13Z | stress_test | decision='migrar DNS-INTERNAL' asset=DNS-INTERNAL severity=NO_CONFLICT conflict=False label=CONFIRMED DECISION policies=[]
2026-08-21T20:14:13Z | stress_test | decision='migrar REGION-LB-EU' asset=REGION-LB-EU severity=NO_CONFLICT conflict=False label=CONFIRMED DECISION policies=[]
2026-08-21T20:14:13Z | stress_test | decision='migrar REGION-LB-US' asset=REGION-LB-US severity=NO_CONFLICT conflict=False label=CONFIRMED DECISION policies=[]
2026-08-21T20:14:13Z | stress_test | decision='migrar GUEST-NETWORK-PORTAL' asset=GUEST-NETWORK-PORTAL severity=NO_CONFLICT conflict=False label=CONFIRMED DECISION policies=[]
2026-08-21T20:14:13Z | stress_test | decision='migrar LEGACY-VPN-EU' asset=LEGACY-VPN-EU severity=NO_CONFLICT conflict=False label=CONFIRMED DECISION policies=[]
2026-08-21T20:14:13Z | stress_test | decision='migrar LEGACY-PKI-01' asset=LEGACY-PKI-01 severity=NO_CONFLICT conflict=False label=CONFIRMED DECISION policies=[]
2026-08-21T20:14:13Z | stress_test | decision='migrar LEGACY-ERP-02' asset=LEGACY-ERP-02 severity=CONFLICT conflict=True label=RECOMMENDED ALTERNATIVE policies=['P003']
2026-08-21T20:14:13Z | stress_test | decision='migrar LEGACY-MANUFACTURING' asset=LEGACY-MANUFACTURING severity=NO_CONFLICT conflict=False label=CONFIRMED DECISION policies=[]
2026-08-21T20:14:13Z | stress_test | decision='migrar LEGACY-RADIUS' asset=LEGACY-RADIUS severity=NO_CONFLICT conflict=False label=CONFIRMED DECISION policies=[]
2026-08-21T20:14:13Z | stress_test | decision='migrar LEGACY-BACKUP-TAPE' asset=LEGACY-BACKUP-TAPE severity=NO_CONFLICT conflict=False label=CONFIRMED DECISION policies=[]
2026-08-21T20:14:13Z | stress_test | decision='migrar GIT-INFRA' asset=GIT-INFRA severity=NO_CONFLICT conflict=False label=CONFIRMED DECISION policies=[]
2026-08-21T20:14:13Z | stress_test | decision='migrar MFG-CONTROL-01' asset=MFG-CONTROL-01 severity=NO_CONFLICT conflict=False label=CONFIRMED DECISION policies=[]
2026-08-21T20:14:13Z | stress_test | decision='migrar PQC-PILOT-DSA' asset=PQC-PILOT-DSA severity=NO_CONFLICT conflict=False label=CONFIRMED DECISION policies=[]
2026-08-21T20:14:13Z | stress_test | decision='migrar PQC-PILOT-KEM' asset=PQC-PILOT-KEM severity=NO_CONFLICT conflict=False label=CONFIRMED DECISION policies=[]
2026-08-21T20:14:13Z | stress_test | decision='migrar ASSET-071' asset=ASSET-071 severity=NO_CONFLICT conflict=False label=CONFIRMED DECISION policies=[]
2026-08-21T20:14:13Z | stress_test | decision='migrar HR-PORTAL' asset=HR-PORTAL severity=NO_CONFLICT conflict=False label=CONFIRMED DECISION policies=[]
2026-08-21T20:14:13Z | stress_test | decision='migrar HR-DATABASE' asset=HR-DATABASE severity=NO_CONFLICT conflict=False label=CONFIRMED DECISION policies=[]
2026-08-21T20:14:13Z | stress_test | decision='migrar CICD-RUNNERS' asset=CICD-RUNNERS severity=NO_CONFLICT conflict=False label=CONFIRMED DECISION policies=[]
2026-08-21T20:14:13Z | stress_test | decision='migrar MONITORING-STACK' asset=MONITORING-STACK severity=NO_CONFLICT conflict=False label=CONFIRMED DECISION policies=[]
2026-08-21T20:14:13Z | stress_test | decision='migrar COLLAB-SUITE' asset=COLLAB-SUITE severity=NO_CONFLICT conflict=False label=CONFIRMED DECISION policies=[]
2026-08-21T20:14:13Z | stress_test | decision='migrar FILE-SHARE-GLOBAL' asset=FILE-SHARE-GLOBAL severity=NO_CONFLICT conflict=False label=CONFIRMED DECISION policies=[]
2026-08-21T20:14:13Z | stress_test | decision='migrar MFG-CONTROL-02' asset=MFG-CONTROL-02 severity=NO_CONFLICT conflict=False label=CONFIRMED DECISION policies=[]
2026-08-21T20:14:13Z | stress_test | decision='migrar SUPPLY-CHAIN-API' asset=SUPPLY-CHAIN-API severity=NO_CONFLICT conflict=False label=CONFIRMED DECISION policies=[]
2026-08-21T20:14:13Z | stress_test | decision='migrar EMAIL-GATEWAY' asset=EMAIL-GATEWAY severity=NO_CONFLICT conflict=False label=CONFIRMED DECISION policies=[]
2026-08-21T20:14:13Z | stress_test | decision='migrar ASSET-MGMT' asset=ASSET-MGMT severity=NO_CONFLICT conflict=False label=CONFIRMED DECISION policies=[]
2026-08-21T20:14:13Z | stress_test | decision='migrar TIME-SYNC' asset=TIME-SYNC severity=NO_CONFLICT conflict=False label=CONFIRMED DECISION policies=[]
2026-08-21T20:14:13Z | stress_test | decision='migrar LAB-WIFI-CONTROLLER' asset=LAB-WIFI-CONTROLLER severity=NO_CONFLICT conflict=False label=CONFIRMED DECISION policies=[]
2026-08-21T20:14:13Z | stress_test | decision='migrar DEMO-ENV-PORTAL' asset=DEMO-ENV-PORTAL severity=NO_CONFLICT conflict=False label=CONFIRMED DECISION policies=[]
2026-08-21T20:14:13Z | stress_test | decision='migrar TRAINING-SIMULATOR' asset=TRAINING-SIMULATOR severity=NO_CONFLICT conflict=False label=CONFIRMED DECISION policies=[]
2026-08-21T20:14:13Z | stress_test | decision='migrar PRINT-SERVER-HQ' asset=PRINT-SERVER-HQ severity=NO_CONFLICT conflict=False label=CONFIRMED DECISION policies=[]
2026-08-21T20:14:13Z | stress_test | decision='migrar ASSET-042' asset=ASSET-042 severity=NO_CONFLICT conflict=False label=CONFIRMED DECISION policies=[]
2026-08-21T20:14:13Z | stress_test | decision='migrar ASSET-057' asset=ASSET-057 severity=NO_CONFLICT conflict=False label=CONFIRMED DECISION policies=[]
2026-08-21T20:14:13Z | stress_test | decision='migrar ASSET-063' asset=ASSET-063 severity=NO_CONFLICT conflict=False label=CONFIRMED DECISION policies=[]
2026-08-21T20:14:13Z | stress_test | decision='migrar APAC-SG' asset=APAC-SG severity=NO_CONFLICT conflict=False label=CONFIRMED DECISION policies=[]
2026-08-21T20:14:13Z | stress_test | decision='migrar NG-07' asset=NG-07 severity=NO_CONFLICT conflict=False label=CONFIRMED DECISION policies=[]
2026-08-21T20:14:13Z | stress_test | decision='migrar MISSION-CONTROL' asset=MISSION-CONTROL severity=CONFLICT conflict=True label=RECOMMENDED ALTERNATIVE policies=['P002', 'P003', 'P008']
2026-08-21T20:14:13Z | stress_test | decision='migrar PAYMENTS-CORE' asset=PAYMENTS-CORE severity=NO_CONFLICT conflict=False label=CONFIRMED DECISION policies=[]
2026-08-21T20:14:13Z | stress_test | decision='migrar FLIGHT-DATA' asset=FLIGHT-DATA severity=NO_CONFLICT conflict=False label=CONFIRMED DECISION policies=[]
2026-08-21T20:14:13Z | stress_test | decision='migrar SECURITY-SIEM' asset=SECURITY-SIEM severity=NO_CONFLICT conflict=False label=CONFIRMED DECISION policies=[]
2026-08-21T20:14:13Z | stress_test | decision='migrar LEGACY-FTP' asset=LEGACY-FTP severity=NO_CONFLICT conflict=False label=CONFIRMED DECISION policies=[]
2026-08-21T20:14:15Z | stress_test | decision='migrar IDENTITY-CORE' asset=IDENTITY-CORE severity=CONFLICT conflict=True label=RECOMMENDED ALTERNATIVE policies=['P003']
2026-08-21T20:14:15Z | stress_test | decision='migrar SSO-GLOBAL' asset=SSO-GLOBAL severity=NO_CONFLICT conflict=False label=CONFIRMED DECISION policies=[]
2026-08-21T20:14:15Z | stress_test | decision='migrar PKI-ROOT' asset=PKI-ROOT severity=NO_CONFLICT conflict=False label=CONFIRMED DECISION policies=[]
2026-08-21T20:14:15Z | stress_test | decision='migrar PKI-INTERMEDIATE' asset=PKI-INTERMEDIATE severity=NO_CONFLICT conflict=False label=CONFIRMED DECISION policies=[]
2026-08-21T20:14:15Z | stress_test | decision='migrar HSM-CLUSTER-US' asset=HSM-CLUSTER-US severity=NO_CONFLICT conflict=False label=CONFIRMED DECISION policies=[]
2026-08-21T20:14:15Z | stress_test | decision='migrar HSM-CLUSTER-EU' asset=HSM-CLUSTER-EU severity=NO_CONFLICT conflict=False label=CONFIRMED DECISION policies=[]
2026-08-21T20:14:15Z | stress_test | decision='migrar PAYMENT-CORE' asset=PAYMENT-CORE severity=NO_CONFLICT conflict=False label=CONFIRMED DECISION policies=[]
2026-08-21T20:14:15Z | stress_test | decision='migrar COMMAND-SIGNING' asset=COMMAND-SIGNING severity=NO_CONFLICT conflict=False label=CONFIRMED DECISION policies=[]
2026-08-21T20:14:15Z | stress_test | decision='migrar SAT-OPS-01' asset=SAT-OPS-01 severity=CONFLICT conflict=True label=RECOMMENDED ALTERNATIVE policies=['P002', 'P008']
2026-08-21T20:14:15Z | stress_test | decision='migrar GROUND-STATION-EU' asset=GROUND-STATION-EU severity=NO_CONFLICT conflict=False label=CONFIRMED DECISION policies=[]
2026-08-21T20:14:15Z | stress_test | decision='migrar CUSTOMER-PORTAL' asset=CUSTOMER-PORTAL severity=CONFLICT conflict=True label=RECOMMENDED ALTERNATIVE policies=['P003']
2026-08-21T20:14:15Z | stress_test | decision='migrar TELEMETRY-BUS' asset=TELEMETRY-BUS severity=NO_CONFLICT conflict=False label=CONFIRMED DECISION policies=[]
2026-08-21T20:14:15Z | stress_test | decision='migrar DATA-LAKE-01' asset=DATA-LAKE-01 severity=NO_CONFLICT conflict=False label=CONFIRMED DECISION policies=[]
2026-08-21T20:14:15Z | stress_test | decision='migrar GROUND-STATION-US' asset=GROUND-STATION-US severity=NO_CONFLICT conflict=False label=CONFIRMED DECISION policies=[]
2026-08-21T20:14:15Z | stress_test | decision='migrar GROUND-STATION-APAC' asset=GROUND-STATION-APAC severity=NO_CONFLICT conflict=False label=CONFIRMED DECISION policies=[]
2026-08-21T20:14:15Z | stress_test | decision='migrar SAT-OPS-02' asset=SAT-OPS-02 severity=NO_CONFLICT conflict=False label=CONFIRMED DECISION policies=[]
2026-08-21T20:14:15Z | stress_test | decision='migrar SAT-COMMS-RELAY' asset=SAT-COMMS-RELAY severity=NO_CONFLICT conflict=False label=CONFIRMED DECISION policies=[]
2026-08-21T20:14:15Z | stress_test | decision='migrar API-GATEWAY-EDGE' asset=API-GATEWAY-EDGE severity=NO_CONFLICT conflict=False label=CONFIRMED DECISION policies=[]
2026-08-21T20:14:15Z | stress_test | decision='migrar API-GATEWAY-INTERNAL' asset=API-GATEWAY-INTERNAL severity=NO_CONFLICT conflict=False label=CONFIRMED DECISION policies=[]
2026-08-21T20:14:15Z | stress_test | decision='migrar IAM-WORKFORCE' asset=IAM-WORKFORCE severity=NO_CONFLICT conflict=False label=CONFIRMED DECISION policies=[]
2026-08-21T20:14:15Z | stress_test | decision='migrar PKI-EXTERNAL-CA' asset=PKI-EXTERNAL-CA severity=NO_CONFLICT conflict=False label=CONFIRMED DECISION policies=[]
2026-08-21T20:14:15Z | stress_test | decision='migrar KMS-CLOUD-PRIMARY' asset=KMS-CLOUD-PRIMARY severity=NO_CONFLICT conflict=False label=CONFIRMED DECISION policies=[]
2026-08-21T20:14:15Z | stress_test | decision='migrar BACKUP-VAULT-01' asset=BACKUP-VAULT-01 severity=NO_CONFLICT conflict=False label=CONFIRMED DECISION policies=[]
2026-08-21T20:14:15Z | stress_test | decision='migrar ERP-FINANCE' asset=ERP-FINANCE severity=NO_CONFLICT conflict=False label=CONFIRMED DECISION policies=[]
2026-08-21T20:14:15Z | stress_test | decision='migrar MOBILE-BANKING-APP' asset=MOBILE-BANKING-APP severity=NO_CONFLICT conflict=False label=CONFIRMED DECISION policies=[]
2026-08-21T20:14:15Z | stress_test | decision='migrar CODE-SIGNING-PROD' asset=CODE-SIGNING-PROD severity=CONFLICT conflict=True label=RECOMMENDED ALTERNATIVE policies=['P003']
2026-08-21T20:14:15Z | stress_test | decision='migrar FIRMWARE-SIGNING' asset=FIRMWARE-SIGNING severity=CONFLICT conflict=True label=RECOMMENDED ALTERNATIVE policies=['P003']
2026-08-21T20:14:15Z | stress_test | decision='migrar SIEM-CORE' asset=SIEM-CORE severity=NO_CONFLICT conflict=False label=CONFIRMED DECISION policies=[]
2026-08-21T20:14:15Z | stress_test | decision='migrar SOC-PLATFORM' asset=SOC-PLATFORM severity=NO_CONFLICT conflict=False label=CONFIRMED DECISION policies=[]
2026-08-21T20:14:15Z | stress_test | decision='migrar LOGGING-PIPELINE' asset=LOGGING-PIPELINE severity=NO_CONFLICT conflict=False label=CONFIRMED DECISION policies=[]
2026-08-21T20:14:15Z | stress_test | decision='migrar VPN-CORP-PRIMARY' asset=VPN-CORP-PRIMARY severity=NO_CONFLICT conflict=False label=CONFIRMED DECISION policies=[]
2026-08-21T20:14:15Z | stress_test | decision='migrar K8S-PROD-US' asset=K8S-PROD-US severity=NO_CONFLICT conflict=False label=CONFIRMED DECISION policies=[]
2026-08-21T20:14:15Z | stress_test | decision='migrar K8S-PROD-EU' asset=K8S-PROD-EU severity=NO_CONFLICT conflict=False label=CONFIRMED DECISION policies=[]
2026-08-21T20:14:15Z | stress_test | decision='migrar DB-MISSION-PRIMARY' asset=DB-MISSION-PRIMARY severity=NO_CONFLICT conflict=False label=CONFIRMED DECISION policies=[]
2026-08-21T20:14:15Z | stress_test | decision='migrar DB-PAYMENTS' asset=DB-PAYMENTS severity=NO_CONFLICT conflict=False label=CONFIRMED DECISION policies=[]
2026-08-21T20:14:15Z | stress_test | decision='migrar CUSTOMER-API' asset=CUSTOMER-API severity=NO_CONFLICT conflict=False label=CONFIRMED DECISION policies=[]
2026-08-21T20:14:15Z | stress_test | decision='migrar SECURE-COMMS-GW' asset=SECURE-COMMS-GW severity=NO_CONFLICT conflict=False label=CONFIRMED DECISION policies=[]
2026-08-21T20:14:15Z | stress_test | decision='migrar LAUNCH-AUTH' asset=LAUNCH-AUTH severity=NO_CONFLICT conflict=False label=CONFIRMED DECISION policies=[]
2026-08-21T20:14:15Z | stress_test | decision='migrar QA-IDENTITY' asset=QA-IDENTITY severity=NO_CONFLICT conflict=False label=CONFIRMED DECISION policies=[]
2026-08-21T20:14:15Z | stress_test | decision='migrar PARTNER-PORTAL' asset=PARTNER-PORTAL severity=NO_CONFLICT conflict=False label=CONFIRMED DECISION policies=[]
2026-08-21T20:14:15Z | stress_test | decision='migrar BILLING-ENGINE' asset=BILLING-ENGINE severity=NO_CONFLICT conflict=False label=CONFIRMED DECISION policies=[]
2026-08-21T20:14:15Z | stress_test | decision='migrar TREASURY-WORKSTATION' asset=TREASURY-WORKSTATION severity=NO_CONFLICT conflict=False label=CONFIRMED DECISION policies=[]
2026-08-21T20:14:15Z | stress_test | decision='migrar TELEMETRY-ARCHIVE' asset=TELEMETRY-ARCHIVE severity=NO_CONFLICT conflict=False label=CONFIRMED DECISION policies=[]
2026-08-21T20:14:15Z | stress_test | decision='migrar DATA-WAREHOUSE' asset=DATA-WAREHOUSE severity=NO_CONFLICT conflict=False label=CONFIRMED DECISION policies=[]
2026-08-21T20:14:15Z | stress_test | decision='migrar DEV-PORTAL' asset=DEV-PORTAL severity=NO_CONFLICT conflict=False label=CONFIRMED DECISION policies=[]
2026-08-21T20:14:15Z | stress_test | decision='migrar STAGING-K8S' asset=STAGING-K8S severity=NO_CONFLICT conflict=False label=CONFIRMED DECISION policies=[]
2026-08-21T20:14:15Z | stress_test | decision='migrar CLOUD-OBJ-STORE' asset=CLOUD-OBJ-STORE severity=NO_CONFLICT conflict=False label=CONFIRMED DECISION policies=[]
2026-08-21T20:14:15Z | stress_test | decision='migrar DNS-INTERNAL' asset=DNS-INTERNAL severity=NO_CONFLICT conflict=False label=CONFIRMED DECISION policies=[]
2026-08-21T20:14:15Z | stress_test | decision='migrar REGION-LB-EU' asset=REGION-LB-EU severity=NO_CONFLICT conflict=False label=CONFIRMED DECISION policies=[]
2026-08-21T20:14:15Z | stress_test | decision='migrar REGION-LB-US' asset=REGION-LB-US severity=NO_CONFLICT conflict=False label=CONFIRMED DECISION policies=[]
2026-08-21T20:14:15Z | stress_test | decision='migrar GUEST-NETWORK-PORTAL' asset=GUEST-NETWORK-PORTAL severity=NO_CONFLICT conflict=False label=CONFIRMED DECISION policies=[]
2026-08-21T20:14:15Z | stress_test | decision='migrar LEGACY-VPN-EU' asset=LEGACY-VPN-EU severity=NO_CONFLICT conflict=False label=CONFIRMED DECISION policies=[]
2026-08-21T20:14:15Z | stress_test | decision='migrar LEGACY-PKI-01' asset=LEGACY-PKI-01 severity=NO_CONFLICT conflict=False label=CONFIRMED DECISION policies=[]
2026-08-21T20:14:15Z | stress_test | decision='migrar LEGACY-ERP-02' asset=LEGACY-ERP-02 severity=CONFLICT conflict=True label=RECOMMENDED ALTERNATIVE policies=['P003']
2026-08-21T20:14:15Z | stress_test | decision='migrar LEGACY-MANUFACTURING' asset=LEGACY-MANUFACTURING severity=NO_CONFLICT conflict=False label=CONFIRMED DECISION policies=[]
2026-08-21T20:14:15Z | stress_test | decision='migrar LEGACY-RADIUS' asset=LEGACY-RADIUS severity=NO_CONFLICT conflict=False label=CONFIRMED DECISION policies=[]
2026-08-21T20:14:15Z | stress_test | decision='migrar LEGACY-BACKUP-TAPE' asset=LEGACY-BACKUP-TAPE severity=NO_CONFLICT conflict=False label=CONFIRMED DECISION policies=[]
2026-08-21T20:14:15Z | stress_test | decision='migrar GIT-INFRA' asset=GIT-INFRA severity=NO_CONFLICT conflict=False label=CONFIRMED DECISION policies=[]
2026-08-21T20:14:15Z | stress_test | decision='migrar MFG-CONTROL-01' asset=MFG-CONTROL-01 severity=NO_CONFLICT conflict=False label=CONFIRMED DECISION policies=[]
2026-08-21T20:14:15Z | stress_test | decision='migrar PQC-PILOT-DSA' asset=PQC-PILOT-DSA severity=NO_CONFLICT conflict=False label=CONFIRMED DECISION policies=[]
2026-08-21T20:14:15Z | stress_test | decision='migrar PQC-PILOT-KEM' asset=PQC-PILOT-KEM severity=NO_CONFLICT conflict=False label=CONFIRMED DECISION policies=[]
2026-08-21T20:14:15Z | stress_test | decision='migrar ASSET-071' asset=ASSET-071 severity=NO_CONFLICT conflict=False label=CONFIRMED DECISION policies=[]
2026-08-21T20:14:15Z | stress_test | decision='migrar HR-PORTAL' asset=HR-PORTAL severity=NO_CONFLICT conflict=False label=CONFIRMED DECISION policies=[]
2026-08-21T20:14:15Z | stress_test | decision='migrar HR-DATABASE' asset=HR-DATABASE severity=NO_CONFLICT conflict=False label=CONFIRMED DECISION policies=[]
2026-08-21T20:14:15Z | stress_test | decision='migrar CICD-RUNNERS' asset=CICD-RUNNERS severity=NO_CONFLICT conflict=False label=CONFIRMED DECISION policies=[]
2026-08-21T20:14:15Z | stress_test | decision='migrar MONITORING-STACK' asset=MONITORING-STACK severity=NO_CONFLICT conflict=False label=CONFIRMED DECISION policies=[]
2026-08-21T20:14:15Z | stress_test | decision='migrar COLLAB-SUITE' asset=COLLAB-SUITE severity=NO_CONFLICT conflict=False label=CONFIRMED DECISION policies=[]
2026-08-21T20:14:15Z | stress_test | decision='migrar FILE-SHARE-GLOBAL' asset=FILE-SHARE-GLOBAL severity=NO_CONFLICT conflict=False label=CONFIRMED DECISION policies=[]
2026-08-21T20:14:15Z | stress_test | decision='migrar MFG-CONTROL-02' asset=MFG-CONTROL-02 severity=NO_CONFLICT conflict=False label=CONFIRMED DECISION policies=[]
2026-08-21T20:14:15Z | stress_test | decision='migrar SUPPLY-CHAIN-API' asset=SUPPLY-CHAIN-API severity=NO_CONFLICT conflict=False label=CONFIRMED DECISION policies=[]
2026-08-21T20:14:15Z | stress_test | decision='migrar EMAIL-GATEWAY' asset=EMAIL-GATEWAY severity=NO_CONFLICT conflict=False label=CONFIRMED DECISION policies=[]
2026-08-21T20:14:15Z | stress_test | decision='migrar ASSET-MGMT' asset=ASSET-MGMT severity=NO_CONFLICT conflict=False label=CONFIRMED DECISION policies=[]
2026-08-21T20:14:15Z | stress_test | decision='migrar TIME-SYNC' asset=TIME-SYNC severity=NO_CONFLICT conflict=False label=CONFIRMED DECISION policies=[]
2026-08-21T20:14:15Z | stress_test | decision='migrar LAB-WIFI-CONTROLLER' asset=LAB-WIFI-CONTROLLER severity=NO_CONFLICT conflict=False label=CONFIRMED DECISION policies=[]
2026-08-21T20:14:15Z | stress_test | decision='migrar DEMO-ENV-PORTAL' asset=DEMO-ENV-PORTAL severity=NO_CONFLICT conflict=False label=CONFIRMED DECISION policies=[]
2026-08-21T20:14:15Z | stress_test | decision='migrar TRAINING-SIMULATOR' asset=TRAINING-SIMULATOR severity=NO_CONFLICT conflict=False label=CONFIRMED DECISION policies=[]
2026-08-21T20:14:15Z | stress_test | decision='migrar PRINT-SERVER-HQ' asset=PRINT-SERVER-HQ severity=NO_CONFLICT conflict=False label=CONFIRMED DECISION policies=[]
2026-08-21T20:14:15Z | stress_test | decision='migrar ASSET-042' asset=ASSET-042 severity=NO_CONFLICT conflict=False label=CONFIRMED DECISION policies=[]
2026-08-21T20:14:15Z | stress_test | decision='migrar ASSET-057' asset=ASSET-057 severity=NO_CONFLICT conflict=False label=CONFIRMED DECISION policies=[]
2026-08-21T20:14:15Z | stress_test | decision='migrar ASSET-063' asset=ASSET-063 severity=NO_CONFLICT conflict=False label=CONFIRMED DECISION policies=[]
2026-08-21T20:14:15Z | stress_test | decision='migrar APAC-SG' asset=APAC-SG severity=NO_CONFLICT conflict=False label=CONFIRMED DECISION policies=[]
2026-08-21T20:14:15Z | stress_test | decision='migrar NG-07' asset=NG-07 severity=NO_CONFLICT conflict=False label=CONFIRMED DECISION policies=[]
2026-08-21T20:14:15Z | stress_test | decision='migrar MISSION-CONTROL' asset=MISSION-CONTROL severity=CONFLICT conflict=True label=RECOMMENDED ALTERNATIVE policies=['P002', 'P003', 'P008']
2026-08-21T20:14:15Z | stress_test | decision='migrar PAYMENTS-CORE' asset=PAYMENTS-CORE severity=NO_CONFLICT conflict=False label=CONFIRMED DECISION policies=[]
2026-08-21T20:14:15Z | stress_test | decision='migrar FLIGHT-DATA' asset=FLIGHT-DATA severity=NO_CONFLICT conflict=False label=CONFIRMED DECISION policies=[]
2026-08-21T20:14:15Z | stress_test | decision='migrar SECURITY-SIEM' asset=SECURITY-SIEM severity=NO_CONFLICT conflict=False label=CONFIRMED DECISION policies=[]
2026-08-21T20:14:15Z | stress_test | decision='migrar LEGACY-FTP' asset=LEGACY-FTP severity=NO_CONFLICT conflict=False label=CONFIRMED DECISION policies=[]
2026-08-21T20:14:28Z | stress_test | decision='migrar IDENTITY-CORE' asset=IDENTITY-CORE severity=CONFLICT conflict=True label=RECOMMENDED ALTERNATIVE policies=['P003']
2026-08-21T20:14:28Z | stress_test | decision='migrar SSO-GLOBAL' asset=SSO-GLOBAL severity=NO_CONFLICT conflict=False label=CONFIRMED DECISION policies=[]
2026-08-21T20:14:28Z | stress_test | decision='migrar PKI-ROOT' asset=PKI-ROOT severity=NO_CONFLICT conflict=False label=CONFIRMED DECISION policies=[]
2026-08-21T20:14:28Z | stress_test | decision='migrar PKI-INTERMEDIATE' asset=PKI-INTERMEDIATE severity=NO_CONFLICT conflict=False label=CONFIRMED DECISION policies=[]
2026-08-21T20:14:28Z | stress_test | decision='migrar HSM-CLUSTER-US' asset=HSM-CLUSTER-US severity=NO_CONFLICT conflict=False label=CONFIRMED DECISION policies=[]
2026-08-21T20:14:28Z | stress_test | decision='migrar HSM-CLUSTER-EU' asset=HSM-CLUSTER-EU severity=NO_CONFLICT conflict=False label=CONFIRMED DECISION policies=[]
2026-08-21T20:14:28Z | stress_test | decision='migrar PAYMENT-CORE' asset=PAYMENT-CORE severity=NO_CONFLICT conflict=False label=CONFIRMED DECISION policies=[]
2026-08-21T20:14:28Z | stress_test | decision='migrar COMMAND-SIGNING' asset=COMMAND-SIGNING severity=NO_CONFLICT conflict=False label=CONFIRMED DECISION policies=[]
2026-08-21T20:14:28Z | stress_test | decision='migrar SAT-OPS-01' asset=SAT-OPS-01 severity=CONFLICT conflict=True label=RECOMMENDED ALTERNATIVE policies=['P002', 'P008']
2026-08-21T20:14:28Z | stress_test | decision='migrar GROUND-STATION-EU' asset=GROUND-STATION-EU severity=NO_CONFLICT conflict=False label=CONFIRMED DECISION policies=[]
2026-08-21T20:14:28Z | stress_test | decision='migrar CUSTOMER-PORTAL' asset=CUSTOMER-PORTAL severity=CONFLICT conflict=True label=RECOMMENDED ALTERNATIVE policies=['P003']
2026-08-21T20:14:28Z | stress_test | decision='migrar TELEMETRY-BUS' asset=TELEMETRY-BUS severity=NO_CONFLICT conflict=False label=CONFIRMED DECISION policies=[]
2026-08-21T20:14:28Z | stress_test | decision='migrar DATA-LAKE-01' asset=DATA-LAKE-01 severity=NO_CONFLICT conflict=False label=CONFIRMED DECISION policies=[]
2026-08-21T20:14:28Z | stress_test | decision='migrar GROUND-STATION-US' asset=GROUND-STATION-US severity=NO_CONFLICT conflict=False label=CONFIRMED DECISION policies=[]
2026-08-21T20:14:28Z | stress_test | decision='migrar GROUND-STATION-APAC' asset=GROUND-STATION-APAC severity=NO_CONFLICT conflict=False label=CONFIRMED DECISION policies=[]
2026-08-21T20:14:28Z | stress_test | decision='migrar SAT-OPS-02' asset=SAT-OPS-02 severity=NO_CONFLICT conflict=False label=CONFIRMED DECISION policies=[]
2026-08-21T20:14:28Z | stress_test | decision='migrar SAT-COMMS-RELAY' asset=SAT-COMMS-RELAY severity=NO_CONFLICT conflict=False label=CONFIRMED DECISION policies=[]
2026-08-21T20:14:28Z | stress_test | decision='migrar API-GATEWAY-EDGE' asset=API-GATEWAY-EDGE severity=NO_CONFLICT conflict=False label=CONFIRMED DECISION policies=[]
2026-08-21T20:14:28Z | stress_test | decision='migrar API-GATEWAY-INTERNAL' asset=API-GATEWAY-INTERNAL severity=NO_CONFLICT conflict=False label=CONFIRMED DECISION policies=[]
2026-08-21T20:14:28Z | stress_test | decision='migrar IAM-WORKFORCE' asset=IAM-WORKFORCE severity=NO_CONFLICT conflict=False label=CONFIRMED DECISION policies=[]
2026-08-21T20:14:28Z | stress_test | decision='migrar PKI-EXTERNAL-CA' asset=PKI-EXTERNAL-CA severity=NO_CONFLICT conflict=False label=CONFIRMED DECISION policies=[]
2026-08-21T20:14:28Z | stress_test | decision='migrar KMS-CLOUD-PRIMARY' asset=KMS-CLOUD-PRIMARY severity=NO_CONFLICT conflict=False label=CONFIRMED DECISION policies=[]
2026-08-21T20:14:28Z | stress_test | decision='migrar BACKUP-VAULT-01' asset=BACKUP-VAULT-01 severity=NO_CONFLICT conflict=False label=CONFIRMED DECISION policies=[]
2026-08-21T20:14:28Z | stress_test | decision='migrar ERP-FINANCE' asset=ERP-FINANCE severity=NO_CONFLICT conflict=False label=CONFIRMED DECISION policies=[]
2026-08-21T20:14:28Z | stress_test | decision='migrar MOBILE-BANKING-APP' asset=MOBILE-BANKING-APP severity=NO_CONFLICT conflict=False label=CONFIRMED DECISION policies=[]
2026-08-21T20:14:28Z | stress_test | decision='migrar CODE-SIGNING-PROD' asset=CODE-SIGNING-PROD severity=CONFLICT conflict=True label=RECOMMENDED ALTERNATIVE policies=['P003']
2026-08-21T20:14:28Z | stress_test | decision='migrar FIRMWARE-SIGNING' asset=FIRMWARE-SIGNING severity=CONFLICT conflict=True label=RECOMMENDED ALTERNATIVE policies=['P003']
2026-08-21T20:14:28Z | stress_test | decision='migrar SIEM-CORE' asset=SIEM-CORE severity=NO_CONFLICT conflict=False label=CONFIRMED DECISION policies=[]
2026-08-21T20:14:28Z | stress_test | decision='migrar SOC-PLATFORM' asset=SOC-PLATFORM severity=NO_CONFLICT conflict=False label=CONFIRMED DECISION policies=[]
2026-08-21T20:14:28Z | stress_test | decision='migrar LOGGING-PIPELINE' asset=LOGGING-PIPELINE severity=NO_CONFLICT conflict=False label=CONFIRMED DECISION policies=[]
2026-08-21T20:14:28Z | stress_test | decision='migrar VPN-CORP-PRIMARY' asset=VPN-CORP-PRIMARY severity=NO_CONFLICT conflict=False label=CONFIRMED DECISION policies=[]
2026-08-21T20:14:28Z | stress_test | decision='migrar K8S-PROD-US' asset=K8S-PROD-US severity=NO_CONFLICT conflict=False label=CONFIRMED DECISION policies=[]
2026-08-21T20:14:28Z | stress_test | decision='migrar K8S-PROD-EU' asset=K8S-PROD-EU severity=NO_CONFLICT conflict=False label=CONFIRMED DECISION policies=[]
2026-08-21T20:14:28Z | stress_test | decision='migrar DB-MISSION-PRIMARY' asset=DB-MISSION-PRIMARY severity=NO_CONFLICT conflict=False label=CONFIRMED DECISION policies=[]
2026-08-21T20:14:28Z | stress_test | decision='migrar DB-PAYMENTS' asset=DB-PAYMENTS severity=NO_CONFLICT conflict=False label=CONFIRMED DECISION policies=[]
2026-08-21T20:14:28Z | stress_test | decision='migrar CUSTOMER-API' asset=CUSTOMER-API severity=NO_CONFLICT conflict=False label=CONFIRMED DECISION policies=[]
2026-08-21T20:14:28Z | stress_test | decision='migrar SECURE-COMMS-GW' asset=SECURE-COMMS-GW severity=NO_CONFLICT conflict=False label=CONFIRMED DECISION policies=[]
2026-08-21T20:14:28Z | stress_test | decision='migrar LAUNCH-AUTH' asset=LAUNCH-AUTH severity=NO_CONFLICT conflict=False label=CONFIRMED DECISION policies=[]
2026-08-21T20:14:28Z | stress_test | decision='migrar QA-IDENTITY' asset=QA-IDENTITY severity=NO_CONFLICT conflict=False label=CONFIRMED DECISION policies=[]
2026-08-21T20:14:28Z | stress_test | decision='migrar PARTNER-PORTAL' asset=PARTNER-PORTAL severity=NO_CONFLICT conflict=False label=CONFIRMED DECISION policies=[]
2026-08-21T20:14:28Z | stress_test | decision='migrar BILLING-ENGINE' asset=BILLING-ENGINE severity=NO_CONFLICT conflict=False label=CONFIRMED DECISION policies=[]
2026-08-21T20:14:28Z | stress_test | decision='migrar TREASURY-WORKSTATION' asset=TREASURY-WORKSTATION severity=NO_CONFLICT conflict=False label=CONFIRMED DECISION policies=[]
2026-08-21T20:14:28Z | stress_test | decision='migrar TELEMETRY-ARCHIVE' asset=TELEMETRY-ARCHIVE severity=NO_CONFLICT conflict=False label=CONFIRMED DECISION policies=[]
2026-08-21T20:14:28Z | stress_test | decision='migrar DATA-WAREHOUSE' asset=DATA-WAREHOUSE severity=NO_CONFLICT conflict=False label=CONFIRMED DECISION policies=[]
2026-08-21T20:14:28Z | stress_test | decision='migrar DEV-PORTAL' asset=DEV-PORTAL severity=NO_CONFLICT conflict=False label=CONFIRMED DECISION policies=[]
2026-08-21T20:14:28Z | stress_test | decision='migrar STAGING-K8S' asset=STAGING-K8S severity=NO_CONFLICT conflict=False label=CONFIRMED DECISION policies=[]
2026-08-21T20:14:28Z | stress_test | decision='migrar CLOUD-OBJ-STORE' asset=CLOUD-OBJ-STORE severity=NO_CONFLICT conflict=False label=CONFIRMED DECISION policies=[]
2026-08-21T20:14:28Z | stress_test | decision='migrar DNS-INTERNAL' asset=DNS-INTERNAL severity=NO_CONFLICT conflict=False label=CONFIRMED DECISION policies=[]
2026-08-21T20:14:28Z | stress_test | decision='migrar REGION-LB-EU' asset=REGION-LB-EU severity=NO_CONFLICT conflict=False label=CONFIRMED DECISION policies=[]
2026-08-21T20:14:28Z | stress_test | decision='migrar REGION-LB-US' asset=REGION-LB-US severity=NO_CONFLICT conflict=False label=CONFIRMED DECISION policies=[]
2026-08-21T20:14:28Z | stress_test | decision='migrar GUEST-NETWORK-PORTAL' asset=GUEST-NETWORK-PORTAL severity=NO_CONFLICT conflict=False label=CONFIRMED DECISION policies=[]
2026-08-21T20:14:28Z | stress_test | decision='migrar LEGACY-VPN-EU' asset=LEGACY-VPN-EU severity=NO_CONFLICT conflict=False label=CONFIRMED DECISION policies=[]
2026-08-21T20:14:28Z | stress_test | decision='migrar LEGACY-PKI-01' asset=LEGACY-PKI-01 severity=NO_CONFLICT conflict=False label=CONFIRMED DECISION policies=[]
2026-08-21T20:14:28Z | stress_test | decision='migrar LEGACY-ERP-02' asset=LEGACY-ERP-02 severity=CONFLICT conflict=True label=RECOMMENDED ALTERNATIVE policies=['P003']
2026-08-21T20:14:28Z | stress_test | decision='migrar LEGACY-MANUFACTURING' asset=LEGACY-MANUFACTURING severity=NO_CONFLICT conflict=False label=CONFIRMED DECISION policies=[]
2026-08-21T20:14:28Z | stress_test | decision='migrar LEGACY-RADIUS' asset=LEGACY-RADIUS severity=NO_CONFLICT conflict=False label=CONFIRMED DECISION policies=[]
2026-08-21T20:14:28Z | stress_test | decision='migrar LEGACY-BACKUP-TAPE' asset=LEGACY-BACKUP-TAPE severity=NO_CONFLICT conflict=False label=CONFIRMED DECISION policies=[]
2026-08-21T20:14:28Z | stress_test | decision='migrar GIT-INFRA' asset=GIT-INFRA severity=NO_CONFLICT conflict=False label=CONFIRMED DECISION policies=[]
2026-08-21T20:14:28Z | stress_test | decision='migrar MFG-CONTROL-01' asset=MFG-CONTROL-01 severity=NO_CONFLICT conflict=False label=CONFIRMED DECISION policies=[]
2026-08-21T20:14:28Z | stress_test | decision='migrar PQC-PILOT-DSA' asset=PQC-PILOT-DSA severity=NO_CONFLICT conflict=False label=CONFIRMED DECISION policies=[]
2026-08-21T20:14:28Z | stress_test | decision='migrar PQC-PILOT-KEM' asset=PQC-PILOT-KEM severity=NO_CONFLICT conflict=False label=CONFIRMED DECISION policies=[]
2026-08-21T20:14:28Z | stress_test | decision='migrar ASSET-071' asset=ASSET-071 severity=NO_CONFLICT conflict=False label=CONFIRMED DECISION policies=[]
2026-08-21T20:14:28Z | stress_test | decision='migrar HR-PORTAL' asset=HR-PORTAL severity=NO_CONFLICT conflict=False label=CONFIRMED DECISION policies=[]
2026-08-21T20:14:28Z | stress_test | decision='migrar HR-DATABASE' asset=HR-DATABASE severity=NO_CONFLICT conflict=False label=CONFIRMED DECISION policies=[]
2026-08-21T20:14:28Z | stress_test | decision='migrar CICD-RUNNERS' asset=CICD-RUNNERS severity=NO_CONFLICT conflict=False label=CONFIRMED DECISION policies=[]
2026-08-21T20:14:28Z | stress_test | decision='migrar MONITORING-STACK' asset=MONITORING-STACK severity=NO_CONFLICT conflict=False label=CONFIRMED DECISION policies=[]
2026-08-21T20:14:28Z | stress_test | decision='migrar COLLAB-SUITE' asset=COLLAB-SUITE severity=NO_CONFLICT conflict=False label=CONFIRMED DECISION policies=[]
2026-08-21T20:14:28Z | stress_test | decision='migrar FILE-SHARE-GLOBAL' asset=FILE-SHARE-GLOBAL severity=NO_CONFLICT conflict=False label=CONFIRMED DECISION policies=[]
2026-08-21T20:14:28Z | stress_test | decision='migrar MFG-CONTROL-02' asset=MFG-CONTROL-02 severity=NO_CONFLICT conflict=False label=CONFIRMED DECISION policies=[]
2026-08-21T20:14:28Z | stress_test | decision='migrar SUPPLY-CHAIN-API' asset=SUPPLY-CHAIN-API severity=NO_CONFLICT conflict=False label=CONFIRMED DECISION policies=[]
2026-08-21T20:14:28Z | stress_test | decision='migrar EMAIL-GATEWAY' asset=EMAIL-GATEWAY severity=NO_CONFLICT conflict=False label=CONFIRMED DECISION policies=[]
2026-08-21T20:14:28Z | stress_test | decision='migrar ASSET-MGMT' asset=ASSET-MGMT severity=NO_CONFLICT conflict=False label=CONFIRMED DECISION policies=[]
2026-08-21T20:14:28Z | stress_test | decision='migrar TIME-SYNC' asset=TIME-SYNC severity=NO_CONFLICT conflict=False label=CONFIRMED DECISION policies=[]
2026-08-21T20:14:28Z | stress_test | decision='migrar LAB-WIFI-CONTROLLER' asset=LAB-WIFI-CONTROLLER severity=NO_CONFLICT conflict=False label=CONFIRMED DECISION policies=[]
2026-08-21T20:14:28Z | stress_test | decision='migrar DEMO-ENV-PORTAL' asset=DEMO-ENV-PORTAL severity=NO_CONFLICT conflict=False label=CONFIRMED DECISION policies=[]
2026-08-21T20:14:28Z | stress_test | decision='migrar TRAINING-SIMULATOR' asset=TRAINING-SIMULATOR severity=NO_CONFLICT conflict=False label=CONFIRMED DECISION policies=[]
2026-08-21T20:14:28Z | stress_test | decision='migrar PRINT-SERVER-HQ' asset=PRINT-SERVER-HQ severity=NO_CONFLICT conflict=False label=CONFIRMED DECISION policies=[]
2026-08-21T20:14:28Z | stress_test | decision='migrar ASSET-042' asset=ASSET-042 severity=NO_CONFLICT conflict=False label=CONFIRMED DECISION policies=[]
2026-08-21T20:14:28Z | stress_test | decision='migrar ASSET-057' asset=ASSET-057 severity=NO_CONFLICT conflict=False label=CONFIRMED DECISION policies=[]
2026-08-21T20:14:28Z | stress_test | decision='migrar ASSET-063' asset=ASSET-063 severity=NO_CONFLICT conflict=False label=CONFIRMED DECISION policies=[]
2026-08-21T20:14:28Z | stress_test | decision='migrar APAC-SG' asset=APAC-SG severity=NO_CONFLICT conflict=False label=CONFIRMED DECISION policies=[]
2026-08-21T20:14:28Z | stress_test | decision='migrar NG-07' asset=NG-07 severity=NO_CONFLICT conflict=False label=CONFIRMED DECISION policies=[]
2026-08-21T20:14:28Z | stress_test | decision='migrar MISSION-CONTROL' asset=MISSION-CONTROL severity=CONFLICT conflict=True label=RECOMMENDED ALTERNATIVE policies=['P002', 'P003', 'P008']
2026-08-21T20:14:28Z | stress_test | decision='migrar PAYMENTS-CORE' asset=PAYMENTS-CORE severity=NO_CONFLICT conflict=False label=CONFIRMED DECISION policies=[]
2026-08-21T20:14:28Z | stress_test | decision='migrar FLIGHT-DATA' asset=FLIGHT-DATA severity=NO_CONFLICT conflict=False label=CONFIRMED DECISION policies=[]
2026-08-21T20:14:28Z | stress_test | decision='migrar SECURITY-SIEM' asset=SECURITY-SIEM severity=NO_CONFLICT conflict=False label=CONFIRMED DECISION policies=[]
2026-08-21T20:14:28Z | stress_test | decision='migrar LEGACY-FTP' asset=LEGACY-FTP severity=NO_CONFLICT conflict=False label=CONFIRMED DECISION policies=[]
2026-08-21T20:14:29Z | stress_test | decision='migrar IDENTITY-CORE' asset=IDENTITY-CORE severity=CONFLICT conflict=True label=RECOMMENDED ALTERNATIVE policies=['P003']
2026-08-21T20:14:29Z | stress_test | decision='migrar SSO-GLOBAL' asset=SSO-GLOBAL severity=NO_CONFLICT conflict=False label=CONFIRMED DECISION policies=[]
2026-08-21T20:14:29Z | stress_test | decision='migrar PKI-ROOT' asset=PKI-ROOT severity=NO_CONFLICT conflict=False label=CONFIRMED DECISION policies=[]
2026-08-21T20:14:29Z | stress_test | decision='migrar PKI-INTERMEDIATE' asset=PKI-INTERMEDIATE severity=NO_CONFLICT conflict=False label=CONFIRMED DECISION policies=[]
2026-08-21T20:14:29Z | stress_test | decision='migrar HSM-CLUSTER-US' asset=HSM-CLUSTER-US severity=NO_CONFLICT conflict=False label=CONFIRMED DECISION policies=[]
2026-08-21T20:14:29Z | stress_test | decision='migrar HSM-CLUSTER-EU' asset=HSM-CLUSTER-EU severity=NO_CONFLICT conflict=False label=CONFIRMED DECISION policies=[]
2026-08-21T20:14:29Z | stress_test | decision='migrar PAYMENT-CORE' asset=PAYMENT-CORE severity=NO_CONFLICT conflict=False label=CONFIRMED DECISION policies=[]
2026-08-21T20:14:29Z | stress_test | decision='migrar COMMAND-SIGNING' asset=COMMAND-SIGNING severity=NO_CONFLICT conflict=False label=CONFIRMED DECISION policies=[]
2026-08-21T20:14:29Z | stress_test | decision='migrar SAT-OPS-01' asset=SAT-OPS-01 severity=CONFLICT conflict=True label=RECOMMENDED ALTERNATIVE policies=['P002', 'P008']
2026-08-21T20:14:29Z | stress_test | decision='migrar GROUND-STATION-EU' asset=GROUND-STATION-EU severity=NO_CONFLICT conflict=False label=CONFIRMED DECISION policies=[]
2026-08-21T20:14:29Z | stress_test | decision='migrar CUSTOMER-PORTAL' asset=CUSTOMER-PORTAL severity=CONFLICT conflict=True label=RECOMMENDED ALTERNATIVE policies=['P003']
2026-08-21T20:14:29Z | stress_test | decision='migrar TELEMETRY-BUS' asset=TELEMETRY-BUS severity=NO_CONFLICT conflict=False label=CONFIRMED DECISION policies=[]
2026-08-21T20:14:29Z | stress_test | decision='migrar DATA-LAKE-01' asset=DATA-LAKE-01 severity=NO_CONFLICT conflict=False label=CONFIRMED DECISION policies=[]
2026-08-21T20:14:29Z | stress_test | decision='migrar GROUND-STATION-US' asset=GROUND-STATION-US severity=NO_CONFLICT conflict=False label=CONFIRMED DECISION policies=[]
2026-08-21T20:14:29Z | stress_test | decision='migrar GROUND-STATION-APAC' asset=GROUND-STATION-APAC severity=NO_CONFLICT conflict=False label=CONFIRMED DECISION policies=[]
2026-08-21T20:14:29Z | stress_test | decision='migrar SAT-OPS-02' asset=SAT-OPS-02 severity=NO_CONFLICT conflict=False label=CONFIRMED DECISION policies=[]
2026-08-21T20:14:29Z | stress_test | decision='migrar SAT-COMMS-RELAY' asset=SAT-COMMS-RELAY severity=NO_CONFLICT conflict=False label=CONFIRMED DECISION policies=[]
2026-08-21T20:14:29Z | stress_test | decision='migrar API-GATEWAY-EDGE' asset=API-GATEWAY-EDGE severity=NO_CONFLICT conflict=False label=CONFIRMED DECISION policies=[]
2026-08-21T20:14:29Z | stress_test | decision='migrar API-GATEWAY-INTERNAL' asset=API-GATEWAY-INTERNAL severity=NO_CONFLICT conflict=False label=CONFIRMED DECISION policies=[]
2026-08-21T20:14:29Z | stress_test | decision='migrar IAM-WORKFORCE' asset=IAM-WORKFORCE severity=NO_CONFLICT conflict=False label=CONFIRMED DECISION policies=[]
2026-08-21T20:14:29Z | stress_test | decision='migrar PKI-EXTERNAL-CA' asset=PKI-EXTERNAL-CA severity=NO_CONFLICT conflict=False label=CONFIRMED DECISION policies=[]
2026-08-21T20:14:29Z | stress_test | decision='migrar KMS-CLOUD-PRIMARY' asset=KMS-CLOUD-PRIMARY severity=NO_CONFLICT conflict=False label=CONFIRMED DECISION policies=[]
2026-08-21T20:14:29Z | stress_test | decision='migrar BACKUP-VAULT-01' asset=BACKUP-VAULT-01 severity=NO_CONFLICT conflict=False label=CONFIRMED DECISION policies=[]
2026-08-21T20:14:29Z | stress_test | decision='migrar ERP-FINANCE' asset=ERP-FINANCE severity=NO_CONFLICT conflict=False label=CONFIRMED DECISION policies=[]
2026-08-21T20:14:29Z | stress_test | decision='migrar MOBILE-BANKING-APP' asset=MOBILE-BANKING-APP severity=NO_CONFLICT conflict=False label=CONFIRMED DECISION policies=[]
2026-08-21T20:14:29Z | stress_test | decision='migrar CODE-SIGNING-PROD' asset=CODE-SIGNING-PROD severity=CONFLICT conflict=True label=RECOMMENDED ALTERNATIVE policies=['P003']
2026-08-21T20:14:29Z | stress_test | decision='migrar FIRMWARE-SIGNING' asset=FIRMWARE-SIGNING severity=CONFLICT conflict=True label=RECOMMENDED ALTERNATIVE policies=['P003']
2026-08-21T20:14:29Z | stress_test | decision='migrar SIEM-CORE' asset=SIEM-CORE severity=NO_CONFLICT conflict=False label=CONFIRMED DECISION policies=[]
2026-08-21T20:14:29Z | stress_test | decision='migrar SOC-PLATFORM' asset=SOC-PLATFORM severity=NO_CONFLICT conflict=False label=CONFIRMED DECISION policies=[]
2026-08-21T20:14:29Z | stress_test | decision='migrar LOGGING-PIPELINE' asset=LOGGING-PIPELINE severity=NO_CONFLICT conflict=False label=CONFIRMED DECISION policies=[]
2026-08-21T20:14:29Z | stress_test | decision='migrar VPN-CORP-PRIMARY' asset=VPN-CORP-PRIMARY severity=NO_CONFLICT conflict=False label=CONFIRMED DECISION policies=[]
2026-08-21T20:14:29Z | stress_test | decision='migrar K8S-PROD-US' asset=K8S-PROD-US severity=NO_CONFLICT conflict=False label=CONFIRMED DECISION policies=[]
2026-08-21T20:14:29Z | stress_test | decision='migrar K8S-PROD-EU' asset=K8S-PROD-EU severity=NO_CONFLICT conflict=False label=CONFIRMED DECISION policies=[]
2026-08-21T20:14:29Z | stress_test | decision='migrar DB-MISSION-PRIMARY' asset=DB-MISSION-PRIMARY severity=NO_CONFLICT conflict=False label=CONFIRMED DECISION policies=[]
2026-08-21T20:14:29Z | stress_test | decision='migrar DB-PAYMENTS' asset=DB-PAYMENTS severity=NO_CONFLICT conflict=False label=CONFIRMED DECISION policies=[]
2026-08-21T20:14:29Z | stress_test | decision='migrar CUSTOMER-API' asset=CUSTOMER-API severity=NO_CONFLICT conflict=False label=CONFIRMED DECISION policies=[]
2026-08-21T20:14:29Z | stress_test | decision='migrar SECURE-COMMS-GW' asset=SECURE-COMMS-GW severity=NO_CONFLICT conflict=False label=CONFIRMED DECISION policies=[]
2026-08-21T20:14:29Z | stress_test | decision='migrar LAUNCH-AUTH' asset=LAUNCH-AUTH severity=NO_CONFLICT conflict=False label=CONFIRMED DECISION policies=[]
2026-08-21T20:14:29Z | stress_test | decision='migrar QA-IDENTITY' asset=QA-IDENTITY severity=NO_CONFLICT conflict=False label=CONFIRMED DECISION policies=[]
2026-08-21T20:14:29Z | stress_test | decision='migrar PARTNER-PORTAL' asset=PARTNER-PORTAL severity=NO_CONFLICT conflict=False label=CONFIRMED DECISION policies=[]
2026-08-21T20:14:29Z | stress_test | decision='migrar BILLING-ENGINE' asset=BILLING-ENGINE severity=NO_CONFLICT conflict=False label=CONFIRMED DECISION policies=[]
2026-08-21T20:14:29Z | stress_test | decision='migrar TREASURY-WORKSTATION' asset=TREASURY-WORKSTATION severity=NO_CONFLICT conflict=False label=CONFIRMED DECISION policies=[]
2026-08-21T20:14:29Z | stress_test | decision='migrar TELEMETRY-ARCHIVE' asset=TELEMETRY-ARCHIVE severity=NO_CONFLICT conflict=False label=CONFIRMED DECISION policies=[]
2026-08-21T20:14:29Z | stress_test | decision='migrar DATA-WAREHOUSE' asset=DATA-WAREHOUSE severity=NO_CONFLICT conflict=False label=CONFIRMED DECISION policies=[]
2026-08-21T20:14:29Z | stress_test | decision='migrar DEV-PORTAL' asset=DEV-PORTAL severity=NO_CONFLICT conflict=False label=CONFIRMED DECISION policies=[]
2026-08-21T20:14:29Z | stress_test | decision='migrar STAGING-K8S' asset=STAGING-K8S severity=NO_CONFLICT conflict=False label=CONFIRMED DECISION policies=[]
2026-08-21T20:14:29Z | stress_test | decision='migrar CLOUD-OBJ-STORE' asset=CLOUD-OBJ-STORE severity=NO_CONFLICT conflict=False label=CONFIRMED DECISION policies=[]
2026-08-21T20:14:29Z | stress_test | decision='migrar DNS-INTERNAL' asset=DNS-INTERNAL severity=NO_CONFLICT conflict=False label=CONFIRMED DECISION policies=[]
2026-08-21T20:14:29Z | stress_test | decision='migrar REGION-LB-EU' asset=REGION-LB-EU severity=NO_CONFLICT conflict=False label=CONFIRMED DECISION policies=[]
2026-08-21T20:14:29Z | stress_test | decision='migrar REGION-LB-US' asset=REGION-LB-US severity=NO_CONFLICT conflict=False label=CONFIRMED DECISION policies=[]
2026-08-21T20:14:29Z | stress_test | decision='migrar GUEST-NETWORK-PORTAL' asset=GUEST-NETWORK-PORTAL severity=NO_CONFLICT conflict=False label=CONFIRMED DECISION policies=[]
2026-08-21T20:14:29Z | stress_test | decision='migrar LEGACY-VPN-EU' asset=LEGACY-VPN-EU severity=NO_CONFLICT conflict=False label=CONFIRMED DECISION policies=[]
2026-08-21T20:14:29Z | stress_test | decision='migrar LEGACY-PKI-01' asset=LEGACY-PKI-01 severity=NO_CONFLICT conflict=False label=CONFIRMED DECISION policies=[]
2026-08-21T20:14:29Z | stress_test | decision='migrar LEGACY-ERP-02' asset=LEGACY-ERP-02 severity=CONFLICT conflict=True label=RECOMMENDED ALTERNATIVE policies=['P003']
2026-08-21T20:14:29Z | stress_test | decision='migrar LEGACY-MANUFACTURING' asset=LEGACY-MANUFACTURING severity=NO_CONFLICT conflict=False label=CONFIRMED DECISION policies=[]
2026-08-21T20:14:29Z | stress_test | decision='migrar LEGACY-RADIUS' asset=LEGACY-RADIUS severity=NO_CONFLICT conflict=False label=CONFIRMED DECISION policies=[]
2026-08-21T20:14:29Z | stress_test | decision='migrar LEGACY-BACKUP-TAPE' asset=LEGACY-BACKUP-TAPE severity=NO_CONFLICT conflict=False label=CONFIRMED DECISION policies=[]
2026-08-21T20:14:29Z | stress_test | decision='migrar GIT-INFRA' asset=GIT-INFRA severity=NO_CONFLICT conflict=False label=CONFIRMED DECISION policies=[]
2026-08-21T20:14:29Z | stress_test | decision='migrar MFG-CONTROL-01' asset=MFG-CONTROL-01 severity=NO_CONFLICT conflict=False label=CONFIRMED DECISION policies=[]
2026-08-21T20:14:29Z | stress_test | decision='migrar PQC-PILOT-DSA' asset=PQC-PILOT-DSA severity=NO_CONFLICT conflict=False label=CONFIRMED DECISION policies=[]
2026-08-21T20:14:29Z | stress_test | decision='migrar PQC-PILOT-KEM' asset=PQC-PILOT-KEM severity=NO_CONFLICT conflict=False label=CONFIRMED DECISION policies=[]
2026-08-21T20:14:29Z | stress_test | decision='migrar ASSET-071' asset=ASSET-071 severity=NO_CONFLICT conflict=False label=CONFIRMED DECISION policies=[]
2026-08-21T20:14:29Z | stress_test | decision='migrar HR-PORTAL' asset=HR-PORTAL severity=NO_CONFLICT conflict=False label=CONFIRMED DECISION policies=[]
2026-08-21T20:14:29Z | stress_test | decision='migrar HR-DATABASE' asset=HR-DATABASE severity=NO_CONFLICT conflict=False label=CONFIRMED DECISION policies=[]
2026-08-21T20:14:29Z | stress_test | decision='migrar CICD-RUNNERS' asset=CICD-RUNNERS severity=NO_CONFLICT conflict=False label=CONFIRMED DECISION policies=[]
2026-08-21T20:14:29Z | stress_test | decision='migrar MONITORING-STACK' asset=MONITORING-STACK severity=NO_CONFLICT conflict=False label=CONFIRMED DECISION policies=[]
2026-08-21T20:14:29Z | stress_test | decision='migrar COLLAB-SUITE' asset=COLLAB-SUITE severity=NO_CONFLICT conflict=False label=CONFIRMED DECISION policies=[]
2026-08-21T20:14:29Z | stress_test | decision='migrar FILE-SHARE-GLOBAL' asset=FILE-SHARE-GLOBAL severity=NO_CONFLICT conflict=False label=CONFIRMED DECISION policies=[]
2026-08-21T20:14:29Z | stress_test | decision='migrar MFG-CONTROL-02' asset=MFG-CONTROL-02 severity=NO_CONFLICT conflict=False label=CONFIRMED DECISION policies=[]
2026-08-21T20:14:29Z | stress_test | decision='migrar SUPPLY-CHAIN-API' asset=SUPPLY-CHAIN-API severity=NO_CONFLICT conflict=False label=CONFIRMED DECISION policies=[]
2026-08-21T20:14:29Z | stress_test | decision='migrar EMAIL-GATEWAY' asset=EMAIL-GATEWAY severity=NO_CONFLICT conflict=False label=CONFIRMED DECISION policies=[]
2026-08-21T20:14:29Z | stress_test | decision='migrar ASSET-MGMT' asset=ASSET-MGMT severity=NO_CONFLICT conflict=False label=CONFIRMED DECISION policies=[]
2026-08-21T20:14:29Z | stress_test | decision='migrar TIME-SYNC' asset=TIME-SYNC severity=NO_CONFLICT conflict=False label=CONFIRMED DECISION policies=[]
2026-08-21T20:14:29Z | stress_test | decision='migrar LAB-WIFI-CONTROLLER' asset=LAB-WIFI-CONTROLLER severity=NO_CONFLICT conflict=False label=CONFIRMED DECISION policies=[]
2026-08-21T20:14:29Z | stress_test | decision='migrar DEMO-ENV-PORTAL' asset=DEMO-ENV-PORTAL severity=NO_CONFLICT conflict=False label=CONFIRMED DECISION policies=[]
2026-08-21T20:14:29Z | stress_test | decision='migrar TRAINING-SIMULATOR' asset=TRAINING-SIMULATOR severity=NO_CONFLICT conflict=False label=CONFIRMED DECISION policies=[]
2026-08-21T20:14:29Z | stress_test | decision='migrar PRINT-SERVER-HQ' asset=PRINT-SERVER-HQ severity=NO_CONFLICT conflict=False label=CONFIRMED DECISION policies=[]
2026-08-21T20:14:29Z | stress_test | decision='migrar ASSET-042' asset=ASSET-042 severity=NO_CONFLICT conflict=False label=CONFIRMED DECISION policies=[]
2026-08-21T20:14:29Z | stress_test | decision='migrar ASSET-057' asset=ASSET-057 severity=NO_CONFLICT conflict=False label=CONFIRMED DECISION policies=[]
2026-08-21T20:14:29Z | stress_test | decision='migrar ASSET-063' asset=ASSET-063 severity=NO_CONFLICT conflict=False label=CONFIRMED DECISION policies=[]
2026-08-21T20:14:29Z | stress_test | decision='migrar APAC-SG' asset=APAC-SG severity=NO_CONFLICT conflict=False label=CONFIRMED DECISION policies=[]
2026-08-21T20:14:29Z | stress_test | decision='migrar NG-07' asset=NG-07 severity=NO_CONFLICT conflict=False label=CONFIRMED DECISION policies=[]
2026-08-21T20:14:29Z | stress_test | decision='migrar MISSION-CONTROL' asset=MISSION-CONTROL severity=CONFLICT conflict=True label=RECOMMENDED ALTERNATIVE policies=['P002', 'P003', 'P008']
2026-08-21T20:14:29Z | stress_test | decision='migrar PAYMENTS-CORE' asset=PAYMENTS-CORE severity=NO_CONFLICT conflict=False label=CONFIRMED DECISION policies=[]
2026-08-21T20:14:29Z | stress_test | decision='migrar FLIGHT-DATA' asset=FLIGHT-DATA severity=NO_CONFLICT conflict=False label=CONFIRMED DECISION policies=[]
2026-08-21T20:14:29Z | stress_test | decision='migrar SECURITY-SIEM' asset=SECURITY-SIEM severity=NO_CONFLICT conflict=False label=CONFIRMED DECISION policies=[]
2026-08-21T20:14:29Z | stress_test | decision='migrar LEGACY-FTP' asset=LEGACY-FTP severity=NO_CONFLICT conflict=False label=CONFIRMED DECISION policies=[]
2026-08-21T20:14:31Z | stress_test | decision='migrar PKI-INTERMEDIATE' asset=PKI-INTERMEDIATE severity=NO_CONFLICT conflict=False label=CONFIRMED DECISION policies=[]
