2026-08-20T05:34:24Z | stress_test | decision='migrar demo-payment' asset=demo-payment severity=CONFLICT conflict=True label=RECOMMENDED ALTERNATIVE policies=['P002', 'P008', 'P009', 'P010']
2026-08-20T05:34:24Z | stress_test | decision='migrar demo-legacy-ftp' asset=demo-legacy-ftp severity=WARNING conflict=False label=CONFIRMED DECISION policies=['P009', 'P010']
2026-08-20T05:34:24Z | stress_test | decision='migrar demo-cycle-a' asset=demo-cycle-a severity=CONFLICT conflict=True label=DEPENDENCY CYCLE DETECTED policies=['P001', 'P002']
2026-08-20T05:34:24Z | stress_test | decision='migrar demo-ghost' asset=demo-ghost severity=CONFLICT conflict=True label=RECOMMENDED ALTERNATIVE policies=['P002', 'P003', 'P008']
2026-08-20T05:34:24Z | stress_test | decision='migrar demo-migrated' asset=demo-migrated severity=CONFLICT conflict=True label=RECOMMENDED ALTERNATIVE policies=['P004']
2026-08-20T05:34:24Z | stress_test | decision='migrar demo-payment' asset=demo-payment severity=CONFLICT conflict=True label=RECOMMENDED ALTERNATIVE policies=['P002', 'P008', 'P009', 'P010']
2026-08-20T05:34:24Z | stress_test | decision='migrar demo-payment' asset=demo-payment severity=CONFLICT conflict=True label=RECOMMENDED ALTERNATIVE policies=['P002', 'P008', 'P009', 'P010']
2026-08-20T05:34:24Z | stress_test | decision='migrar demo-payment' asset=demo-payment severity=CONFLICT conflict=True label=RECOMMENDED ALTERNATIVE policies=['P002', 'P008', 'P009', 'P010']
2026-08-20T05:34:24Z | stress_test | decision='migrar demo-payment' asset=demo-payment severity=CONFLICT conflict=True label=RECOMMENDED ALTERNATIVE policies=['P002', 'P008', 'P009', 'P010']
2026-08-20T05:34:24Z | stress_test | decision='migrar demo-payment' asset=demo-payment severity=CONFLICT conflict=True label=RECOMMENDED ALTERNATIVE policies=['P002', 'P008', 'P009', 'P010']
2026-08-20T05:34:24Z | stress_test | decision='migrar demo-payment' asset=demo-payment severity=CONFLICT conflict=True label=RECOMMENDED ALTERNATIVE policies=['P002', 'P008', 'P009', 'P010']
2026-08-20T05:34:24Z | stress_test | decision='migrar demo-payment' asset=demo-payment severity=CONFLICT conflict=True label=RECOMMENDED ALTERNATIVE policies=['P002', 'P008', 'P009', 'P010']
2026-08-20T05:34:24Z | stress_test | decision='migrar demo-payment' asset=demo-payment severity=CONFLICT conflict=True label=RECOMMENDED ALTERNATIVE policies=['P002', 'P008', 'P009', 'P010']
2026-08-20T05:34:24Z | stress_test | decision='migrar demo-payment' asset=demo-payment severity=CONFLICT conflict=True label=RECOMMENDED ALTERNATIVE policies=['P002', 'P008', 'P009', 'P010']
2026-08-20T05:35:46Z | stress_test | decision='migrar demo-payment' asset=demo-payment severity=CONFLICT conflict=True label=RECOMMENDED ALTERNATIVE policies=['P002', 'P008', 'P009', 'P010']
2026-08-20T05:35:46Z | stress_test | decision='migrar demo-payment' asset=demo-payment severity=CONFLICT conflict=True label=RECOMMENDED ALTERNATIVE policies=['P002', 'P008', 'P009', 'P010']
2026-08-20T05:35:46Z | stress_test | decision='migrar demo-payment' asset=demo-payment severity=CONFLICT conflict=True label=RECOMMENDED ALTERNATIVE policies=['P002', 'P008', 'P009', 'P010']
2026-08-20T05:35:46Z | stress_test | decision='migrar demo-payment' asset=demo-payment severity=CONFLICT conflict=True label=RECOMMENDED ALTERNATIVE policies=['P002', 'P008', 'P009', 'P010']
2026-08-20T05:35:46Z | stress_test | decision='migrar demo-payment' asset=demo-payment severity=CONFLICT conflict=True label=RECOMMENDED ALTERNATIVE policies=['P002', 'P008', 'P009', 'P010']
2026-08-20T05:35:46Z | stress_test | decision='migrar demo-payment' asset=demo-payment severity=CONFLICT conflict=True label=RECOMMENDED ALTERNATIVE policies=['P002', 'P008', 'P009', 'P010']
2026-08-20T05:35:46Z | stress_test | decision='migrar demo-payment' asset=demo-payment severity=CONFLICT conflict=True label=RECOMMENDED ALTERNATIVE policies=['P002', 'P008', 'P009', 'P010']
2026-08-20T05:35:46Z | stress_test | decision='migrar demo-payment' asset=demo-payment severity=CONFLICT conflict=True label=RECOMMENDED ALTERNATIVE policies=['P002', 'P008', 'P009', 'P010']
2026-08-20T05:35:46Z | stress_test | decision='migrar demo-payment' asset=demo-payment severity=CONFLICT conflict=True label=RECOMMENDED ALTERNATIVE policies=['P002', 'P008', 'P009', 'P010']
2026-08-20T05:36:08Z | stress_test | decision='migrar demo-payment' asset=demo-payment severity=CONFLICT conflict=True label=RECOMMENDED ALTERNATIVE policies=['P002', 'P008', 'P009', 'P010']
2026-08-20T05:36:08Z | stress_test | decision='migrar demo-legacy-ftp' asset=demo-legacy-ftp severity=WARNING conflict=False label=CONFIRMED DECISION policies=['P009', 'P010']
2026-08-20T05:36:08Z | stress_test | decision='migrar demo-cycle-a' asset=demo-cycle-a severity=CONFLICT conflict=True label=DEPENDENCY CYCLE DETECTED policies=['P001', 'P002']
2026-08-20T05:36:08Z | stress_test | decision='migrar demo-ghost' asset=demo-ghost severity=CONFLICT conflict=True label=RECOMMENDED ALTERNATIVE policies=['P002', 'P003', 'P008']
2026-08-20T05:36:08Z | stress_test | decision='migrar demo-migrated' asset=demo-migrated severity=CONFLICT conflict=True label=RECOMMENDED ALTERNATIVE policies=['P004']
2026-08-20T05:36:08Z | stress_test | decision='migrar demo-payment' asset=demo-payment severity=CONFLICT conflict=True label=RECOMMENDED ALTERNATIVE policies=['P002', 'P008', 'P009', 'P010']
2026-08-20T05:36:08Z | stress_test | decision='migrar demo-payment' asset=demo-payment severity=CONFLICT conflict=True label=RECOMMENDED ALTERNATIVE policies=['P002', 'P008', 'P009', 'P010']
2026-08-20T05:36:08Z | stress_test | decision='migrar demo-payment' asset=demo-payment severity=CONFLICT conflict=True label=RECOMMENDED ALTERNATIVE policies=['P002', 'P008', 'P009', 'P010']
2026-08-20T05:36:08Z | stress_test | decision='migrar demo-payment' asset=demo-payment severity=CONFLICT conflict=True label=RECOMMENDED ALTERNATIVE policies=['P002', 'P008', 'P009', 'P010']
2026-08-20T05:36:08Z | stress_test | decision='migrar demo-payment' asset=demo-payment severity=CONFLICT conflict=True label=RECOMMENDED ALTERNATIVE policies=['P002', 'P008', 'P009', 'P010']
2026-08-20T05:36:08Z | stress_test | decision='migrar demo-payment' asset=demo-payment severity=CONFLICT conflict=True label=RECOMMENDED ALTERNATIVE policies=['P002', 'P008', 'P009', 'P010']
2026-08-20T05:36:08Z | stress_test | decision='migrar demo-payment' asset=demo-payment severity=CONFLICT conflict=True label=RECOMMENDED ALTERNATIVE policies=['P002', 'P008', 'P009', 'P010']
2026-08-20T05:36:08Z | stress_test | decision='migrar demo-payment' asset=demo-payment severity=CONFLICT conflict=True label=RECOMMENDED ALTERNATIVE policies=['P002', 'P008', 'P009', 'P010']
2026-08-20T05:36:08Z | stress_test | decision='migrar demo-payment' asset=demo-payment severity=CONFLICT conflict=True label=RECOMMENDED ALTERNATIVE policies=['P002', 'P008', 'P009', 'P010']
2026-08-20T05:36:08Z | stress_test | decision='migrar demo-payment' asset=demo-payment severity=CONFLICT conflict=True label=RECOMMENDED ALTERNATIVE policies=['P002', 'P008', 'P009', 'P010']
2026-08-20T05:36:46Z | stress_test | decision='migrar demo-payment' asset=demo-payment severity=CONFLICT conflict=True label=RECOMMENDED ALTERNATIVE policies=['P002', 'P008', 'P009', 'P010']
2026-08-20T05:36:46Z | stress_test | decision='migrar demo-legacy-ftp' asset=demo-legacy-ftp severity=WARNING conflict=False label=CONFIRMED DECISION policies=['P009', 'P010']
2026-08-20T05:36:46Z | stress_test | decision='migrar demo-cycle-a' asset=demo-cycle-a severity=CONFLICT conflict=True label=DEPENDENCY CYCLE DETECTED policies=['P001', 'P002']
2026-08-20T05:36:46Z | stress_test | decision='migrar demo-ghost' asset=demo-ghost severity=CONFLICT conflict=True label=RECOMMENDED ALTERNATIVE policies=['P002', 'P003', 'P008']
2026-08-20T05:36:46Z | stress_test | decision='migrar demo-migrated' asset=demo-migrated severity=CONFLICT conflict=True label=RECOMMENDED ALTERNATIVE policies=['P004']
2026-08-20T05:36:46Z | stress_test | decision='migrar demo-payment' asset=demo-payment severity=CONFLICT conflict=True label=RECOMMENDED ALTERNATIVE policies=['P002', 'P008', 'P009', 'P010']
2026-08-20T05:36:46Z | stress_test | decision='migrar demo-payment' asset=demo-payment severity=CONFLICT conflict=True label=RECOMMENDED ALTERNATIVE policies=['P002', 'P008', 'P009', 'P010']
2026-08-20T05:36:46Z | stress_test | decision='migrar demo-payment' asset=demo-payment severity=CONFLICT conflict=True label=RECOMMENDED ALTERNATIVE policies=['P002', 'P008', 'P009', 'P010']
2026-08-20T05:36:46Z | stress_test | decision='migrar demo-payment' asset=demo-payment severity=CONFLICT conflict=True label=RECOMMENDED ALTERNATIVE policies=['P002', 'P008', 'P009', 'P010']
2026-08-20T05:36:46Z | stress_test | decision='migrar demo-payment' asset=demo-payment severity=CONFLICT conflict=True label=RECOMMENDED ALTERNATIVE policies=['P002', 'P008', 'P009', 'P010']
2026-08-20T05:36:46Z | stress_test | decision='migrar demo-payment' asset=demo-payment severity=CONFLICT conflict=True label=RECOMMENDED ALTERNATIVE policies=['P002', 'P008', 'P009', 'P010']
2026-08-20T05:36:46Z | stress_test | decision='migrar demo-payment' asset=demo-payment severity=CONFLICT conflict=True label=RECOMMENDED ALTERNATIVE policies=['P002', 'P008', 'P009', 'P010']
2026-08-20T05:36:46Z | stress_test | decision='migrar demo-payment' asset=demo-payment severity=CONFLICT conflict=True label=RECOMMENDED ALTERNATIVE policies=['P002', 'P008', 'P009', 'P010']
2026-08-20T05:36:46Z | stress_test | decision='migrar demo-payment' asset=demo-payment severity=CONFLICT conflict=True label=RECOMMENDED ALTERNATIVE policies=['P002', 'P008', 'P009', 'P010']
2026-08-20T05:36:46Z | stress_test | decision='migrar demo-payment' asset=demo-payment severity=CONFLICT conflict=True label=RECOMMENDED ALTERNATIVE policies=['P002', 'P008', 'P009', 'P010']
2026-08-20T16:22:39Z | stress_test | decision='migrar demo-payment' asset=demo-payment severity=CONFLICT conflict=True label=RECOMMENDED ALTERNATIVE policies=['P002', 'P008', 'P009', 'P010']
2026-08-20T16:22:39Z | stress_test | decision='migrar demo-legacy-ftp' asset=demo-legacy-ftp severity=WARNING conflict=False label=CONFIRMED DECISION policies=['P009', 'P010']
2026-08-20T16:22:39Z | stress_test | decision='migrar demo-cycle-a' asset=demo-cycle-a severity=CONFLICT conflict=True label=DEPENDENCY CYCLE DETECTED policies=['P001', 'P002']
2026-08-20T16:22:39Z | stress_test | decision='migrar demo-ghost' asset=demo-ghost severity=CONFLICT conflict=True label=RECOMMENDED ALTERNATIVE policies=['P002', 'P003', 'P008']
2026-08-20T16:22:39Z | stress_test | decision='migrar demo-migrated' asset=demo-migrated severity=CONFLICT conflict=True label=RECOMMENDED ALTERNATIVE policies=['P004']
2026-08-20T16:22:40Z | stress_test | decision='migrar demo-payment' asset=demo-payment severity=CONFLICT conflict=True label=RECOMMENDED ALTERNATIVE policies=['P002', 'P008', 'P009', 'P010']
2026-08-20T16:22:40Z | stress_test | decision='migrar demo-payment' asset=demo-payment severity=CONFLICT conflict=True label=RECOMMENDED ALTERNATIVE policies=['P002', 'P008', 'P009', 'P010']
2026-08-20T16:22:40Z | stress_test | decision='migrar demo-payment' asset=demo-payment severity=CONFLICT conflict=True label=RECOMMENDED ALTERNATIVE policies=['P002', 'P008', 'P009', 'P010']
2026-08-20T16:22:40Z | stress_test | decision='migrar demo-payment' asset=demo-payment severity=CONFLICT conflict=True label=RECOMMENDED ALTERNATIVE policies=['P002', 'P008', 'P009', 'P010']
2026-08-20T16:22:40Z | stress_test | decision='migrar demo-payment' asset=demo-payment severity=CONFLICT conflict=True label=RECOMMENDED ALTERNATIVE policies=['P002', 'P008', 'P009', 'P010']
2026-08-20T16:22:40Z | stress_test | decision='migrar demo-payment' asset=demo-payment severity=CONFLICT conflict=True label=RECOMMENDED ALTERNATIVE policies=['P002', 'P008', 'P009', 'P010']
2026-08-20T16:22:40Z | stress_test | decision='migrar demo-payment' asset=demo-payment severity=CONFLICT conflict=True label=RECOMMENDED ALTERNATIVE policies=['P002', 'P008', 'P009', 'P010']
2026-08-20T16:22:40Z | stress_test | decision='migrar demo-payment' asset=demo-payment severity=CONFLICT conflict=True label=RECOMMENDED ALTERNATIVE policies=['P002', 'P008', 'P009', 'P010']
2026-08-20T16:22:40Z | stress_test | decision='migrar demo-payment' asset=demo-payment severity=CONFLICT conflict=True label=RECOMMENDED ALTERNATIVE policies=['P002', 'P008', 'P009', 'P010']
2026-08-20T16:22:40Z | stress_test | decision='migrar demo-payment' asset=demo-payment severity=CONFLICT conflict=True label=RECOMMENDED ALTERNATIVE policies=['P002', 'P008', 'P009', 'P010']
2026-08-20T17:34:47Z | stress_test | decision='migrar demo-payment' asset=demo-payment severity=CONFLICT conflict=True label=RECOMMENDED ALTERNATIVE policies=['P002', 'P008', 'P009', 'P010']
2026-08-20T17:34:47Z | stress_test | decision='migrar demo-legacy-ftp' asset=demo-legacy-ftp severity=WARNING conflict=False label=CONFIRMED DECISION policies=['P009', 'P010']
2026-08-20T17:34:47Z | stress_test | decision='migrar demo-cycle-a' asset=demo-cycle-a severity=CONFLICT conflict=True label=DEPENDENCY CYCLE DETECTED policies=['P001', 'P002']
2026-08-20T17:34:47Z | stress_test | decision='migrar demo-ghost' asset=demo-ghost severity=CONFLICT conflict=True label=RECOMMENDED ALTERNATIVE policies=['P002', 'P003', 'P008']
2026-08-20T17:34:47Z | stress_test | decision='migrar demo-migrated' asset=demo-migrated severity=CONFLICT conflict=True label=RECOMMENDED ALTERNATIVE policies=['P004']
2026-08-20T17:34:47Z | stress_test | decision='migrar demo-payment' asset=demo-payment severity=CONFLICT conflict=True label=RECOMMENDED ALTERNATIVE policies=['P002', 'P008', 'P009', 'P010']
2026-08-20T17:34:47Z | stress_test | decision='migrar demo-payment' asset=demo-payment severity=CONFLICT conflict=True label=RECOMMENDED ALTERNATIVE policies=['P002', 'P008', 'P009', 'P010']
2026-08-20T17:34:47Z | stress_test | decision='migrar demo-payment' asset=demo-payment severity=CONFLICT conflict=True label=RECOMMENDED ALTERNATIVE policies=['P002', 'P008', 'P009', 'P010']
2026-08-20T17:34:47Z | stress_test | decision='migrar demo-payment' asset=demo-payment severity=CONFLICT conflict=True label=RECOMMENDED ALTERNATIVE policies=['P002', 'P008', 'P009', 'P010']
2026-08-20T17:34:47Z | stress_test | decision='migrar demo-payment' asset=demo-payment severity=CONFLICT conflict=True label=RECOMMENDED ALTERNATIVE policies=['P002', 'P008', 'P009', 'P010']
2026-08-20T17:34:47Z | stress_test | decision='migrar demo-payment' asset=demo-payment severity=CONFLICT conflict=True label=RECOMMENDED ALTERNATIVE policies=['P002', 'P008', 'P009', 'P010']
2026-08-20T17:34:47Z | stress_test | decision='migrar demo-payment' asset=demo-payment severity=CONFLICT conflict=True label=RECOMMENDED ALTERNATIVE policies=['P002', 'P008', 'P009', 'P010']
2026-08-20T17:34:47Z | stress_test | decision='migrar demo-payment' asset=demo-payment severity=CONFLICT conflict=True label=RECOMMENDED ALTERNATIVE policies=['P002', 'P008', 'P009', 'P010']
2026-08-20T17:34:47Z | stress_test | decision='migrar demo-payment' asset=demo-payment severity=CONFLICT conflict=True label=RECOMMENDED ALTERNATIVE policies=['P002', 'P008', 'P009', 'P010']
2026-08-20T17:34:47Z | stress_test | decision='migrar demo-payment' asset=demo-payment severity=CONFLICT conflict=True label=RECOMMENDED ALTERNATIVE policies=['P002', 'P008', 'P009', 'P010']
2026-08-20T17:34:47Z | stress_test | decision='migrar pay-a' asset=pay-a severity=CONFLICT conflict=True label=RECOMMENDED ALTERNATIVE policies=['P002', 'P008', 'P009', 'P010']
2026-08-20T17:34:47Z | stress_test | decision='migrar demo-payment' asset=demo-payment severity=CONFLICT conflict=True label=RECOMMENDED ALTERNATIVE policies=['P002', 'P008', 'P009', 'P010']
2026-08-20T17:35:00Z | stress_test | decision='migrar demo-payment' asset=demo-payment severity=CONFLICT conflict=True label=RECOMMENDED ALTERNATIVE policies=['P002', 'P008', 'P009', 'P010']
2026-08-20T17:35:00Z | stress_test | decision='migrar demo-legacy-ftp' asset=demo-legacy-ftp severity=WARNING conflict=False label=CONFIRMED DECISION policies=['P009', 'P010']
2026-08-20T17:35:00Z | stress_test | decision='migrar demo-cycle-a' asset=demo-cycle-a severity=CONFLICT conflict=True label=DEPENDENCY CYCLE DETECTED policies=['P001', 'P002']
2026-08-20T17:35:00Z | stress_test | decision='migrar demo-ghost' asset=demo-ghost severity=CONFLICT conflict=True label=RECOMMENDED ALTERNATIVE policies=['P002', 'P003', 'P008']
2026-08-20T17:35:00Z | stress_test | decision='migrar demo-migrated' asset=demo-migrated severity=CONFLICT conflict=True label=RECOMMENDED ALTERNATIVE policies=['P004']
2026-08-20T17:35:00Z | stress_test | decision='migrar demo-payment' asset=demo-payment severity=CONFLICT conflict=True label=RECOMMENDED ALTERNATIVE policies=['P002', 'P008', 'P009', 'P010']
2026-08-20T17:35:00Z | stress_test | decision='migrar demo-payment' asset=demo-payment severity=CONFLICT conflict=True label=RECOMMENDED ALTERNATIVE policies=['P002', 'P008', 'P009', 'P010']
2026-08-20T17:35:00Z | stress_test | decision='migrar demo-payment' asset=demo-payment severity=CONFLICT conflict=True label=RECOMMENDED ALTERNATIVE policies=['P002', 'P008', 'P009', 'P010']
2026-08-20T17:35:00Z | stress_test | decision='migrar demo-payment' asset=demo-payment severity=CONFLICT conflict=True label=RECOMMENDED ALTERNATIVE policies=['P002', 'P008', 'P009', 'P010']
2026-08-20T17:35:00Z | stress_test | decision='migrar demo-payment' asset=demo-payment severity=CONFLICT conflict=True label=RECOMMENDED ALTERNATIVE policies=['P002', 'P008', 'P009', 'P010']
2026-08-20T17:35:00Z | stress_test | decision='migrar demo-payment' asset=demo-payment severity=CONFLICT conflict=True label=RECOMMENDED ALTERNATIVE policies=['P002', 'P008', 'P009', 'P010']
2026-08-20T17:35:00Z | stress_test | decision='migrar demo-payment' asset=demo-payment severity=CONFLICT conflict=True label=RECOMMENDED ALTERNATIVE policies=['P002', 'P008', 'P009', 'P010']
2026-08-20T17:35:00Z | stress_test | decision='migrar demo-payment' asset=demo-payment severity=CONFLICT conflict=True label=RECOMMENDED ALTERNATIVE policies=['P002', 'P008', 'P009', 'P010']
2026-08-20T17:35:00Z | stress_test | decision='migrar demo-payment' asset=demo-payment severity=CONFLICT conflict=True label=RECOMMENDED ALTERNATIVE policies=['P002', 'P008', 'P009', 'P010']
2026-08-20T17:35:00Z | stress_test | decision='migrar demo-payment' asset=demo-payment severity=CONFLICT conflict=True label=RECOMMENDED ALTERNATIVE policies=['P002', 'P008', 'P009', 'P010']
2026-08-20T17:35:00Z | stress_test | decision='migrar pay-a' asset=pay-a severity=CONFLICT conflict=True label=RECOMMENDED ALTERNATIVE policies=['P002', 'P008', 'P009', 'P010']
2026-08-20T17:35:00Z | stress_test | decision='migrar demo-payment' asset=demo-payment severity=CONFLICT conflict=True label=RECOMMENDED ALTERNATIVE policies=['P002', 'P008', 'P009', 'P010']
2026-08-20T17:35:19Z | stress_test | decision='migrar payment' asset=payment severity=CONFLICT conflict=True label=RECOMMENDED ALTERNATIVE policies=['P002', 'P008', 'P009', 'P010']
2026-08-20T18:07:36Z | stress_test | decision='migrar demo-payment' asset=demo-payment severity=CONFLICT conflict=True label=RECOMMENDED ALTERNATIVE policies=['P002', 'P008', 'P009', 'P010']
2026-08-20T18:07:36Z | stress_test | decision='migrar demo-legacy-ftp' asset=demo-legacy-ftp severity=WARNING conflict=False label=CONFIRMED DECISION policies=['P009', 'P010']
2026-08-20T18:07:36Z | stress_test | decision='migrar demo-cycle-a' asset=demo-cycle-a severity=CONFLICT conflict=True label=DEPENDENCY CYCLE DETECTED policies=['P001', 'P002']
2026-08-20T18:07:36Z | stress_test | decision='migrar demo-ghost' asset=demo-ghost severity=CONFLICT conflict=True label=RECOMMENDED ALTERNATIVE policies=['P002', 'P003', 'P008']
2026-08-20T18:07:36Z | stress_test | decision='migrar demo-migrated' asset=demo-migrated severity=CONFLICT conflict=True label=RECOMMENDED ALTERNATIVE policies=['P004']
2026-08-20T18:07:36Z | stress_test | decision='migrar demo-payment' asset=demo-payment severity=CONFLICT conflict=True label=RECOMMENDED ALTERNATIVE policies=['P002', 'P008', 'P009', 'P010']
2026-08-20T18:07:36Z | stress_test | decision='migrar demo-payment' asset=demo-payment severity=CONFLICT conflict=True label=RECOMMENDED ALTERNATIVE policies=['P002', 'P008', 'P009', 'P010']
2026-08-20T18:07:36Z | stress_test | decision='migrar demo-payment' asset=demo-payment severity=CONFLICT conflict=True label=RECOMMENDED ALTERNATIVE policies=['P002', 'P008', 'P009', 'P010']
2026-08-20T18:07:36Z | stress_test | decision='migrar demo-payment' asset=demo-payment severity=CONFLICT conflict=True label=RECOMMENDED ALTERNATIVE policies=['P002', 'P008', 'P009', 'P010']
2026-08-20T18:07:36Z | stress_test | decision='migrar demo-payment' asset=demo-payment severity=CONFLICT conflict=True label=RECOMMENDED ALTERNATIVE policies=['P002', 'P008', 'P009', 'P010']
2026-08-20T18:07:36Z | stress_test | decision='migrar demo-payment' asset=demo-payment severity=CONFLICT conflict=True label=RECOMMENDED ALTERNATIVE policies=['P002', 'P008', 'P009', 'P010']
2026-08-20T18:07:36Z | stress_test | decision='migrar demo-payment' asset=demo-payment severity=CONFLICT conflict=True label=RECOMMENDED ALTERNATIVE policies=['P002', 'P008', 'P009', 'P010']
2026-08-20T18:07:36Z | stress_test | decision='migrar demo-payment' asset=demo-payment severity=CONFLICT conflict=True label=RECOMMENDED ALTERNATIVE policies=['P002', 'P008', 'P009', 'P010']
2026-08-20T18:07:36Z | stress_test | decision='migrar demo-payment' asset=demo-payment severity=CONFLICT conflict=True label=RECOMMENDED ALTERNATIVE policies=['P002', 'P008', 'P009', 'P010']
2026-08-20T18:07:36Z | stress_test | decision='migrar demo-payment' asset=demo-payment severity=CONFLICT conflict=True label=RECOMMENDED ALTERNATIVE policies=['P002', 'P008', 'P009', 'P010']
2026-08-20T18:07:36Z | stress_test | decision='migrar pay-a' asset=pay-a severity=CONFLICT conflict=True label=RECOMMENDED ALTERNATIVE policies=['P002', 'P008', 'P009', 'P010']
2026-08-20T18:07:36Z | stress_test | decision='migrar demo-payment' asset=demo-payment severity=CONFLICT conflict=True label=RECOMMENDED ALTERNATIVE policies=['P002', 'P008', 'P009', 'P010']
2026-08-20T18:07:38Z | stress_test | decision='migrar demo-payment' asset=demo-payment severity=CONFLICT conflict=True label=RECOMMENDED ALTERNATIVE policies=['P002', 'P008', 'P009', 'P010']
2026-08-20T18:07:38Z | stress_test | decision='migrar demo-hsm' asset=demo-hsm severity=CONFLICT conflict=True label=RECOMMENDED ALTERNATIVE policies=['P004']
2026-08-20T18:20:56Z | stress_test | decision='migrar demo-payment' asset=demo-payment severity=CONFLICT conflict=True label=RECOMMENDED ALTERNATIVE policies=['P002', 'P008', 'P009', 'P010']
2026-08-20T18:20:56Z | stress_test | decision='migrar demo-legacy-ftp' asset=demo-legacy-ftp severity=WARNING conflict=False label=CONFIRMED DECISION policies=['P009', 'P010']
2026-08-20T18:20:56Z | stress_test | decision='migrar demo-cycle-a' asset=demo-cycle-a severity=CONFLICT conflict=True label=DEPENDENCY CYCLE DETECTED policies=['P001', 'P002']
2026-08-20T18:20:56Z | stress_test | decision='migrar demo-ghost' asset=demo-ghost severity=CONFLICT conflict=True label=RECOMMENDED ALTERNATIVE policies=['P002', 'P003', 'P008']
2026-08-20T18:20:56Z | stress_test | decision='migrar demo-migrated' asset=demo-migrated severity=CONFLICT conflict=True label=RECOMMENDED ALTERNATIVE policies=['P004']
2026-08-20T18:20:56Z | stress_test | decision='migrar demo-payment' asset=demo-payment severity=CONFLICT conflict=True label=RECOMMENDED ALTERNATIVE policies=['P002', 'P008', 'P009', 'P010']
2026-08-20T18:20:56Z | stress_test | decision='migrar demo-payment' asset=demo-payment severity=CONFLICT conflict=True label=RECOMMENDED ALTERNATIVE policies=['P002', 'P008', 'P009', 'P010']
2026-08-20T18:20:56Z | stress_test | decision='migrar demo-payment' asset=demo-payment severity=CONFLICT conflict=True label=RECOMMENDED ALTERNATIVE policies=['P002', 'P008', 'P009', 'P010']
2026-08-20T18:20:56Z | stress_test | decision='migrar demo-payment' asset=demo-payment severity=CONFLICT conflict=True label=RECOMMENDED ALTERNATIVE policies=['P002', 'P008', 'P009', 'P010']
2026-08-20T18:20:56Z | stress_test | decision='migrar demo-payment' asset=demo-payment severity=CONFLICT conflict=True label=RECOMMENDED ALTERNATIVE policies=['P002', 'P008', 'P009', 'P010']
2026-08-20T18:20:56Z | stress_test | decision='migrar demo-payment' asset=demo-payment severity=CONFLICT conflict=True label=RECOMMENDED ALTERNATIVE policies=['P002', 'P008', 'P009', 'P010']
2026-08-20T18:20:56Z | stress_test | decision='migrar demo-payment' asset=demo-payment severity=CONFLICT conflict=True label=RECOMMENDED ALTERNATIVE policies=['P002', 'P008', 'P009', 'P010']
2026-08-20T18:20:56Z | stress_test | decision='migrar demo-payment' asset=demo-payment severity=CONFLICT conflict=True label=RECOMMENDED ALTERNATIVE policies=['P002', 'P008', 'P009', 'P010']
2026-08-20T18:20:56Z | stress_test | decision='migrar demo-payment' asset=demo-payment severity=CONFLICT conflict=True label=RECOMMENDED ALTERNATIVE policies=['P002', 'P008', 'P009', 'P010']
2026-08-20T18:20:56Z | stress_test | decision='migrar demo-payment' asset=demo-payment severity=CONFLICT conflict=True label=RECOMMENDED ALTERNATIVE policies=['P002', 'P008', 'P009', 'P010']
2026-08-20T18:20:57Z | stress_test | decision='migrar pay-a' asset=pay-a severity=CONFLICT conflict=True label=RECOMMENDED ALTERNATIVE policies=['P002', 'P008', 'P009', 'P010']
2026-08-20T18:20:57Z | stress_test | decision='migrar demo-payment' asset=demo-payment severity=CONFLICT conflict=True label=RECOMMENDED ALTERNATIVE policies=['P002', 'P008', 'P009', 'P010']
2026-08-20T18:21:15Z | stress_test | decision='migrar demo-payment' asset=demo-payment severity=CONFLICT conflict=True label=RECOMMENDED ALTERNATIVE policies=['P002', 'P008', 'P009', 'P010']
2026-08-20T18:21:15Z | stress_test | decision='migrar demo-legacy-ftp' asset=demo-legacy-ftp severity=WARNING conflict=False label=CONFIRMED DECISION policies=['P009', 'P010']
2026-08-20T18:21:15Z | stress_test | decision='migrar demo-cycle-a' asset=demo-cycle-a severity=CONFLICT conflict=True label=DEPENDENCY CYCLE DETECTED policies=['P001', 'P002']
2026-08-20T18:21:15Z | stress_test | decision='migrar demo-ghost' asset=demo-ghost severity=CONFLICT conflict=True label=RECOMMENDED ALTERNATIVE policies=['P002', 'P003', 'P008']
2026-08-20T18:21:15Z | stress_test | decision='migrar demo-migrated' asset=demo-migrated severity=CONFLICT conflict=True label=RECOMMENDED ALTERNATIVE policies=['P004']
2026-08-20T18:21:15Z | stress_test | decision='migrar demo-payment' asset=demo-payment severity=CONFLICT conflict=True label=RECOMMENDED ALTERNATIVE policies=['P002', 'P008', 'P009', 'P010']
2026-08-20T18:21:15Z | stress_test | decision='migrar demo-payment' asset=demo-payment severity=CONFLICT conflict=True label=RECOMMENDED ALTERNATIVE policies=['P002', 'P008', 'P009', 'P010']
2026-08-20T18:21:15Z | stress_test | decision='migrar demo-payment' asset=demo-payment severity=CONFLICT conflict=True label=RECOMMENDED ALTERNATIVE policies=['P002', 'P008', 'P009', 'P010']
2026-08-20T18:21:15Z | stress_test | decision='migrar demo-payment' asset=demo-payment severity=CONFLICT conflict=True label=RECOMMENDED ALTERNATIVE policies=['P002', 'P008', 'P009', 'P010']
2026-08-20T18:21:15Z | stress_test | decision='migrar demo-payment' asset=demo-payment severity=CONFLICT conflict=True label=RECOMMENDED ALTERNATIVE policies=['P002', 'P008', 'P009', 'P010']
2026-08-20T18:21:15Z | stress_test | decision='migrar demo-payment' asset=demo-payment severity=CONFLICT conflict=True label=RECOMMENDED ALTERNATIVE policies=['P002', 'P008', 'P009', 'P010']
2026-08-20T18:21:15Z | stress_test | decision='migrar demo-payment' asset=demo-payment severity=CONFLICT conflict=True label=RECOMMENDED ALTERNATIVE policies=['P002', 'P008', 'P009', 'P010']
2026-08-20T18:21:15Z | stress_test | decision='migrar demo-payment' asset=demo-payment severity=CONFLICT conflict=True label=RECOMMENDED ALTERNATIVE policies=['P002', 'P008', 'P009', 'P010']
2026-08-20T18:21:15Z | stress_test | decision='migrar demo-payment' asset=demo-payment severity=CONFLICT conflict=True label=RECOMMENDED ALTERNATIVE policies=['P002', 'P008', 'P009', 'P010']
2026-08-20T18:21:16Z | stress_test | decision='migrar demo-payment' asset=demo-payment severity=CONFLICT conflict=True label=RECOMMENDED ALTERNATIVE policies=['P002', 'P008', 'P009', 'P010']
2026-08-20T18:21:16Z | stress_test | decision='migrar pay-a' asset=pay-a severity=CONFLICT conflict=True label=RECOMMENDED ALTERNATIVE policies=['P002', 'P008', 'P009', 'P010']
2026-08-20T18:21:16Z | stress_test | decision='migrar demo-payment' asset=demo-payment severity=CONFLICT conflict=True label=RECOMMENDED ALTERNATIVE policies=['P002', 'P008', 'P009', 'P010']
2026-08-20T18:21:18Z | stress_test | decision='migrar NEXUS-PAYMENT-API' asset=NEXUS-PAYMENT-API severity=CONFLICT conflict=True label=RECOMMENDED ALTERNATIVE policies=['P002', 'P008', 'P009', 'P010', 'P011']
2026-08-20T18:43:40Z | stress_test | decision='migrar NEXUS-PAYMENT-API' asset=NEXUS-PAYMENT-API severity=CONFLICT conflict=True label=RECOMMENDED ALTERNATIVE policies=['P002', 'P008', 'P009', 'P010', 'P011']
2026-08-20T18:45:25Z | stress_test | decision='migrar demo-payment' asset=demo-payment severity=CONFLICT conflict=True label=RECOMMENDED ALTERNATIVE policies=['P002', 'P008', 'P009', 'P010']
2026-08-20T18:45:25Z | stress_test | decision='migrar demo-legacy-ftp' asset=demo-legacy-ftp severity=WARNING conflict=False label=CONFIRMED DECISION policies=['P009', 'P010']
2026-08-20T18:45:25Z | stress_test | decision='migrar demo-cycle-a' asset=demo-cycle-a severity=CONFLICT conflict=True label=DEPENDENCY CYCLE DETECTED policies=['P001', 'P002']
2026-08-20T18:45:25Z | stress_test | decision='migrar demo-ghost' asset=demo-ghost severity=CONFLICT conflict=True label=RECOMMENDED ALTERNATIVE policies=['P002', 'P003', 'P008']
2026-08-20T18:45:25Z | stress_test | decision='migrar demo-migrated' asset=demo-migrated severity=CONFLICT conflict=True label=RECOMMENDED ALTERNATIVE policies=['P004']
2026-08-20T18:45:25Z | stress_test | decision='migrar demo-payment' asset=demo-payment severity=CONFLICT conflict=True label=RECOMMENDED ALTERNATIVE policies=['P002', 'P008', 'P009', 'P010']
2026-08-20T18:45:25Z | stress_test | decision='migrar demo-payment' asset=demo-payment severity=CONFLICT conflict=True label=RECOMMENDED ALTERNATIVE policies=['P002', 'P008', 'P009', 'P010']
2026-08-20T18:45:25Z | stress_test | decision='migrar demo-payment' asset=demo-payment severity=CONFLICT conflict=True label=RECOMMENDED ALTERNATIVE policies=['P002', 'P008', 'P009', 'P010']
2026-08-20T18:45:25Z | stress_test | decision='migrar demo-payment' asset=demo-payment severity=CONFLICT conflict=True label=RECOMMENDED ALTERNATIVE policies=['P002', 'P008', 'P009', 'P010']
2026-08-20T18:45:26Z | stress_test | decision='migrar demo-payment' asset=demo-payment severity=CONFLICT conflict=True label=RECOMMENDED ALTERNATIVE policies=['P002', 'P008', 'P009', 'P010']
2026-08-20T18:45:26Z | stress_test | decision='migrar demo-payment' asset=demo-payment severity=CONFLICT conflict=True label=RECOMMENDED ALTERNATIVE policies=['P002', 'P008', 'P009', 'P010']
2026-08-20T18:45:26Z | stress_test | decision='migrar demo-payment' asset=demo-payment severity=CONFLICT conflict=True label=RECOMMENDED ALTERNATIVE policies=['P002', 'P008', 'P009', 'P010']
2026-08-20T18:45:26Z | stress_test | decision='migrar demo-payment' asset=demo-payment severity=CONFLICT conflict=True label=RECOMMENDED ALTERNATIVE policies=['P002', 'P008', 'P009', 'P010']
2026-08-20T18:45:26Z | stress_test | decision='migrar demo-payment' asset=demo-payment severity=CONFLICT conflict=True label=RECOMMENDED ALTERNATIVE policies=['P002', 'P008', 'P009', 'P010']
2026-08-20T18:45:26Z | stress_test | decision='migrar demo-payment' asset=demo-payment severity=CONFLICT conflict=True label=RECOMMENDED ALTERNATIVE policies=['P002', 'P008', 'P009', 'P010']
2026-08-20T18:45:26Z | stress_test | decision='migrar pay-a' asset=pay-a severity=CONFLICT conflict=True label=RECOMMENDED ALTERNATIVE policies=['P002', 'P008', 'P009', 'P010']
2026-08-20T18:45:26Z | stress_test | decision='migrar demo-payment' asset=demo-payment severity=CONFLICT conflict=True label=RECOMMENDED ALTERNATIVE policies=['P002', 'P008', 'P009', 'P010']
2026-08-20T18:45:29Z | stress_test | decision='migrar NEXUS-PAYMENT-API' asset=NEXUS-PAYMENT-API severity=CONFLICT conflict=True label=RECOMMENDED ALTERNATIVE policies=['P002', 'P008', 'P009', 'P010', 'P011']
2026-08-20T19:06:05Z | stress_test | decision='migrar demo-payment' asset=demo-payment severity=CONFLICT conflict=True label=RECOMMENDED ALTERNATIVE policies=['P002', 'P008', 'P009', 'P010']
2026-08-20T19:06:05Z | stress_test | decision='migrar demo-legacy-ftp' asset=demo-legacy-ftp severity=WARNING conflict=False label=CONFIRMED DECISION policies=['P009', 'P010']
2026-08-20T19:06:05Z | stress_test | decision='migrar demo-cycle-a' asset=demo-cycle-a severity=CONFLICT conflict=True label=DEPENDENCY CYCLE DETECTED policies=['P001', 'P002']
2026-08-20T19:06:05Z | stress_test | decision='migrar demo-ghost' asset=demo-ghost severity=CONFLICT conflict=True label=RECOMMENDED ALTERNATIVE policies=['P002', 'P003', 'P008']
2026-08-20T19:06:05Z | stress_test | decision='migrar demo-migrated' asset=demo-migrated severity=CONFLICT conflict=True label=RECOMMENDED ALTERNATIVE policies=['P004']
2026-08-20T19:06:05Z | stress_test | decision='migrar demo-payment' asset=demo-payment severity=CONFLICT conflict=True label=RECOMMENDED ALTERNATIVE policies=['P002', 'P008', 'P009', 'P010']
2026-08-20T19:06:05Z | stress_test | decision='migrar demo-payment' asset=demo-payment severity=CONFLICT conflict=True label=RECOMMENDED ALTERNATIVE policies=['P002', 'P008', 'P009', 'P010']
2026-08-20T19:06:05Z | stress_test | decision='migrar demo-payment' asset=demo-payment severity=CONFLICT conflict=True label=RECOMMENDED ALTERNATIVE policies=['P002', 'P008', 'P009', 'P010']
2026-08-20T19:06:05Z | stress_test | decision='migrar demo-payment' asset=demo-payment severity=CONFLICT conflict=True label=RECOMMENDED ALTERNATIVE policies=['P002', 'P008', 'P009', 'P010']
2026-08-20T19:06:05Z | stress_test | decision='migrar demo-payment' asset=demo-payment severity=CONFLICT conflict=True label=RECOMMENDED ALTERNATIVE policies=['P002', 'P008', 'P009', 'P010']
2026-08-20T19:06:05Z | stress_test | decision='migrar demo-payment' asset=demo-payment severity=CONFLICT conflict=True label=RECOMMENDED ALTERNATIVE policies=['P002', 'P008', 'P009', 'P010']
2026-08-20T19:06:06Z | stress_test | decision='migrar demo-payment' asset=demo-payment severity=CONFLICT conflict=True label=RECOMMENDED ALTERNATIVE policies=['P002', 'P008', 'P009', 'P010']
2026-08-20T19:06:06Z | stress_test | decision='migrar demo-payment' asset=demo-payment severity=CONFLICT conflict=True label=RECOMMENDED ALTERNATIVE policies=['P002', 'P008', 'P009', 'P010']
2026-08-20T19:06:06Z | stress_test | decision='migrar demo-payment' asset=demo-payment severity=CONFLICT conflict=True label=RECOMMENDED ALTERNATIVE policies=['P002', 'P008', 'P009', 'P010']
2026-08-20T19:06:06Z | stress_test | decision='migrar demo-payment' asset=demo-payment severity=CONFLICT conflict=True label=RECOMMENDED ALTERNATIVE policies=['P002', 'P008', 'P009', 'P010']
2026-08-20T19:06:06Z | stress_test | decision='migrar pay-a' asset=pay-a severity=CONFLICT conflict=True label=RECOMMENDED ALTERNATIVE policies=['P002', 'P008', 'P009', 'P010']
2026-08-20T19:06:06Z | stress_test | decision='migrar demo-payment' asset=demo-payment severity=CONFLICT conflict=True label=RECOMMENDED ALTERNATIVE policies=['P002', 'P008', 'P009', 'P010']
2026-08-20T20:52:23Z | stress_test | decision='migrar demo-payment' asset=demo-payment severity=CONFLICT conflict=True label=RECOMMENDED ALTERNATIVE policies=['P002', 'P008', 'P009', 'P010']
2026-08-20T20:52:23Z | stress_test | decision='migrar demo-legacy-ftp' asset=demo-legacy-ftp severity=WARNING conflict=False label=CONFIRMED DECISION policies=['P009', 'P010']
2026-08-20T20:52:24Z | stress_test | decision='migrar demo-cycle-a' asset=demo-cycle-a severity=CONFLICT conflict=True label=DEPENDENCY CYCLE DETECTED policies=['P001', 'P002']
2026-08-20T20:52:24Z | stress_test | decision='migrar demo-ghost' asset=demo-ghost severity=CONFLICT conflict=True label=RECOMMENDED ALTERNATIVE policies=['P002', 'P003', 'P008']
2026-08-20T20:52:24Z | stress_test | decision='migrar demo-migrated' asset=demo-migrated severity=CONFLICT conflict=True label=RECOMMENDED ALTERNATIVE policies=['P004']
2026-08-20T20:52:24Z | stress_test | decision='migrar demo-payment' asset=demo-payment severity=CONFLICT conflict=True label=RECOMMENDED ALTERNATIVE policies=['P002', 'P008', 'P009', 'P010']
2026-08-20T20:52:24Z | stress_test | decision='migrar demo-payment' asset=demo-payment severity=CONFLICT conflict=True label=RECOMMENDED ALTERNATIVE policies=['P002', 'P008', 'P009', 'P010']
2026-08-20T20:52:24Z | stress_test | decision='migrar demo-payment' asset=demo-payment severity=CONFLICT conflict=True label=RECOMMENDED ALTERNATIVE policies=['P002', 'P008', 'P009', 'P010']
2026-08-20T20:52:24Z | stress_test | decision='migrar demo-payment' asset=demo-payment severity=CONFLICT conflict=True label=RECOMMENDED ALTERNATIVE policies=['P002', 'P008', 'P009', 'P010']
2026-08-20T20:52:24Z | stress_test | decision='migrar demo-payment' asset=demo-payment severity=CONFLICT conflict=True label=RECOMMENDED ALTERNATIVE policies=['P002', 'P008', 'P009', 'P010']
2026-08-20T20:52:24Z | stress_test | decision='migrar demo-payment' asset=demo-payment severity=CONFLICT conflict=True label=RECOMMENDED ALTERNATIVE policies=['P002', 'P008', 'P009', 'P010']
2026-08-20T20:52:24Z | stress_test | decision='migrar demo-payment' asset=demo-payment severity=CONFLICT conflict=True label=RECOMMENDED ALTERNATIVE policies=['P002', 'P008', 'P009', 'P010']
2026-08-20T20:52:24Z | stress_test | decision='migrar demo-payment' asset=demo-payment severity=CONFLICT conflict=True label=RECOMMENDED ALTERNATIVE policies=['P002', 'P008', 'P009', 'P010']
2026-08-20T20:52:24Z | stress_test | decision='migrar demo-payment' asset=demo-payment severity=CONFLICT conflict=True label=RECOMMENDED ALTERNATIVE policies=['P002', 'P008', 'P009', 'P010']
2026-08-20T20:52:24Z | stress_test | decision='migrar demo-payment' asset=demo-payment severity=CONFLICT conflict=True label=RECOMMENDED ALTERNATIVE policies=['P002', 'P008', 'P009', 'P010']
2026-08-20T20:52:24Z | stress_test | decision='migrar pay-a' asset=pay-a severity=CONFLICT conflict=True label=RECOMMENDED ALTERNATIVE policies=['P002', 'P008', 'P009', 'P010']
2026-08-20T20:52:24Z | stress_test | decision='migrar demo-payment' asset=demo-payment severity=CONFLICT conflict=True label=RECOMMENDED ALTERNATIVE policies=['P002', 'P008', 'P009', 'P010']
2026-08-20T21:49:42Z | stress_test | decision='migrar PKI-ISSUING-CA' asset=PKI-ISSUING-CA severity=CONFLICT conflict=True label=DEPENDENCY CYCLE DETECTED policies=['P001', 'P002', 'P011', 'P012']
2026-08-20T21:51:51Z | stress_test | decision='migrar PKI-ISSUING-CA' asset=PKI-ISSUING-CA severity=CONFLICT conflict=True label=DEPENDENCY CYCLE DETECTED policies=['P001', 'P002', 'P011', 'P012']
2026-08-20T21:52:07Z | stress_test | decision='migrar MISSION-CONTROL' asset=MISSION-CONTROL severity=CONFLICT conflict=True label=DEPENDENCY CYCLE DETECTED policies=['P001', 'P002', 'P003', 'P011', 'P012']
2026-08-20T21:52:45Z | stress_test | decision='migrar demo-payment' asset=demo-payment severity=CONFLICT conflict=True label=RECOMMENDED ALTERNATIVE policies=['P002', 'P008', 'P009', 'P010']
2026-08-20T21:52:45Z | stress_test | decision='migrar demo-legacy-ftp' asset=demo-legacy-ftp severity=WARNING conflict=False label=CONFIRMED DECISION policies=['P009', 'P010']
2026-08-20T21:52:45Z | stress_test | decision='migrar demo-cycle-a' asset=demo-cycle-a severity=CONFLICT conflict=True label=DEPENDENCY CYCLE DETECTED policies=['P001', 'P002']
2026-08-20T21:52:45Z | stress_test | decision='migrar demo-ghost' asset=demo-ghost severity=CONFLICT conflict=True label=RECOMMENDED ALTERNATIVE policies=['P002', 'P003', 'P008']
2026-08-20T21:52:45Z | stress_test | decision='migrar demo-migrated' asset=demo-migrated severity=CONFLICT conflict=True label=RECOMMENDED ALTERNATIVE policies=['P004']
2026-08-20T21:52:45Z | stress_test | decision='migrar demo-payment' asset=demo-payment severity=CONFLICT conflict=True label=RECOMMENDED ALTERNATIVE policies=['P002', 'P008', 'P009', 'P010']
2026-08-20T21:52:45Z | stress_test | decision='migrar demo-payment' asset=demo-payment severity=CONFLICT conflict=True label=RECOMMENDED ALTERNATIVE policies=['P002', 'P008', 'P009', 'P010']
2026-08-20T21:52:45Z | stress_test | decision='migrar demo-payment' asset=demo-payment severity=CONFLICT conflict=True label=RECOMMENDED ALTERNATIVE policies=['P002', 'P008', 'P009', 'P010']
2026-08-20T21:52:45Z | stress_test | decision='migrar demo-payment' asset=demo-payment severity=CONFLICT conflict=True label=RECOMMENDED ALTERNATIVE policies=['P002', 'P008', 'P009', 'P010']
2026-08-20T21:52:45Z | stress_test | decision='migrar demo-payment' asset=demo-payment severity=CONFLICT conflict=True label=RECOMMENDED ALTERNATIVE policies=['P002', 'P008', 'P009', 'P010']
2026-08-20T21:52:45Z | stress_test | decision='migrar demo-payment' asset=demo-payment severity=CONFLICT conflict=True label=RECOMMENDED ALTERNATIVE policies=['P002', 'P008', 'P009', 'P010']
2026-08-20T21:52:45Z | stress_test | decision='migrar demo-payment' asset=demo-payment severity=CONFLICT conflict=True label=RECOMMENDED ALTERNATIVE policies=['P002', 'P008', 'P009', 'P010']
2026-08-20T21:52:45Z | stress_test | decision='migrar demo-payment' asset=demo-payment severity=CONFLICT conflict=True label=RECOMMENDED ALTERNATIVE policies=['P002', 'P008', 'P009', 'P010']
2026-08-20T21:52:45Z | stress_test | decision='migrar demo-payment' asset=demo-payment severity=CONFLICT conflict=True label=RECOMMENDED ALTERNATIVE policies=['P002', 'P008', 'P009', 'P010']
2026-08-20T21:52:45Z | stress_test | decision='migrar demo-payment' asset=demo-payment severity=CONFLICT conflict=True label=RECOMMENDED ALTERNATIVE policies=['P002', 'P008', 'P009', 'P010']
2026-08-20T21:52:45Z | stress_test | decision='migrar pay-a' asset=pay-a severity=CONFLICT conflict=True label=RECOMMENDED ALTERNATIVE policies=['P002', 'P008', 'P009', 'P010']
2026-08-20T21:52:45Z | stress_test | decision='migrar demo-payment' asset=demo-payment severity=CONFLICT conflict=True label=RECOMMENDED ALTERNATIVE policies=['P002', 'P008', 'P009', 'P010']
2026-08-20T22:11:04Z | stress_test | decision='migrar demo-payment' asset=demo-payment severity=CONFLICT conflict=True label=RECOMMENDED ALTERNATIVE policies=['P002', 'P008', 'P009', 'P010']
2026-08-20T22:11:04Z | stress_test | decision='migrar demo-legacy-ftp' asset=demo-legacy-ftp severity=WARNING conflict=False label=CONFIRMED DECISION policies=['P009', 'P010']
2026-08-20T22:11:04Z | stress_test | decision='migrar demo-cycle-a' asset=demo-cycle-a severity=CONFLICT conflict=True label=DEPENDENCY CYCLE DETECTED policies=['P001', 'P002']
2026-08-20T22:11:04Z | stress_test | decision='migrar demo-ghost' asset=demo-ghost severity=CONFLICT conflict=True label=RECOMMENDED ALTERNATIVE policies=['P002', 'P003', 'P008']
2026-08-20T22:11:04Z | stress_test | decision='migrar demo-migrated' asset=demo-migrated severity=CONFLICT conflict=True label=RECOMMENDED ALTERNATIVE policies=['P004']
2026-08-20T22:11:04Z | stress_test | decision='migrar demo-payment' asset=demo-payment severity=CONFLICT conflict=True label=RECOMMENDED ALTERNATIVE policies=['P002', 'P008', 'P009', 'P010']
2026-08-20T22:11:04Z | stress_test | decision='migrar demo-payment' asset=demo-payment severity=CONFLICT conflict=True label=RECOMMENDED ALTERNATIVE policies=['P002', 'P008', 'P009', 'P010']
2026-08-20T22:11:04Z | stress_test | decision='migrar demo-payment' asset=demo-payment severity=CONFLICT conflict=True label=RECOMMENDED ALTERNATIVE policies=['P002', 'P008', 'P009', 'P010']
2026-08-20T22:11:04Z | stress_test | decision='migrar demo-payment' asset=demo-payment severity=CONFLICT conflict=True label=RECOMMENDED ALTERNATIVE policies=['P002', 'P008', 'P009', 'P010']
2026-08-20T22:11:05Z | stress_test | decision='migrar demo-payment' asset=demo-payment severity=CONFLICT conflict=True label=RECOMMENDED ALTERNATIVE policies=['P002', 'P008', 'P009', 'P010']
2026-08-20T22:11:05Z | stress_test | decision='migrar demo-payment' asset=demo-payment severity=CONFLICT conflict=True label=RECOMMENDED ALTERNATIVE policies=['P002', 'P008', 'P009', 'P010']
2026-08-20T22:11:05Z | stress_test | decision='migrar demo-payment' asset=demo-payment severity=CONFLICT conflict=True label=RECOMMENDED ALTERNATIVE policies=['P002', 'P008', 'P009', 'P010']
2026-08-20T22:11:05Z | stress_test | decision='migrar demo-payment' asset=demo-payment severity=CONFLICT conflict=True label=RECOMMENDED ALTERNATIVE policies=['P002', 'P008', 'P009', 'P010']
2026-08-20T22:11:05Z | stress_test | decision='migrar demo-payment' asset=demo-payment severity=CONFLICT conflict=True label=RECOMMENDED ALTERNATIVE policies=['P002', 'P008', 'P009', 'P010']
2026-08-20T22:11:05Z | stress_test | decision='migrar demo-payment' asset=demo-payment severity=CONFLICT conflict=True label=RECOMMENDED ALTERNATIVE policies=['P002', 'P008', 'P009', 'P010']
2026-08-20T22:11:05Z | stress_test | decision='migrar pay-a' asset=pay-a severity=CONFLICT conflict=True label=RECOMMENDED ALTERNATIVE policies=['P002', 'P008', 'P009', 'P010']
2026-08-20T22:11:05Z | stress_test | decision='migrar demo-payment' asset=demo-payment severity=CONFLICT conflict=True label=RECOMMENDED ALTERNATIVE policies=['P002', 'P008', 'P009', 'P010']
2026-08-20T22:12:46Z | stress_test | decision='migrar demo-payment' asset=demo-payment severity=CONFLICT conflict=True label=RECOMMENDED ALTERNATIVE policies=['P002', 'P008', 'P009', 'P010']
2026-08-20T22:12:46Z | stress_test | decision='migrar demo-legacy-ftp' asset=demo-legacy-ftp severity=WARNING conflict=False label=CONFIRMED DECISION policies=['P009', 'P010']
2026-08-20T22:12:46Z | stress_test | decision='migrar demo-cycle-a' asset=demo-cycle-a severity=CONFLICT conflict=True label=DEPENDENCY CYCLE DETECTED policies=['P001', 'P002']
2026-08-20T22:12:46Z | stress_test | decision='migrar demo-ghost' asset=demo-ghost severity=CONFLICT conflict=True label=RECOMMENDED ALTERNATIVE policies=['P002', 'P003', 'P008']
2026-08-20T22:12:46Z | stress_test | decision='migrar demo-migrated' asset=demo-migrated severity=CONFLICT conflict=True label=RECOMMENDED ALTERNATIVE policies=['P004']
2026-08-20T22:12:46Z | stress_test | decision='migrar demo-payment' asset=demo-payment severity=CONFLICT conflict=True label=RECOMMENDED ALTERNATIVE policies=['P002', 'P008', 'P009', 'P010']
2026-08-20T22:12:46Z | stress_test | decision='migrar demo-payment' asset=demo-payment severity=CONFLICT conflict=True label=RECOMMENDED ALTERNATIVE policies=['P002', 'P008', 'P009', 'P010']
2026-08-20T22:12:46Z | stress_test | decision='migrar demo-payment' asset=demo-payment severity=CONFLICT conflict=True label=RECOMMENDED ALTERNATIVE policies=['P002', 'P008', 'P009', 'P010']
2026-08-20T22:12:46Z | stress_test | decision='migrar demo-payment' asset=demo-payment severity=CONFLICT conflict=True label=RECOMMENDED ALTERNATIVE policies=['P002', 'P008', 'P009', 'P010']
2026-08-20T22:12:46Z | stress_test | decision='migrar demo-payment' asset=demo-payment severity=CONFLICT conflict=True label=RECOMMENDED ALTERNATIVE policies=['P002', 'P008', 'P009', 'P010']
2026-08-20T22:12:46Z | stress_test | decision='migrar demo-payment' asset=demo-payment severity=CONFLICT conflict=True label=RECOMMENDED ALTERNATIVE policies=['P002', 'P008', 'P009', 'P010']
2026-08-20T22:12:46Z | stress_test | decision='migrar demo-payment' asset=demo-payment severity=CONFLICT conflict=True label=RECOMMENDED ALTERNATIVE policies=['P002', 'P008', 'P009', 'P010']
2026-08-20T22:12:46Z | stress_test | decision='migrar demo-payment' asset=demo-payment severity=CONFLICT conflict=True label=RECOMMENDED ALTERNATIVE policies=['P002', 'P008', 'P009', 'P010']
2026-08-20T22:12:46Z | stress_test | decision='migrar demo-payment' asset=demo-payment severity=CONFLICT conflict=True label=RECOMMENDED ALTERNATIVE policies=['P002', 'P008', 'P009', 'P010']
2026-08-20T22:12:46Z | stress_test | decision='migrar demo-payment' asset=demo-payment severity=CONFLICT conflict=True label=RECOMMENDED ALTERNATIVE policies=['P002', 'P008', 'P009', 'P010']
2026-08-20T22:12:46Z | stress_test | decision='migrar pay-a' asset=pay-a severity=CONFLICT conflict=True label=RECOMMENDED ALTERNATIVE policies=['P002', 'P008', 'P009', 'P010']
2026-08-20T22:12:46Z | stress_test | decision='migrar demo-payment' asset=demo-payment severity=CONFLICT conflict=True label=RECOMMENDED ALTERNATIVE policies=['P002', 'P008', 'P009', 'P010']
2026-08-20T22:35:40Z | stress_test | decision='migrar demo-payment' asset=demo-payment severity=CONFLICT conflict=True label=RECOMMENDED ALTERNATIVE policies=['P002', 'P008', 'P009', 'P010']
2026-08-20T22:35:40Z | stress_test | decision='migrar demo-legacy-ftp' asset=demo-legacy-ftp severity=WARNING conflict=False label=CONFIRMED DECISION policies=['P009', 'P010']
2026-08-20T22:35:40Z | stress_test | decision='migrar demo-cycle-a' asset=demo-cycle-a severity=CONFLICT conflict=True label=DEPENDENCY CYCLE DETECTED policies=['P001', 'P002']
2026-08-20T22:35:40Z | stress_test | decision='migrar demo-ghost' asset=demo-ghost severity=CONFLICT conflict=True label=RECOMMENDED ALTERNATIVE policies=['P002', 'P003', 'P008']
2026-08-20T22:35:40Z | stress_test | decision='migrar demo-migrated' asset=demo-migrated severity=CONFLICT conflict=True label=RECOMMENDED ALTERNATIVE policies=['P004']
2026-08-20T22:35:40Z | stress_test | decision='migrar demo-payment' asset=demo-payment severity=CONFLICT conflict=True label=RECOMMENDED ALTERNATIVE policies=['P002', 'P008', 'P009', 'P010']
2026-08-20T22:35:40Z | stress_test | decision='migrar demo-payment' asset=demo-payment severity=CONFLICT conflict=True label=RECOMMENDED ALTERNATIVE policies=['P002', 'P008', 'P009', 'P010']
2026-08-20T22:35:40Z | stress_test | decision='migrar demo-payment' asset=demo-payment severity=CONFLICT conflict=True label=RECOMMENDED ALTERNATIVE policies=['P002', 'P008', 'P009', 'P010']
2026-08-20T22:35:40Z | stress_test | decision='migrar demo-payment' asset=demo-payment severity=CONFLICT conflict=True label=RECOMMENDED ALTERNATIVE policies=['P002', 'P008', 'P009', 'P010']
2026-08-20T22:35:40Z | stress_test | decision='migrar demo-payment' asset=demo-payment severity=CONFLICT conflict=True label=RECOMMENDED ALTERNATIVE policies=['P002', 'P008', 'P009', 'P010']
2026-08-20T22:35:40Z | stress_test | decision='migrar demo-payment' asset=demo-payment severity=CONFLICT conflict=True label=RECOMMENDED ALTERNATIVE policies=['P002', 'P008', 'P009', 'P010']
2026-08-20T22:35:40Z | stress_test | decision='migrar demo-payment' asset=demo-payment severity=CONFLICT conflict=True label=RECOMMENDED ALTERNATIVE policies=['P002', 'P008', 'P009', 'P010']
2026-08-20T22:35:40Z | stress_test | decision='migrar demo-payment' asset=demo-payment severity=CONFLICT conflict=True label=RECOMMENDED ALTERNATIVE policies=['P002', 'P008', 'P009', 'P010']
2026-08-20T22:35:40Z | stress_test | decision='migrar demo-payment' asset=demo-payment severity=CONFLICT conflict=True label=RECOMMENDED ALTERNATIVE policies=['P002', 'P008', 'P009', 'P010']
2026-08-20T22:35:40Z | stress_test | decision='migrar demo-payment' asset=demo-payment severity=CONFLICT conflict=True label=RECOMMENDED ALTERNATIVE policies=['P002', 'P008', 'P009', 'P010']
2026-08-20T22:35:40Z | stress_test | decision='migrar pay-a' asset=pay-a severity=CONFLICT conflict=True label=RECOMMENDED ALTERNATIVE policies=['P002', 'P008', 'P009', 'P010']
2026-08-20T22:35:40Z | stress_test | decision='migrar demo-payment' asset=demo-payment severity=CONFLICT conflict=True label=RECOMMENDED ALTERNATIVE policies=['P002', 'P008', 'P009', 'P010']
2026-08-20T22:58:34Z | stress_test | decision='migrar demo-payment' asset=demo-payment severity=CONFLICT conflict=True label=RECOMMENDED ALTERNATIVE policies=['P002', 'P008', 'P009', 'P010']
2026-08-20T22:58:34Z | stress_test | decision='migrar demo-legacy-ftp' asset=demo-legacy-ftp severity=WARNING conflict=False label=CONFIRMED DECISION policies=['P009', 'P010']
2026-08-20T22:58:34Z | stress_test | decision='migrar demo-cycle-a' asset=demo-cycle-a severity=CONFLICT conflict=True label=DEPENDENCY CYCLE DETECTED policies=['P001', 'P002']
2026-08-20T22:58:34Z | stress_test | decision='migrar demo-ghost' asset=demo-ghost severity=CONFLICT conflict=True label=RECOMMENDED ALTERNATIVE policies=['P002', 'P003', 'P008']
2026-08-20T22:58:34Z | stress_test | decision='migrar demo-migrated' asset=demo-migrated severity=CONFLICT conflict=True label=RECOMMENDED ALTERNATIVE policies=['P004']
2026-08-20T22:58:34Z | stress_test | decision='migrar demo-payment' asset=demo-payment severity=CONFLICT conflict=True label=RECOMMENDED ALTERNATIVE policies=['P002', 'P008', 'P009', 'P010']
2026-08-20T22:58:34Z | stress_test | decision='migrar demo-payment' asset=demo-payment severity=CONFLICT conflict=True label=RECOMMENDED ALTERNATIVE policies=['P002', 'P008', 'P009', 'P010']
2026-08-20T22:58:34Z | stress_test | decision='migrar demo-payment' asset=demo-payment severity=CONFLICT conflict=True label=RECOMMENDED ALTERNATIVE policies=['P002', 'P008', 'P009', 'P010']
2026-08-20T22:58:34Z | stress_test | decision='migrar demo-payment' asset=demo-payment severity=CONFLICT conflict=True label=RECOMMENDED ALTERNATIVE policies=['P002', 'P008', 'P009', 'P010']
2026-08-20T22:58:34Z | stress_test | decision='migrar demo-payment' asset=demo-payment severity=CONFLICT conflict=True label=RECOMMENDED ALTERNATIVE policies=['P002', 'P008', 'P009', 'P010']
2026-08-20T22:58:34Z | stress_test | decision='migrar demo-payment' asset=demo-payment severity=CONFLICT conflict=True label=RECOMMENDED ALTERNATIVE policies=['P002', 'P008', 'P009', 'P010']
2026-08-20T22:58:34Z | stress_test | decision='migrar demo-payment' asset=demo-payment severity=CONFLICT conflict=True label=RECOMMENDED ALTERNATIVE policies=['P002', 'P008', 'P009', 'P010']
2026-08-20T22:58:34Z | stress_test | decision='migrar demo-payment' asset=demo-payment severity=CONFLICT conflict=True label=RECOMMENDED ALTERNATIVE policies=['P002', 'P008', 'P009', 'P010']
2026-08-20T22:58:34Z | stress_test | decision='migrar demo-payment' asset=demo-payment severity=CONFLICT conflict=True label=RECOMMENDED ALTERNATIVE policies=['P002', 'P008', 'P009', 'P010']
2026-08-20T22:58:34Z | stress_test | decision='migrar demo-payment' asset=demo-payment severity=CONFLICT conflict=True label=RECOMMENDED ALTERNATIVE policies=['P002', 'P008', 'P009', 'P010']
2026-08-20T22:58:34Z | stress_test | decision='migrar pay-a' asset=pay-a severity=CONFLICT conflict=True label=RECOMMENDED ALTERNATIVE policies=['P002', 'P008', 'P009', 'P010']
2026-08-20T22:58:35Z | stress_test | decision='migrar demo-payment' asset=demo-payment severity=CONFLICT conflict=True label=RECOMMENDED ALTERNATIVE policies=['P002', 'P008', 'P009', 'P010']
2026-08-20T22:58:36Z | stress_test | decision='migrar example-pki' asset=example-pki severity=NO_CONFLICT conflict=False label=CONFIRMED DECISION policies=[]
2026-08-20T23:18:17Z | stress_test | decision='migrar demo-payment' asset=demo-payment severity=CONFLICT conflict=True label=RECOMMENDED ALTERNATIVE policies=['P002', 'P008', 'P009', 'P010']
2026-08-20T23:18:17Z | stress_test | decision='migrar demo-legacy-ftp' asset=demo-legacy-ftp severity=WARNING conflict=False label=CONFIRMED DECISION policies=['P009', 'P010']
2026-08-20T23:18:17Z | stress_test | decision='migrar demo-cycle-a' asset=demo-cycle-a severity=CONFLICT conflict=True label=DEPENDENCY CYCLE DETECTED policies=['P001', 'P002']
2026-08-20T23:18:17Z | stress_test | decision='migrar demo-ghost' asset=demo-ghost severity=CONFLICT conflict=True label=RECOMMENDED ALTERNATIVE policies=['P002', 'P003', 'P008']
2026-08-20T23:18:17Z | stress_test | decision='migrar demo-migrated' asset=demo-migrated severity=CONFLICT conflict=True label=RECOMMENDED ALTERNATIVE policies=['P004']
2026-08-20T23:18:17Z | stress_test | decision='migrar demo-payment' asset=demo-payment severity=CONFLICT conflict=True label=RECOMMENDED ALTERNATIVE policies=['P002', 'P008', 'P009', 'P010']
2026-08-20T23:18:17Z | stress_test | decision='migrar demo-payment' asset=demo-payment severity=CONFLICT conflict=True label=RECOMMENDED ALTERNATIVE policies=['P002', 'P008', 'P009', 'P010']
2026-08-20T23:18:17Z | stress_test | decision='migrar demo-payment' asset=demo-payment severity=CONFLICT conflict=True label=RECOMMENDED ALTERNATIVE policies=['P002', 'P008', 'P009', 'P010']
2026-08-20T23:18:17Z | stress_test | decision='migrar demo-payment' asset=demo-payment severity=CONFLICT conflict=True label=RECOMMENDED ALTERNATIVE policies=['P002', 'P008', 'P009', 'P010']
2026-08-20T23:18:17Z | stress_test | decision='migrar demo-payment' asset=demo-payment severity=CONFLICT conflict=True label=RECOMMENDED ALTERNATIVE policies=['P002', 'P008', 'P009', 'P010']
2026-08-20T23:18:17Z | stress_test | decision='migrar demo-payment' asset=demo-payment severity=CONFLICT conflict=True label=RECOMMENDED ALTERNATIVE policies=['P002', 'P008', 'P009', 'P010']
2026-08-20T23:18:17Z | stress_test | decision='migrar demo-payment' asset=demo-payment severity=CONFLICT conflict=True label=RECOMMENDED ALTERNATIVE policies=['P002', 'P008', 'P009', 'P010']
2026-08-20T23:18:17Z | stress_test | decision='migrar demo-payment' asset=demo-payment severity=CONFLICT conflict=True label=RECOMMENDED ALTERNATIVE policies=['P002', 'P008', 'P009', 'P010']
2026-08-20T23:18:17Z | stress_test | decision='migrar demo-payment' asset=demo-payment severity=CONFLICT conflict=True label=RECOMMENDED ALTERNATIVE policies=['P002', 'P008', 'P009', 'P010']
2026-08-20T23:18:17Z | stress_test | decision='migrar demo-payment' asset=demo-payment severity=CONFLICT conflict=True label=RECOMMENDED ALTERNATIVE policies=['P002', 'P008', 'P009', 'P010']
2026-08-20T23:18:17Z | stress_test | decision='migrar pay-a' asset=pay-a severity=CONFLICT conflict=True label=RECOMMENDED ALTERNATIVE policies=['P002', 'P008', 'P009', 'P010']
2026-08-20T23:18:17Z | stress_test | decision='migrar demo-payment' asset=demo-payment severity=CONFLICT conflict=True label=RECOMMENDED ALTERNATIVE policies=['P002', 'P008', 'P009', 'P010']
2026-08-20T23:18:19Z | stress_test | decision='migrar example-pki' asset=example-pki severity=NO_CONFLICT conflict=False label=CONFIRMED DECISION policies=[]
2026-08-20T23:28:06Z | stress_test | decision='migrar demo-payment' asset=demo-payment severity=CONFLICT conflict=True label=RECOMMENDED ALTERNATIVE policies=['P002', 'P008', 'P009', 'P010']
2026-08-20T23:28:06Z | stress_test | decision='migrar demo-legacy-ftp' asset=demo-legacy-ftp severity=WARNING conflict=False label=CONFIRMED DECISION policies=['P009', 'P010']
2026-08-20T23:28:06Z | stress_test | decision='migrar demo-cycle-a' asset=demo-cycle-a severity=CONFLICT conflict=True label=DEPENDENCY CYCLE DETECTED policies=['P001', 'P002']
2026-08-20T23:28:06Z | stress_test | decision='migrar demo-ghost' asset=demo-ghost severity=CONFLICT conflict=True label=RECOMMENDED ALTERNATIVE policies=['P002', 'P003', 'P008']
2026-08-20T23:28:06Z | stress_test | decision='migrar demo-migrated' asset=demo-migrated severity=CONFLICT conflict=True label=RECOMMENDED ALTERNATIVE policies=['P004']
2026-08-20T23:28:06Z | stress_test | decision='migrar demo-payment' asset=demo-payment severity=CONFLICT conflict=True label=RECOMMENDED ALTERNATIVE policies=['P002', 'P008', 'P009', 'P010']
2026-08-20T23:28:06Z | stress_test | decision='migrar demo-payment' asset=demo-payment severity=CONFLICT conflict=True label=RECOMMENDED ALTERNATIVE policies=['P002', 'P008', 'P009', 'P010']
2026-08-20T23:28:06Z | stress_test | decision='migrar demo-payment' asset=demo-payment severity=CONFLICT conflict=True label=RECOMMENDED ALTERNATIVE policies=['P002', 'P008', 'P009', 'P010']
2026-08-20T23:28:06Z | stress_test | decision='migrar demo-payment' asset=demo-payment severity=CONFLICT conflict=True label=RECOMMENDED ALTERNATIVE policies=['P002', 'P008', 'P009', 'P010']
2026-08-20T23:28:06Z | stress_test | decision='migrar demo-payment' asset=demo-payment severity=CONFLICT conflict=True label=RECOMMENDED ALTERNATIVE policies=['P002', 'P008', 'P009', 'P010']
2026-08-20T23:28:06Z | stress_test | decision='migrar demo-payment' asset=demo-payment severity=CONFLICT conflict=True label=RECOMMENDED ALTERNATIVE policies=['P002', 'P008', 'P009', 'P010']
2026-08-20T23:28:06Z | stress_test | decision='migrar demo-payment' asset=demo-payment severity=CONFLICT conflict=True label=RECOMMENDED ALTERNATIVE policies=['P002', 'P008', 'P009', 'P010']
2026-08-20T23:28:06Z | stress_test | decision='migrar demo-payment' asset=demo-payment severity=CONFLICT conflict=True label=RECOMMENDED ALTERNATIVE policies=['P002', 'P008', 'P009', 'P010']
2026-08-20T23:28:06Z | stress_test | decision='migrar demo-payment' asset=demo-payment severity=CONFLICT conflict=True label=RECOMMENDED ALTERNATIVE policies=['P002', 'P008', 'P009', 'P010']
2026-08-20T23:28:06Z | stress_test | decision='migrar demo-payment' asset=demo-payment severity=CONFLICT conflict=True label=RECOMMENDED ALTERNATIVE policies=['P002', 'P008', 'P009', 'P010']
2026-08-20T23:28:06Z | stress_test | decision='migrar pay-a' asset=pay-a severity=CONFLICT conflict=True label=RECOMMENDED ALTERNATIVE policies=['P002', 'P008', 'P009', 'P010']
2026-08-20T23:28:06Z | stress_test | decision='migrar demo-payment' asset=demo-payment severity=CONFLICT conflict=True label=RECOMMENDED ALTERNATIVE policies=['P002', 'P008', 'P009', 'P010']
2026-08-20T23:28:07Z | stress_test | decision='migrar example-pki' asset=example-pki severity=NO_CONFLICT conflict=False label=CONFIRMED DECISION policies=[]
2026-08-20T23:28:58Z | stress_test | decision='migrar demo-payment' asset=demo-payment severity=CONFLICT conflict=True label=RECOMMENDED ALTERNATIVE policies=['P002', 'P008', 'P009', 'P010']
2026-08-20T23:28:58Z | stress_test | decision='migrar demo-legacy-ftp' asset=demo-legacy-ftp severity=WARNING conflict=False label=CONFIRMED DECISION policies=['P009', 'P010']
2026-08-20T23:28:58Z | stress_test | decision='migrar demo-cycle-a' asset=demo-cycle-a severity=CONFLICT conflict=True label=DEPENDENCY CYCLE DETECTED policies=['P001', 'P002']
2026-08-20T23:28:58Z | stress_test | decision='migrar demo-ghost' asset=demo-ghost severity=CONFLICT conflict=True label=RECOMMENDED ALTERNATIVE policies=['P002', 'P003', 'P008']
2026-08-20T23:28:58Z | stress_test | decision='migrar demo-migrated' asset=demo-migrated severity=CONFLICT conflict=True label=RECOMMENDED ALTERNATIVE policies=['P004']
2026-08-20T23:28:58Z | stress_test | decision='migrar demo-payment' asset=demo-payment severity=CONFLICT conflict=True label=RECOMMENDED ALTERNATIVE policies=['P002', 'P008', 'P009', 'P010']
2026-08-20T23:28:58Z | stress_test | decision='migrar demo-payment' asset=demo-payment severity=CONFLICT conflict=True label=RECOMMENDED ALTERNATIVE policies=['P002', 'P008', 'P009', 'P010']
2026-08-20T23:28:58Z | stress_test | decision='migrar demo-payment' asset=demo-payment severity=CONFLICT conflict=True label=RECOMMENDED ALTERNATIVE policies=['P002', 'P008', 'P009', 'P010']
2026-08-20T23:28:58Z | stress_test | decision='migrar demo-payment' asset=demo-payment severity=CONFLICT conflict=True label=RECOMMENDED ALTERNATIVE policies=['P002', 'P008', 'P009', 'P010']
2026-08-20T23:28:58Z | stress_test | decision='migrar demo-payment' asset=demo-payment severity=CONFLICT conflict=True label=RECOMMENDED ALTERNATIVE policies=['P002', 'P008', 'P009', 'P010']
2026-08-20T23:28:58Z | stress_test | decision='migrar demo-payment' asset=demo-payment severity=CONFLICT conflict=True label=RECOMMENDED ALTERNATIVE policies=['P002', 'P008', 'P009', 'P010']
2026-08-20T23:28:58Z | stress_test | decision='migrar demo-payment' asset=demo-payment severity=CONFLICT conflict=True label=RECOMMENDED ALTERNATIVE policies=['P002', 'P008', 'P009', 'P010']
2026-08-20T23:28:58Z | stress_test | decision='migrar demo-payment' asset=demo-payment severity=CONFLICT conflict=True label=RECOMMENDED ALTERNATIVE policies=['P002', 'P008', 'P009', 'P010']
2026-08-20T23:28:58Z | stress_test | decision='migrar demo-payment' asset=demo-payment severity=CONFLICT conflict=True label=RECOMMENDED ALTERNATIVE policies=['P002', 'P008', 'P009', 'P010']
2026-08-20T23:28:58Z | stress_test | decision='migrar demo-payment' asset=demo-payment severity=CONFLICT conflict=True label=RECOMMENDED ALTERNATIVE policies=['P002', 'P008', 'P009', 'P010']
2026-08-20T23:28:58Z | stress_test | decision='migrar pay-a' asset=pay-a severity=CONFLICT conflict=True label=RECOMMENDED ALTERNATIVE policies=['P002', 'P008', 'P009', 'P010']
2026-08-20T23:28:58Z | stress_test | decision='migrar demo-payment' asset=demo-payment severity=CONFLICT conflict=True label=RECOMMENDED ALTERNATIVE policies=['P002', 'P008', 'P009', 'P010']
2026-08-20T23:28:59Z | stress_test | decision='migrar example-pki' asset=example-pki severity=NO_CONFLICT conflict=False label=CONFIRMED DECISION policies=[]
2026-08-21T00:18:57Z | stress_test | decision='migrar demo-payment' asset=demo-payment severity=CONFLICT conflict=True label=RECOMMENDED ALTERNATIVE policies=['P002', 'P008', 'P009', 'P010']
2026-08-21T00:18:57Z | stress_test | decision='migrar demo-legacy-ftp' asset=demo-legacy-ftp severity=WARNING conflict=False label=CONFIRMED DECISION policies=['P009', 'P010']
2026-08-21T00:18:57Z | stress_test | decision='migrar demo-cycle-a' asset=demo-cycle-a severity=CONFLICT conflict=True label=DEPENDENCY CYCLE DETECTED policies=['P001', 'P002']
2026-08-21T00:18:57Z | stress_test | decision='migrar demo-ghost' asset=demo-ghost severity=CONFLICT conflict=True label=RECOMMENDED ALTERNATIVE policies=['P002', 'P003', 'P008']
2026-08-21T00:18:57Z | stress_test | decision='migrar demo-migrated' asset=demo-migrated severity=CONFLICT conflict=True label=RECOMMENDED ALTERNATIVE policies=['P004']
2026-08-21T00:18:57Z | stress_test | decision='migrar demo-payment' asset=demo-payment severity=CONFLICT conflict=True label=RECOMMENDED ALTERNATIVE policies=['P002', 'P008', 'P009', 'P010']
2026-08-21T00:18:57Z | stress_test | decision='migrar demo-payment' asset=demo-payment severity=CONFLICT conflict=True label=RECOMMENDED ALTERNATIVE policies=['P002', 'P008', 'P009', 'P010']
2026-08-21T00:18:57Z | stress_test | decision='migrar demo-payment' asset=demo-payment severity=CONFLICT conflict=True label=RECOMMENDED ALTERNATIVE policies=['P002', 'P008', 'P009', 'P010']
2026-08-21T00:18:57Z | stress_test | decision='migrar demo-payment' asset=demo-payment severity=CONFLICT conflict=True label=RECOMMENDED ALTERNATIVE policies=['P002', 'P008', 'P009', 'P010']
2026-08-21T00:18:57Z | stress_test | decision='migrar demo-payment' asset=demo-payment severity=CONFLICT conflict=True label=RECOMMENDED ALTERNATIVE policies=['P002', 'P008', 'P009', 'P010']
2026-08-21T00:18:57Z | stress_test | decision='migrar demo-payment' asset=demo-payment severity=CONFLICT conflict=True label=RECOMMENDED ALTERNATIVE policies=['P002', 'P008', 'P009', 'P010']
2026-08-21T00:18:57Z | stress_test | decision='migrar demo-payment' asset=demo-payment severity=CONFLICT conflict=True label=RECOMMENDED ALTERNATIVE policies=['P002', 'P008', 'P009', 'P010']
2026-08-21T00:18:57Z | stress_test | decision='migrar demo-payment' asset=demo-payment severity=CONFLICT conflict=True label=RECOMMENDED ALTERNATIVE policies=['P002', 'P008', 'P009', 'P010']
2026-08-21T00:18:57Z | stress_test | decision='migrar demo-payment' asset=demo-payment severity=CONFLICT conflict=True label=RECOMMENDED ALTERNATIVE policies=['P002', 'P008', 'P009', 'P010']
2026-08-21T00:18:57Z | stress_test | decision='migrar demo-payment' asset=demo-payment severity=CONFLICT conflict=True label=RECOMMENDED ALTERNATIVE policies=['P002', 'P008', 'P009', 'P010']
2026-08-21T00:18:57Z | stress_test | decision='migrar pay-a' asset=pay-a severity=CONFLICT conflict=True label=RECOMMENDED ALTERNATIVE policies=['P002', 'P008', 'P009', 'P010']
2026-08-21T00:18:57Z | stress_test | decision='migrar demo-payment' asset=demo-payment severity=CONFLICT conflict=True label=RECOMMENDED ALTERNATIVE policies=['P002', 'P008', 'P009', 'P010']
2026-08-21T00:18:59Z | stress_test | decision='migrar example-pki' asset=example-pki severity=NO_CONFLICT conflict=False label=CONFIRMED DECISION policies=[]
2026-08-21T00:22:08Z | stress_test | decision='migrar demo-payment' asset=demo-payment severity=CONFLICT conflict=True label=RECOMMENDED ALTERNATIVE policies=['P002', 'P008', 'P009', 'P010']
2026-08-21T00:22:08Z | stress_test | decision='migrar demo-legacy-ftp' asset=demo-legacy-ftp severity=WARNING conflict=False label=CONFIRMED DECISION policies=['P009', 'P010']
2026-08-21T00:22:08Z | stress_test | decision='migrar demo-cycle-a' asset=demo-cycle-a severity=CONFLICT conflict=True label=DEPENDENCY CYCLE DETECTED policies=['P001', 'P002']
2026-08-21T00:22:08Z | stress_test | decision='migrar demo-ghost' asset=demo-ghost severity=CONFLICT conflict=True label=RECOMMENDED ALTERNATIVE policies=['P002', 'P003', 'P008']
2026-08-21T00:22:08Z | stress_test | decision='migrar demo-migrated' asset=demo-migrated severity=CONFLICT conflict=True label=RECOMMENDED ALTERNATIVE policies=['P004']
2026-08-21T00:22:08Z | stress_test | decision='migrar demo-payment' asset=demo-payment severity=CONFLICT conflict=True label=RECOMMENDED ALTERNATIVE policies=['P002', 'P008', 'P009', 'P010']
2026-08-21T00:22:08Z | stress_test | decision='migrar demo-payment' asset=demo-payment severity=CONFLICT conflict=True label=RECOMMENDED ALTERNATIVE policies=['P002', 'P008', 'P009', 'P010']
2026-08-21T00:22:08Z | stress_test | decision='migrar demo-payment' asset=demo-payment severity=CONFLICT conflict=True label=RECOMMENDED ALTERNATIVE policies=['P002', 'P008', 'P009', 'P010']
2026-08-21T00:22:08Z | stress_test | decision='migrar demo-payment' asset=demo-payment severity=CONFLICT conflict=True label=RECOMMENDED ALTERNATIVE policies=['P002', 'P008', 'P009', 'P010']
2026-08-21T00:22:08Z | stress_test | decision='migrar demo-payment' asset=demo-payment severity=CONFLICT conflict=True label=RECOMMENDED ALTERNATIVE policies=['P002', 'P008', 'P009', 'P010']
2026-08-21T00:22:08Z | stress_test | decision='migrar demo-payment' asset=demo-payment severity=CONFLICT conflict=True label=RECOMMENDED ALTERNATIVE policies=['P002', 'P008', 'P009', 'P010']
2026-08-21T00:22:08Z | stress_test | decision='migrar demo-payment' asset=demo-payment severity=CONFLICT conflict=True label=RECOMMENDED ALTERNATIVE policies=['P002', 'P008', 'P009', 'P010']
2026-08-21T00:22:08Z | stress_test | decision='migrar demo-payment' asset=demo-payment severity=CONFLICT conflict=True label=RECOMMENDED ALTERNATIVE policies=['P002', 'P008', 'P009', 'P010']
2026-08-21T00:22:08Z | stress_test | decision='migrar demo-payment' asset=demo-payment severity=CONFLICT conflict=True label=RECOMMENDED ALTERNATIVE policies=['P002', 'P008', 'P009', 'P010']
2026-08-21T00:22:08Z | stress_test | decision='migrar demo-payment' asset=demo-payment severity=CONFLICT conflict=True label=RECOMMENDED ALTERNATIVE policies=['P002', 'P008', 'P009', 'P010']
2026-08-21T00:22:08Z | stress_test | decision='migrar pay-a' asset=pay-a severity=CONFLICT conflict=True label=RECOMMENDED ALTERNATIVE policies=['P002', 'P008', 'P009', 'P010']
2026-08-21T00:22:08Z | stress_test | decision='migrar demo-payment' asset=demo-payment severity=CONFLICT conflict=True label=RECOMMENDED ALTERNATIVE policies=['P002', 'P008', 'P009', 'P010']
2026-08-21T00:22:09Z | stress_test | decision='migrar example-pki' asset=example-pki severity=NO_CONFLICT conflict=False label=CONFIRMED DECISION policies=[]
2026-08-21T15:51:47Z | stress_test | decision='migrar demo-payment' asset=demo-payment severity=CONFLICT conflict=True label=RECOMMENDED ALTERNATIVE policies=['P002', 'P008', 'P009', 'P010']
2026-08-21T15:51:47Z | stress_test | decision='migrar demo-legacy-ftp' asset=demo-legacy-ftp severity=WARNING conflict=False label=CONFIRMED DECISION policies=['P009', 'P010']
2026-08-21T15:51:47Z | stress_test | decision='migrar demo-cycle-a' asset=demo-cycle-a severity=CONFLICT conflict=True label=DEPENDENCY CYCLE DETECTED policies=['P001', 'P002']
2026-08-21T15:51:47Z | stress_test | decision='migrar demo-ghost' asset=demo-ghost severity=CONFLICT conflict=True label=RECOMMENDED ALTERNATIVE policies=['P002', 'P003', 'P008']
2026-08-21T15:51:47Z | stress_test | decision='migrar demo-migrated' asset=demo-migrated severity=CONFLICT conflict=True label=RECOMMENDED ALTERNATIVE policies=['P004']
2026-08-21T15:51:47Z | stress_test | decision='migrar demo-payment' asset=demo-payment severity=CONFLICT conflict=True label=RECOMMENDED ALTERNATIVE policies=['P002', 'P008', 'P009', 'P010']
2026-08-21T15:51:47Z | stress_test | decision='migrar demo-payment' asset=demo-payment severity=CONFLICT conflict=True label=RECOMMENDED ALTERNATIVE policies=['P002', 'P008', 'P009', 'P010']
2026-08-21T15:51:47Z | stress_test | decision='migrar demo-payment' asset=demo-payment severity=CONFLICT conflict=True label=RECOMMENDED ALTERNATIVE policies=['P002', 'P008', 'P009', 'P010']
2026-08-21T15:51:47Z | stress_test | decision='migrar demo-payment' asset=demo-payment severity=CONFLICT conflict=True label=RECOMMENDED ALTERNATIVE policies=['P002', 'P008', 'P009', 'P010']
2026-08-21T15:51:47Z | stress_test | decision='migrar demo-payment' asset=demo-payment severity=CONFLICT conflict=True label=RECOMMENDED ALTERNATIVE policies=['P002', 'P008', 'P009', 'P010']
2026-08-21T15:51:47Z | stress_test | decision='migrar demo-payment' asset=demo-payment severity=CONFLICT conflict=True label=RECOMMENDED ALTERNATIVE policies=['P002', 'P008', 'P009', 'P010']
2026-08-21T15:51:47Z | stress_test | decision='migrar demo-payment' asset=demo-payment severity=CONFLICT conflict=True label=RECOMMENDED ALTERNATIVE policies=['P002', 'P008', 'P009', 'P010']
2026-08-21T15:51:47Z | stress_test | decision='migrar demo-payment' asset=demo-payment severity=CONFLICT conflict=True label=RECOMMENDED ALTERNATIVE policies=['P002', 'P008', 'P009', 'P010']
2026-08-21T15:51:47Z | stress_test | decision='migrar demo-payment' asset=demo-payment severity=CONFLICT conflict=True label=RECOMMENDED ALTERNATIVE policies=['P002', 'P008', 'P009', 'P010']
2026-08-21T15:51:47Z | stress_test | decision='migrar demo-payment' asset=demo-payment severity=CONFLICT conflict=True label=RECOMMENDED ALTERNATIVE policies=['P002', 'P008', 'P009', 'P010']
2026-08-21T15:51:48Z | stress_test | decision='migrar pay-a' asset=pay-a severity=CONFLICT conflict=True label=RECOMMENDED ALTERNATIVE policies=['P002', 'P008', 'P009', 'P010']
2026-08-21T15:51:48Z | stress_test | decision='migrar demo-payment' asset=demo-payment severity=CONFLICT conflict=True label=RECOMMENDED ALTERNATIVE policies=['P002', 'P008', 'P009', 'P010']
2026-08-21T15:51:52Z | stress_test | decision='migrar example-pki' asset=example-pki severity=NO_CONFLICT conflict=False label=CONFIRMED DECISION policies=[]
2026-08-21T15:53:27Z | stress_test | decision='migrar demo-payment' asset=demo-payment severity=CONFLICT conflict=True label=RECOMMENDED ALTERNATIVE policies=['P002', 'P008', 'P009', 'P010']
2026-08-21T15:53:27Z | stress_test | decision='migrar demo-legacy-ftp' asset=demo-legacy-ftp severity=WARNING conflict=False label=CONFIRMED DECISION policies=['P009', 'P010']
2026-08-21T15:53:27Z | stress_test | decision='migrar demo-cycle-a' asset=demo-cycle-a severity=CONFLICT conflict=True label=DEPENDENCY CYCLE DETECTED policies=['P001', 'P002']
2026-08-21T15:53:27Z | stress_test | decision='migrar demo-ghost' asset=demo-ghost severity=CONFLICT conflict=True label=RECOMMENDED ALTERNATIVE policies=['P002', 'P003', 'P008']
2026-08-21T15:53:27Z | stress_test | decision='migrar demo-migrated' asset=demo-migrated severity=CONFLICT conflict=True label=RECOMMENDED ALTERNATIVE policies=['P004']
2026-08-21T15:53:27Z | stress_test | decision='migrar demo-payment' asset=demo-payment severity=CONFLICT conflict=True label=RECOMMENDED ALTERNATIVE policies=['P002', 'P008', 'P009', 'P010']
2026-08-21T15:53:27Z | stress_test | decision='migrar demo-payment' asset=demo-payment severity=CONFLICT conflict=True label=RECOMMENDED ALTERNATIVE policies=['P002', 'P008', 'P009', 'P010']
2026-08-21T15:53:27Z | stress_test | decision='migrar demo-payment' asset=demo-payment severity=CONFLICT conflict=True label=RECOMMENDED ALTERNATIVE policies=['P002', 'P008', 'P009', 'P010']
2026-08-21T15:53:27Z | stress_test | decision='migrar demo-payment' asset=demo-payment severity=CONFLICT conflict=True label=RECOMMENDED ALTERNATIVE policies=['P002', 'P008', 'P009', 'P010']
2026-08-21T15:53:27Z | stress_test | decision='migrar demo-payment' asset=demo-payment severity=CONFLICT conflict=True label=RECOMMENDED ALTERNATIVE policies=['P002', 'P008', 'P009', 'P010']
2026-08-21T15:53:27Z | stress_test | decision='migrar demo-payment' asset=demo-payment severity=CONFLICT conflict=True label=RECOMMENDED ALTERNATIVE policies=['P002', 'P008', 'P009', 'P010']
2026-08-21T15:53:27Z | stress_test | decision='migrar demo-payment' asset=demo-payment severity=CONFLICT conflict=True label=RECOMMENDED ALTERNATIVE policies=['P002', 'P008', 'P009', 'P010']
2026-08-21T15:53:27Z | stress_test | decision='migrar demo-payment' asset=demo-payment severity=CONFLICT conflict=True label=RECOMMENDED ALTERNATIVE policies=['P002', 'P008', 'P009', 'P010']
2026-08-21T15:53:27Z | stress_test | decision='migrar demo-payment' asset=demo-payment severity=CONFLICT conflict=True label=RECOMMENDED ALTERNATIVE policies=['P002', 'P008', 'P009', 'P010']
2026-08-21T15:53:28Z | stress_test | decision='migrar demo-payment' asset=demo-payment severity=CONFLICT conflict=True label=RECOMMENDED ALTERNATIVE policies=['P002', 'P008', 'P009', 'P010']
2026-08-21T15:53:28Z | stress_test | decision='migrar pay-a' asset=pay-a severity=CONFLICT conflict=True label=RECOMMENDED ALTERNATIVE policies=['P002', 'P008', 'P009', 'P010']
2026-08-21T15:53:28Z | stress_test | decision='migrar demo-payment' asset=demo-payment severity=CONFLICT conflict=True label=RECOMMENDED ALTERNATIVE policies=['P002', 'P008', 'P009', 'P010']
2026-08-21T15:53:29Z | stress_test | decision='migrar example-pki' asset=example-pki severity=NO_CONFLICT conflict=False label=CONFIRMED DECISION policies=[]
2026-08-21T16:06:31Z | stress_test | decision='migrar demo-payment' asset=demo-payment severity=CONFLICT conflict=True label=RECOMMENDED ALTERNATIVE policies=['P002', 'P008', 'P009', 'P010']
2026-08-21T16:06:31Z | stress_test | decision='migrar demo-legacy-ftp' asset=demo-legacy-ftp severity=WARNING conflict=False label=CONFIRMED DECISION policies=['P009', 'P010']
2026-08-21T16:06:31Z | stress_test | decision='migrar demo-cycle-a' asset=demo-cycle-a severity=CONFLICT conflict=True label=DEPENDENCY CYCLE DETECTED policies=['P001', 'P002']
2026-08-21T16:06:31Z | stress_test | decision='migrar demo-ghost' asset=demo-ghost severity=CONFLICT conflict=True label=RECOMMENDED ALTERNATIVE policies=['P002', 'P003', 'P008']
2026-08-21T16:06:31Z | stress_test | decision='migrar demo-migrated' asset=demo-migrated severity=CONFLICT conflict=True label=RECOMMENDED ALTERNATIVE policies=['P004']
2026-08-21T16:06:31Z | stress_test | decision='migrar demo-payment' asset=demo-payment severity=CONFLICT conflict=True label=RECOMMENDED ALTERNATIVE policies=['P002', 'P008', 'P009', 'P010']
2026-08-21T16:06:31Z | stress_test | decision='migrar demo-payment' asset=demo-payment severity=CONFLICT conflict=True label=RECOMMENDED ALTERNATIVE policies=['P002', 'P008', 'P009', 'P010']
2026-08-21T16:06:31Z | stress_test | decision='migrar demo-payment' asset=demo-payment severity=CONFLICT conflict=True label=RECOMMENDED ALTERNATIVE policies=['P002', 'P008', 'P009', 'P010']
2026-08-21T16:06:31Z | stress_test | decision='migrar demo-payment' asset=demo-payment severity=CONFLICT conflict=True label=RECOMMENDED ALTERNATIVE policies=['P002', 'P008', 'P009', 'P010']
2026-08-21T16:06:31Z | stress_test | decision='migrar demo-payment' asset=demo-payment severity=CONFLICT conflict=True label=RECOMMENDED ALTERNATIVE policies=['P002', 'P008', 'P009', 'P010']
2026-08-21T16:06:31Z | stress_test | decision='migrar demo-payment' asset=demo-payment severity=CONFLICT conflict=True label=RECOMMENDED ALTERNATIVE policies=['P002', 'P008', 'P009', 'P010']
2026-08-21T16:06:31Z | stress_test | decision='migrar demo-payment' asset=demo-payment severity=CONFLICT conflict=True label=RECOMMENDED ALTERNATIVE policies=['P002', 'P008', 'P009', 'P010']
2026-08-21T16:06:31Z | stress_test | decision='migrar demo-payment' asset=demo-payment severity=CONFLICT conflict=True label=RECOMMENDED ALTERNATIVE policies=['P002', 'P008', 'P009', 'P010']
2026-08-21T16:06:31Z | stress_test | decision='migrar demo-payment' asset=demo-payment severity=CONFLICT conflict=True label=RECOMMENDED ALTERNATIVE policies=['P002', 'P008', 'P009', 'P010']
2026-08-21T16:06:31Z | stress_test | decision='migrar demo-payment' asset=demo-payment severity=CONFLICT conflict=True label=RECOMMENDED ALTERNATIVE policies=['P002', 'P008', 'P009', 'P010']
2026-08-21T16:06:31Z | stress_test | decision='migrar pay-a' asset=pay-a severity=CONFLICT conflict=True label=RECOMMENDED ALTERNATIVE policies=['P002', 'P008', 'P009', 'P010']
2026-08-21T16:06:31Z | stress_test | decision='migrar demo-payment' asset=demo-payment severity=CONFLICT conflict=True label=RECOMMENDED ALTERNATIVE policies=['P002', 'P008', 'P009', 'P010']
2026-08-21T16:06:33Z | stress_test | decision='migrar example-pki' asset=example-pki severity=NO_CONFLICT conflict=False label=CONFIRMED DECISION policies=[]
2026-08-21T16:09:48Z | stress_test | decision='migrar demo-payment' asset=demo-payment severity=CONFLICT conflict=True label=RECOMMENDED ALTERNATIVE policies=['P002', 'P008', 'P009', 'P010']
2026-08-21T16:09:48Z | stress_test | decision='migrar demo-legacy-ftp' asset=demo-legacy-ftp severity=WARNING conflict=False label=CONFIRMED DECISION policies=['P009', 'P010']
2026-08-21T16:09:48Z | stress_test | decision='migrar demo-cycle-a' asset=demo-cycle-a severity=CONFLICT conflict=True label=DEPENDENCY CYCLE DETECTED policies=['P001', 'P002']
2026-08-21T16:09:48Z | stress_test | decision='migrar demo-ghost' asset=demo-ghost severity=CONFLICT conflict=True label=RECOMMENDED ALTERNATIVE policies=['P002', 'P003', 'P008']
2026-08-21T16:09:48Z | stress_test | decision='migrar demo-migrated' asset=demo-migrated severity=CONFLICT conflict=True label=RECOMMENDED ALTERNATIVE policies=['P004']
2026-08-21T16:09:48Z | stress_test | decision='migrar demo-payment' asset=demo-payment severity=CONFLICT conflict=True label=RECOMMENDED ALTERNATIVE policies=['P002', 'P008', 'P009', 'P010']
2026-08-21T16:09:48Z | stress_test | decision='migrar demo-payment' asset=demo-payment severity=CONFLICT conflict=True label=RECOMMENDED ALTERNATIVE policies=['P002', 'P008', 'P009', 'P010']
2026-08-21T16:09:48Z | stress_test | decision='migrar demo-payment' asset=demo-payment severity=CONFLICT conflict=True label=RECOMMENDED ALTERNATIVE policies=['P002', 'P008', 'P009', 'P010']
2026-08-21T16:09:48Z | stress_test | decision='migrar demo-payment' asset=demo-payment severity=CONFLICT conflict=True label=RECOMMENDED ALTERNATIVE policies=['P002', 'P008', 'P009', 'P010']
2026-08-21T16:09:48Z | stress_test | decision='migrar demo-payment' asset=demo-payment severity=CONFLICT conflict=True label=RECOMMENDED ALTERNATIVE policies=['P002', 'P008', 'P009', 'P010']
2026-08-21T16:09:48Z | stress_test | decision='migrar demo-payment' asset=demo-payment severity=CONFLICT conflict=True label=RECOMMENDED ALTERNATIVE policies=['P002', 'P008', 'P009', 'P010']
2026-08-21T16:09:48Z | stress_test | decision='migrar demo-payment' asset=demo-payment severity=CONFLICT conflict=True label=RECOMMENDED ALTERNATIVE policies=['P002', 'P008', 'P009', 'P010']
2026-08-21T16:09:48Z | stress_test | decision='migrar demo-payment' asset=demo-payment severity=CONFLICT conflict=True label=RECOMMENDED ALTERNATIVE policies=['P002', 'P008', 'P009', 'P010']
2026-08-21T16:09:48Z | stress_test | decision='migrar demo-payment' asset=demo-payment severity=CONFLICT conflict=True label=RECOMMENDED ALTERNATIVE policies=['P002', 'P008', 'P009', 'P010']
2026-08-21T16:09:48Z | stress_test | decision='migrar demo-payment' asset=demo-payment severity=CONFLICT conflict=True label=RECOMMENDED ALTERNATIVE policies=['P002', 'P008', 'P009', 'P010']
2026-08-21T16:09:49Z | stress_test | decision='migrar pay-a' asset=pay-a severity=CONFLICT conflict=True label=RECOMMENDED ALTERNATIVE policies=['P002', 'P008', 'P009', 'P010']
2026-08-21T16:09:49Z | stress_test | decision='migrar demo-payment' asset=demo-payment severity=CONFLICT conflict=True label=RECOMMENDED ALTERNATIVE policies=['P002', 'P008', 'P009', 'P010']
2026-08-21T16:09:50Z | stress_test | decision='migrar example-pki' asset=example-pki severity=NO_CONFLICT conflict=False label=CONFIRMED DECISION policies=[]
2026-08-21T16:12:51Z | stress_test | decision='migrar demo-payment' asset=demo-payment severity=CONFLICT conflict=True label=RECOMMENDED ALTERNATIVE policies=['P002', 'P008', 'P009', 'P010']
2026-08-21T16:12:51Z | stress_test | decision='migrar demo-legacy-ftp' asset=demo-legacy-ftp severity=WARNING conflict=False label=CONFIRMED DECISION policies=['P009', 'P010']
2026-08-21T16:12:52Z | stress_test | decision='migrar demo-cycle-a' asset=demo-cycle-a severity=CONFLICT conflict=True label=DEPENDENCY CYCLE DETECTED policies=['P001', 'P002']
2026-08-21T16:12:52Z | stress_test | decision='migrar demo-ghost' asset=demo-ghost severity=CONFLICT conflict=True label=RECOMMENDED ALTERNATIVE policies=['P002', 'P003', 'P008']
2026-08-21T16:12:52Z | stress_test | decision='migrar demo-migrated' asset=demo-migrated severity=CONFLICT conflict=True label=RECOMMENDED ALTERNATIVE policies=['P004']
2026-08-21T16:12:52Z | stress_test | decision='migrar demo-payment' asset=demo-payment severity=CONFLICT conflict=True label=RECOMMENDED ALTERNATIVE policies=['P002', 'P008', 'P009', 'P010']
2026-08-21T16:12:52Z | stress_test | decision='migrar demo-payment' asset=demo-payment severity=CONFLICT conflict=True label=RECOMMENDED ALTERNATIVE policies=['P002', 'P008', 'P009', 'P010']
2026-08-21T16:12:52Z | stress_test | decision='migrar demo-payment' asset=demo-payment severity=CONFLICT conflict=True label=RECOMMENDED ALTERNATIVE policies=['P002', 'P008', 'P009', 'P010']
2026-08-21T16:12:52Z | stress_test | decision='migrar demo-payment' asset=demo-payment severity=CONFLICT conflict=True label=RECOMMENDED ALTERNATIVE policies=['P002', 'P008', 'P009', 'P010']
2026-08-21T16:12:52Z | stress_test | decision='migrar demo-payment' asset=demo-payment severity=CONFLICT conflict=True label=RECOMMENDED ALTERNATIVE policies=['P002', 'P008', 'P009', 'P010']
2026-08-21T16:12:52Z | stress_test | decision='migrar demo-payment' asset=demo-payment severity=CONFLICT conflict=True label=RECOMMENDED ALTERNATIVE policies=['P002', 'P008', 'P009', 'P010']
2026-08-21T16:12:52Z | stress_test | decision='migrar demo-payment' asset=demo-payment severity=CONFLICT conflict=True label=RECOMMENDED ALTERNATIVE policies=['P002', 'P008', 'P009', 'P010']
2026-08-21T16:12:52Z | stress_test | decision='migrar demo-payment' asset=demo-payment severity=CONFLICT conflict=True label=RECOMMENDED ALTERNATIVE policies=['P002', 'P008', 'P009', 'P010']
2026-08-21T16:12:52Z | stress_test | decision='migrar demo-payment' asset=demo-payment severity=CONFLICT conflict=True label=RECOMMENDED ALTERNATIVE policies=['P002', 'P008', 'P009', 'P010']
2026-08-21T16:12:52Z | stress_test | decision='migrar demo-payment' asset=demo-payment severity=CONFLICT conflict=True label=RECOMMENDED ALTERNATIVE policies=['P002', 'P008', 'P009', 'P010']
2026-08-21T16:12:53Z | stress_test | decision='migrar pay-a' asset=pay-a severity=CONFLICT conflict=True label=RECOMMENDED ALTERNATIVE policies=['P002', 'P008', 'P009', 'P010']
2026-08-21T16:12:53Z | stress_test | decision='migrar demo-payment' asset=demo-payment severity=CONFLICT conflict=True label=RECOMMENDED ALTERNATIVE policies=['P002', 'P008', 'P009', 'P010']
2026-08-21T16:12:56Z | stress_test | decision='migrar example-pki' asset=example-pki severity=NO_CONFLICT conflict=False label=CONFIRMED DECISION policies=[]
2026-08-21T16:19:10Z | stress_test | decision='migrar demo-payment' asset=demo-payment severity=CONFLICT conflict=True label=RECOMMENDED ALTERNATIVE policies=['P002', 'P008', 'P009', 'P010']
2026-08-21T16:19:10Z | stress_test | decision='migrar demo-legacy-ftp' asset=demo-legacy-ftp severity=WARNING conflict=False label=CONFIRMED DECISION policies=['P009', 'P010']
2026-08-21T16:19:10Z | stress_test | decision='migrar demo-cycle-a' asset=demo-cycle-a severity=CONFLICT conflict=True label=DEPENDENCY CYCLE DETECTED policies=['P001', 'P002']
2026-08-21T16:19:10Z | stress_test | decision='migrar demo-ghost' asset=demo-ghost severity=CONFLICT conflict=True label=RECOMMENDED ALTERNATIVE policies=['P002', 'P003', 'P008']
2026-08-21T16:19:10Z | stress_test | decision='migrar demo-migrated' asset=demo-migrated severity=CONFLICT conflict=True label=RECOMMENDED ALTERNATIVE policies=['P004']
2026-08-21T16:19:10Z | stress_test | decision='migrar demo-payment' asset=demo-payment severity=CONFLICT conflict=True label=RECOMMENDED ALTERNATIVE policies=['P002', 'P008', 'P009', 'P010']
2026-08-21T16:19:10Z | stress_test | decision='migrar demo-payment' asset=demo-payment severity=CONFLICT conflict=True label=RECOMMENDED ALTERNATIVE policies=['P002', 'P008', 'P009', 'P010']
2026-08-21T16:19:10Z | stress_test | decision='migrar demo-payment' asset=demo-payment severity=CONFLICT conflict=True label=RECOMMENDED ALTERNATIVE policies=['P002', 'P008', 'P009', 'P010']
2026-08-21T16:19:10Z | stress_test | decision='migrar demo-payment' asset=demo-payment severity=CONFLICT conflict=True label=RECOMMENDED ALTERNATIVE policies=['P002', 'P008', 'P009', 'P010']
2026-08-21T16:19:10Z | stress_test | decision='migrar demo-payment' asset=demo-payment severity=CONFLICT conflict=True label=RECOMMENDED ALTERNATIVE policies=['P002', 'P008', 'P009', 'P010']
2026-08-21T16:19:10Z | stress_test | decision='migrar demo-payment' asset=demo-payment severity=CONFLICT conflict=True label=RECOMMENDED ALTERNATIVE policies=['P002', 'P008', 'P009', 'P010']
2026-08-21T16:19:10Z | stress_test | decision='migrar demo-payment' asset=demo-payment severity=CONFLICT conflict=True label=RECOMMENDED ALTERNATIVE policies=['P002', 'P008', 'P009', 'P010']
2026-08-21T16:19:10Z | stress_test | decision='migrar demo-payment' asset=demo-payment severity=CONFLICT conflict=True label=RECOMMENDED ALTERNATIVE policies=['P002', 'P008', 'P009', 'P010']
2026-08-21T16:19:10Z | stress_test | decision='migrar demo-payment' asset=demo-payment severity=CONFLICT conflict=True label=RECOMMENDED ALTERNATIVE policies=['P002', 'P008', 'P009', 'P010']
2026-08-21T16:19:10Z | stress_test | decision='migrar demo-payment' asset=demo-payment severity=CONFLICT conflict=True label=RECOMMENDED ALTERNATIVE policies=['P002', 'P008', 'P009', 'P010']
2026-08-21T16:19:10Z | stress_test | decision='migrar pay-a' asset=pay-a severity=CONFLICT conflict=True label=RECOMMENDED ALTERNATIVE policies=['P002', 'P008', 'P009', 'P010']
2026-08-21T16:19:10Z | stress_test | decision='migrar demo-payment' asset=demo-payment severity=CONFLICT conflict=True label=RECOMMENDED ALTERNATIVE policies=['P002', 'P008', 'P009', 'P010']
2026-08-21T16:19:12Z | stress_test | decision='migrar example-pki' asset=example-pki severity=NO_CONFLICT conflict=False label=CONFIRMED DECISION policies=[]
2026-08-21T16:50:13Z | stress_test | decision='migrar demo-payment' asset=demo-payment severity=CONFLICT conflict=True label=RECOMMENDED ALTERNATIVE policies=['P002', 'P008', 'P009', 'P010']
2026-08-21T16:50:13Z | stress_test | decision='migrar demo-legacy-ftp' asset=demo-legacy-ftp severity=WARNING conflict=False label=CONFIRMED DECISION policies=['P009', 'P010']
2026-08-21T16:50:13Z | stress_test | decision='migrar demo-cycle-a' asset=demo-cycle-a severity=CONFLICT conflict=True label=DEPENDENCY CYCLE DETECTED policies=['P001', 'P002']
2026-08-21T16:50:13Z | stress_test | decision='migrar demo-ghost' asset=demo-ghost severity=CONFLICT conflict=True label=RECOMMENDED ALTERNATIVE policies=['P002', 'P003', 'P008']
2026-08-21T16:50:13Z | stress_test | decision='migrar demo-migrated' asset=demo-migrated severity=CONFLICT conflict=True label=RECOMMENDED ALTERNATIVE policies=['P004']
2026-08-21T16:50:13Z | stress_test | decision='migrar demo-payment' asset=demo-payment severity=CONFLICT conflict=True label=RECOMMENDED ALTERNATIVE policies=['P002', 'P008', 'P009', 'P010']
2026-08-21T16:50:13Z | stress_test | decision='migrar demo-payment' asset=demo-payment severity=CONFLICT conflict=True label=RECOMMENDED ALTERNATIVE policies=['P002', 'P008', 'P009', 'P010']
2026-08-21T16:50:13Z | stress_test | decision='migrar demo-payment' asset=demo-payment severity=CONFLICT conflict=True label=RECOMMENDED ALTERNATIVE policies=['P002', 'P008', 'P009', 'P010']
2026-08-21T16:50:13Z | stress_test | decision='migrar demo-payment' asset=demo-payment severity=CONFLICT conflict=True label=RECOMMENDED ALTERNATIVE policies=['P002', 'P008', 'P009', 'P010']
2026-08-21T16:50:13Z | stress_test | decision='migrar demo-payment' asset=demo-payment severity=CONFLICT conflict=True label=RECOMMENDED ALTERNATIVE policies=['P002', 'P008', 'P009', 'P010']
2026-08-21T16:50:13Z | stress_test | decision='migrar demo-payment' asset=demo-payment severity=CONFLICT conflict=True label=RECOMMENDED ALTERNATIVE policies=['P002', 'P008', 'P009', 'P010']
2026-08-21T16:50:13Z | stress_test | decision='migrar demo-payment' asset=demo-payment severity=CONFLICT conflict=True label=RECOMMENDED ALTERNATIVE policies=['P002', 'P008', 'P009', 'P010']
2026-08-21T16:50:13Z | stress_test | decision='migrar demo-payment' asset=demo-payment severity=CONFLICT conflict=True label=RECOMMENDED ALTERNATIVE policies=['P002', 'P008', 'P009', 'P010']
2026-08-21T16:50:13Z | stress_test | decision='migrar demo-payment' asset=demo-payment severity=CONFLICT conflict=True label=RECOMMENDED ALTERNATIVE policies=['P002', 'P008', 'P009', 'P010']
2026-08-21T16:50:14Z | stress_test | decision='migrar demo-payment' asset=demo-payment severity=CONFLICT conflict=True label=RECOMMENDED ALTERNATIVE policies=['P002', 'P008', 'P009', 'P010']
2026-08-21T16:50:14Z | stress_test | decision='migrar pay-a' asset=pay-a severity=CONFLICT conflict=True label=RECOMMENDED ALTERNATIVE policies=['P002', 'P008', 'P009', 'P010']
2026-08-21T16:50:14Z | stress_test | decision='migrar demo-payment' asset=demo-payment severity=CONFLICT conflict=True label=RECOMMENDED ALTERNATIVE policies=['P002', 'P008', 'P009', 'P010']
2026-08-21T16:50:29Z | stress_test | decision='migrar demo-payment' asset=demo-payment severity=CONFLICT conflict=True label=RECOMMENDED ALTERNATIVE policies=['P002', 'P008', 'P009', 'P010']
2026-08-21T16:50:29Z | stress_test | decision='migrar demo-legacy-ftp' asset=demo-legacy-ftp severity=WARNING conflict=False label=CONFIRMED DECISION policies=['P009', 'P010']
2026-08-21T16:50:29Z | stress_test | decision='migrar demo-cycle-a' asset=demo-cycle-a severity=CONFLICT conflict=True label=DEPENDENCY CYCLE DETECTED policies=['P001', 'P002']
2026-08-21T16:50:29Z | stress_test | decision='migrar demo-ghost' asset=demo-ghost severity=CONFLICT conflict=True label=RECOMMENDED ALTERNATIVE policies=['P002', 'P003', 'P008']
2026-08-21T16:50:29Z | stress_test | decision='migrar demo-migrated' asset=demo-migrated severity=CONFLICT conflict=True label=RECOMMENDED ALTERNATIVE policies=['P004']
2026-08-21T16:50:29Z | stress_test | decision='migrar demo-payment' asset=demo-payment severity=CONFLICT conflict=True label=RECOMMENDED ALTERNATIVE policies=['P002', 'P008', 'P009', 'P010']
2026-08-21T16:50:29Z | stress_test | decision='migrar demo-payment' asset=demo-payment severity=CONFLICT conflict=True label=RECOMMENDED ALTERNATIVE policies=['P002', 'P008', 'P009', 'P010']
2026-08-21T16:50:29Z | stress_test | decision='migrar demo-payment' asset=demo-payment severity=CONFLICT conflict=True label=RECOMMENDED ALTERNATIVE policies=['P002', 'P008', 'P009', 'P010']
2026-08-21T16:50:29Z | stress_test | decision='migrar demo-payment' asset=demo-payment severity=CONFLICT conflict=True label=RECOMMENDED ALTERNATIVE policies=['P002', 'P008', 'P009', 'P010']
2026-08-21T16:50:29Z | stress_test | decision='migrar demo-payment' asset=demo-payment severity=CONFLICT conflict=True label=RECOMMENDED ALTERNATIVE policies=['P002', 'P008', 'P009', 'P010']
2026-08-21T16:50:29Z | stress_test | decision='migrar demo-payment' asset=demo-payment severity=CONFLICT conflict=True label=RECOMMENDED ALTERNATIVE policies=['P002', 'P008', 'P009', 'P010']
2026-08-21T16:50:29Z | stress_test | decision='migrar demo-payment' asset=demo-payment severity=CONFLICT conflict=True label=RECOMMENDED ALTERNATIVE policies=['P002', 'P008', 'P009', 'P010']
2026-08-21T16:50:29Z | stress_test | decision='migrar demo-payment' asset=demo-payment severity=CONFLICT conflict=True label=RECOMMENDED ALTERNATIVE policies=['P002', 'P008', 'P009', 'P010']
2026-08-21T16:50:29Z | stress_test | decision='migrar demo-payment' asset=demo-payment severity=CONFLICT conflict=True label=RECOMMENDED ALTERNATIVE policies=['P002', 'P008', 'P009', 'P010']
2026-08-21T16:50:30Z | stress_test | decision='migrar demo-payment' asset=demo-payment severity=CONFLICT conflict=True label=RECOMMENDED ALTERNATIVE policies=['P002', 'P008', 'P009', 'P010']
2026-08-21T16:50:30Z | stress_test | decision='migrar pay-a' asset=pay-a severity=CONFLICT conflict=True label=RECOMMENDED ALTERNATIVE policies=['P002', 'P008', 'P009', 'P010']
2026-08-21T16:50:30Z | stress_test | decision='migrar demo-payment' asset=demo-payment severity=CONFLICT conflict=True label=RECOMMENDED ALTERNATIVE policies=['P002', 'P008', 'P009', 'P010']
2026-08-21T16:50:34Z | stress_test | decision='migrar example-pki' asset=example-pki severity=NO_CONFLICT conflict=False label=CONFIRMED DECISION policies=[]
2026-08-21T16:54:38Z | stress_test | decision='migrar demo-payment' asset=demo-payment severity=CONFLICT conflict=True label=RECOMMENDED ALTERNATIVE policies=['P002', 'P008', 'P009', 'P010']
2026-08-21T16:54:38Z | stress_test | decision='migrar demo-legacy-ftp' asset=demo-legacy-ftp severity=WARNING conflict=False label=CONFIRMED DECISION policies=['P009', 'P010']
2026-08-21T16:54:38Z | stress_test | decision='migrar demo-cycle-a' asset=demo-cycle-a severity=CONFLICT conflict=True label=DEPENDENCY CYCLE DETECTED policies=['P001', 'P002']
2026-08-21T16:54:38Z | stress_test | decision='migrar demo-ghost' asset=demo-ghost severity=CONFLICT conflict=True label=RECOMMENDED ALTERNATIVE policies=['P002', 'P003', 'P008']
2026-08-21T16:54:38Z | stress_test | decision='migrar demo-migrated' asset=demo-migrated severity=CONFLICT conflict=True label=RECOMMENDED ALTERNATIVE policies=['P004']
2026-08-21T16:54:38Z | stress_test | decision='migrar demo-payment' asset=demo-payment severity=CONFLICT conflict=True label=RECOMMENDED ALTERNATIVE policies=['P002', 'P008', 'P009', 'P010']
2026-08-21T16:54:38Z | stress_test | decision='migrar demo-payment' asset=demo-payment severity=CONFLICT conflict=True label=RECOMMENDED ALTERNATIVE policies=['P002', 'P008', 'P009', 'P010']
2026-08-21T16:54:38Z | stress_test | decision='migrar demo-payment' asset=demo-payment severity=CONFLICT conflict=True label=RECOMMENDED ALTERNATIVE policies=['P002', 'P008', 'P009', 'P010']
2026-08-21T16:54:38Z | stress_test | decision='migrar demo-payment' asset=demo-payment severity=CONFLICT conflict=True label=RECOMMENDED ALTERNATIVE policies=['P002', 'P008', 'P009', 'P010']
2026-08-21T16:54:38Z | stress_test | decision='migrar demo-payment' asset=demo-payment severity=CONFLICT conflict=True label=RECOMMENDED ALTERNATIVE policies=['P002', 'P008', 'P009', 'P010']
2026-08-21T16:54:38Z | stress_test | decision='migrar demo-payment' asset=demo-payment severity=CONFLICT conflict=True label=RECOMMENDED ALTERNATIVE policies=['P002', 'P008', 'P009', 'P010']
2026-08-21T16:54:38Z | stress_test | decision='migrar demo-payment' asset=demo-payment severity=CONFLICT conflict=True label=RECOMMENDED ALTERNATIVE policies=['P002', 'P008', 'P009', 'P010']
2026-08-21T16:54:38Z | stress_test | decision='migrar demo-payment' asset=demo-payment severity=CONFLICT conflict=True label=RECOMMENDED ALTERNATIVE policies=['P002', 'P008', 'P009', 'P010']
2026-08-21T16:54:38Z | stress_test | decision='migrar demo-payment' asset=demo-payment severity=CONFLICT conflict=True label=RECOMMENDED ALTERNATIVE policies=['P002', 'P008', 'P009', 'P010']
2026-08-21T16:54:38Z | stress_test | decision='migrar demo-payment' asset=demo-payment severity=CONFLICT conflict=True label=RECOMMENDED ALTERNATIVE policies=['P002', 'P008', 'P009', 'P010']
2026-08-21T16:54:38Z | stress_test | decision='migrar pay-a' asset=pay-a severity=CONFLICT conflict=True label=RECOMMENDED ALTERNATIVE policies=['P002', 'P008', 'P009', 'P010']
2026-08-21T16:54:38Z | stress_test | decision='migrar demo-payment' asset=demo-payment severity=CONFLICT conflict=True label=RECOMMENDED ALTERNATIVE policies=['P002', 'P008', 'P009', 'P010']
2026-08-21T16:54:41Z | stress_test | decision='migrar example-pki' asset=example-pki severity=NO_CONFLICT conflict=False label=CONFIRMED DECISION policies=[]
2026-08-21T17:14:36Z | stress_test | decision='migrar demo-payment' asset=demo-payment severity=CONFLICT conflict=True label=RECOMMENDED ALTERNATIVE policies=['P002', 'P008', 'P009', 'P010']
2026-08-21T17:14:36Z | stress_test | decision='migrar demo-legacy-ftp' asset=demo-legacy-ftp severity=WARNING conflict=False label=CONFIRMED DECISION policies=['P009', 'P010']
2026-08-21T17:14:36Z | stress_test | decision='migrar demo-cycle-a' asset=demo-cycle-a severity=CONFLICT conflict=True label=DEPENDENCY CYCLE DETECTED policies=['P001', 'P002']
2026-08-21T17:14:36Z | stress_test | decision='migrar demo-ghost' asset=demo-ghost severity=CONFLICT conflict=True label=RECOMMENDED ALTERNATIVE policies=['P002', 'P003', 'P008']
2026-08-21T17:14:36Z | stress_test | decision='migrar demo-migrated' asset=demo-migrated severity=CONFLICT conflict=True label=RECOMMENDED ALTERNATIVE policies=['P004']
2026-08-21T17:14:36Z | stress_test | decision='migrar demo-payment' asset=demo-payment severity=CONFLICT conflict=True label=RECOMMENDED ALTERNATIVE policies=['P002', 'P008', 'P009', 'P010']
2026-08-21T17:14:36Z | stress_test | decision='migrar demo-payment' asset=demo-payment severity=CONFLICT conflict=True label=RECOMMENDED ALTERNATIVE policies=['P002', 'P008', 'P009', 'P010']
2026-08-21T17:14:36Z | stress_test | decision='migrar demo-payment' asset=demo-payment severity=CONFLICT conflict=True label=RECOMMENDED ALTERNATIVE policies=['P002', 'P008', 'P009', 'P010']
2026-08-21T17:14:36Z | stress_test | decision='migrar demo-payment' asset=demo-payment severity=CONFLICT conflict=True label=RECOMMENDED ALTERNATIVE policies=['P002', 'P008', 'P009', 'P010']
2026-08-21T17:14:36Z | stress_test | decision='migrar demo-payment' asset=demo-payment severity=CONFLICT conflict=True label=RECOMMENDED ALTERNATIVE policies=['P002', 'P008', 'P009', 'P010']
2026-08-21T17:14:36Z | stress_test | decision='migrar demo-payment' asset=demo-payment severity=CONFLICT conflict=True label=RECOMMENDED ALTERNATIVE policies=['P002', 'P008', 'P009', 'P010']
2026-08-21T17:14:36Z | stress_test | decision='migrar demo-payment' asset=demo-payment severity=CONFLICT conflict=True label=RECOMMENDED ALTERNATIVE policies=['P002', 'P008', 'P009', 'P010']
2026-08-21T17:14:36Z | stress_test | decision='migrar demo-payment' asset=demo-payment severity=CONFLICT conflict=True label=RECOMMENDED ALTERNATIVE policies=['P002', 'P008', 'P009', 'P010']
2026-08-21T17:14:36Z | stress_test | decision='migrar demo-payment' asset=demo-payment severity=CONFLICT conflict=True label=RECOMMENDED ALTERNATIVE policies=['P002', 'P008', 'P009', 'P010']
2026-08-21T17:14:36Z | stress_test | decision='migrar demo-payment' asset=demo-payment severity=CONFLICT conflict=True label=RECOMMENDED ALTERNATIVE policies=['P002', 'P008', 'P009', 'P010']
2026-08-21T17:14:36Z | stress_test | decision='migrar pay-a' asset=pay-a severity=CONFLICT conflict=True label=RECOMMENDED ALTERNATIVE policies=['P002', 'P008', 'P009', 'P010']
2026-08-21T17:14:36Z | stress_test | decision='migrar demo-payment' asset=demo-payment severity=CONFLICT conflict=True label=RECOMMENDED ALTERNATIVE policies=['P002', 'P008', 'P009', 'P010']
2026-08-21T17:14:38Z | stress_test | decision='migrar example-pki' asset=example-pki severity=NO_CONFLICT conflict=False label=CONFIRMED DECISION policies=[]
2026-08-21T19:30:23Z | stress_test | decision='migrar demo-payment' asset=demo-payment severity=CONFLICT conflict=True label=RECOMMENDED ALTERNATIVE policies=['P002', 'P008', 'P009', 'P010']
2026-08-21T19:30:23Z | stress_test | decision='migrar demo-legacy-ftp' asset=demo-legacy-ftp severity=WARNING conflict=False label=CONFIRMED DECISION policies=['P009', 'P010']
2026-08-21T19:30:23Z | stress_test | decision='migrar demo-cycle-a' asset=demo-cycle-a severity=CONFLICT conflict=True label=DEPENDENCY CYCLE DETECTED policies=['P001', 'P002']
2026-08-21T19:30:23Z | stress_test | decision='migrar demo-ghost' asset=demo-ghost severity=CONFLICT conflict=True label=RECOMMENDED ALTERNATIVE policies=['P002', 'P003', 'P008']
2026-08-21T19:30:23Z | stress_test | decision='migrar demo-migrated' asset=demo-migrated severity=CONFLICT conflict=True label=RECOMMENDED ALTERNATIVE policies=['P004']
2026-08-21T19:30:23Z | stress_test | decision='migrar demo-payment' asset=demo-payment severity=CONFLICT conflict=True label=RECOMMENDED ALTERNATIVE policies=['P002', 'P008', 'P009', 'P010']
2026-08-21T19:30:23Z | stress_test | decision='migrar demo-payment' asset=demo-payment severity=CONFLICT conflict=True label=RECOMMENDED ALTERNATIVE policies=['P002', 'P008', 'P009', 'P010']
2026-08-21T19:30:23Z | stress_test | decision='migrar demo-payment' asset=demo-payment severity=CONFLICT conflict=True label=RECOMMENDED ALTERNATIVE policies=['P002', 'P008', 'P009', 'P010']
2026-08-21T19:30:23Z | stress_test | decision='migrar demo-payment' asset=demo-payment severity=CONFLICT conflict=True label=RECOMMENDED ALTERNATIVE policies=['P002', 'P008', 'P009', 'P010']
2026-08-21T19:30:23Z | stress_test | decision='migrar demo-payment' asset=demo-payment severity=CONFLICT conflict=True label=RECOMMENDED ALTERNATIVE policies=['P002', 'P008', 'P009', 'P010']
2026-08-21T19:30:23Z | stress_test | decision='migrar demo-payment' asset=demo-payment severity=CONFLICT conflict=True label=RECOMMENDED ALTERNATIVE policies=['P002', 'P008', 'P009', 'P010']
2026-08-21T19:30:23Z | stress_test | decision='migrar demo-payment' asset=demo-payment severity=CONFLICT conflict=True label=RECOMMENDED ALTERNATIVE policies=['P002', 'P008', 'P009', 'P010']
2026-08-21T19:30:23Z | stress_test | decision='migrar demo-payment' asset=demo-payment severity=CONFLICT conflict=True label=RECOMMENDED ALTERNATIVE policies=['P002', 'P008', 'P009', 'P010']
2026-08-21T19:30:23Z | stress_test | decision='migrar demo-payment' asset=demo-payment severity=CONFLICT conflict=True label=RECOMMENDED ALTERNATIVE policies=['P002', 'P008', 'P009', 'P010']
2026-08-21T19:30:23Z | stress_test | decision='migrar demo-payment' asset=demo-payment severity=CONFLICT conflict=True label=RECOMMENDED ALTERNATIVE policies=['P002', 'P008', 'P009', 'P010']
2026-08-21T19:30:23Z | stress_test | decision='migrar pay-a' asset=pay-a severity=CONFLICT conflict=True label=RECOMMENDED ALTERNATIVE policies=['P002', 'P008', 'P009', 'P010']
2026-08-21T19:30:23Z | stress_test | decision='migrar demo-payment' asset=demo-payment severity=CONFLICT conflict=True label=RECOMMENDED ALTERNATIVE policies=['P002', 'P008', 'P009', 'P010']
2026-08-21T19:30:26Z | stress_test | decision='migrar example-pki' asset=example-pki severity=NO_CONFLICT conflict=False label=CONFIRMED DECISION policies=[]
2026-08-21T19:43:10Z | stress_test | decision='migrar demo-payment' asset=demo-payment severity=CONFLICT conflict=True label=RECOMMENDED ALTERNATIVE policies=['P002', 'P008', 'P009', 'P010']
2026-08-21T19:43:10Z | stress_test | decision='migrar demo-legacy-ftp' asset=demo-legacy-ftp severity=WARNING conflict=False label=CONFIRMED DECISION policies=['P009', 'P010']
2026-08-21T19:43:10Z | stress_test | decision='migrar demo-cycle-a' asset=demo-cycle-a severity=CONFLICT conflict=True label=DEPENDENCY CYCLE DETECTED policies=['P001', 'P002']
2026-08-21T19:43:10Z | stress_test | decision='migrar demo-ghost' asset=demo-ghost severity=CONFLICT conflict=True label=RECOMMENDED ALTERNATIVE policies=['P002', 'P003', 'P008']
2026-08-21T19:43:10Z | stress_test | decision='migrar demo-migrated' asset=demo-migrated severity=CONFLICT conflict=True label=RECOMMENDED ALTERNATIVE policies=['P004']
2026-08-21T19:43:10Z | stress_test | decision='migrar demo-payment' asset=demo-payment severity=CONFLICT conflict=True label=RECOMMENDED ALTERNATIVE policies=['P002', 'P008', 'P009', 'P010']
2026-08-21T19:43:10Z | stress_test | decision='migrar demo-payment' asset=demo-payment severity=CONFLICT conflict=True label=RECOMMENDED ALTERNATIVE policies=['P002', 'P008', 'P009', 'P010']
2026-08-21T19:43:10Z | stress_test | decision='migrar demo-payment' asset=demo-payment severity=CONFLICT conflict=True label=RECOMMENDED ALTERNATIVE policies=['P002', 'P008', 'P009', 'P010']
2026-08-21T19:43:10Z | stress_test | decision='migrar demo-payment' asset=demo-payment severity=CONFLICT conflict=True label=RECOMMENDED ALTERNATIVE policies=['P002', 'P008', 'P009', 'P010']
2026-08-21T19:43:11Z | stress_test | decision='migrar demo-payment' asset=demo-payment severity=CONFLICT conflict=True label=RECOMMENDED ALTERNATIVE policies=['P002', 'P008', 'P009', 'P010']
2026-08-21T19:43:11Z | stress_test | decision='migrar demo-payment' asset=demo-payment severity=CONFLICT conflict=True label=RECOMMENDED ALTERNATIVE policies=['P002', 'P008', 'P009', 'P010']
2026-08-21T19:43:11Z | stress_test | decision='migrar demo-payment' asset=demo-payment severity=CONFLICT conflict=True label=RECOMMENDED ALTERNATIVE policies=['P002', 'P008', 'P009', 'P010']
2026-08-21T19:43:11Z | stress_test | decision='migrar demo-payment' asset=demo-payment severity=CONFLICT conflict=True label=RECOMMENDED ALTERNATIVE policies=['P002', 'P008', 'P009', 'P010']
2026-08-21T19:43:11Z | stress_test | decision='migrar demo-payment' asset=demo-payment severity=CONFLICT conflict=True label=RECOMMENDED ALTERNATIVE policies=['P002', 'P008', 'P009', 'P010']
2026-08-21T19:43:11Z | stress_test | decision='migrar demo-payment' asset=demo-payment severity=CONFLICT conflict=True label=RECOMMENDED ALTERNATIVE policies=['P002', 'P008', 'P009', 'P010']
2026-08-21T19:43:12Z | stress_test | decision='migrar pay-a' asset=pay-a severity=CONFLICT conflict=True label=RECOMMENDED ALTERNATIVE policies=['P002', 'P008', 'P009', 'P010']
2026-08-21T19:43:12Z | stress_test | decision='migrar demo-payment' asset=demo-payment severity=CONFLICT conflict=True label=RECOMMENDED ALTERNATIVE policies=['P002', 'P008', 'P009', 'P010']
2026-08-21T19:43:16Z | stress_test | decision='migrar example-pki' asset=example-pki severity=NO_CONFLICT conflict=False label=CONFIRMED DECISION policies=[]
2026-08-21T19:56:41Z | stress_test | decision='migrar demo-payment' asset=demo-payment severity=CONFLICT conflict=True label=RECOMMENDED ALTERNATIVE policies=['P002', 'P008', 'P009', 'P010']
2026-08-21T19:56:41Z | stress_test | decision='migrar demo-legacy-ftp' asset=demo-legacy-ftp severity=WARNING conflict=False label=CONFIRMED DECISION policies=['P009', 'P010']
2026-08-21T19:56:41Z | stress_test | decision='migrar demo-cycle-a' asset=demo-cycle-a severity=CONFLICT conflict=True label=DEPENDENCY CYCLE DETECTED policies=['P001', 'P002']
2026-08-21T19:56:41Z | stress_test | decision='migrar demo-ghost' asset=demo-ghost severity=CONFLICT conflict=True label=RECOMMENDED ALTERNATIVE policies=['P002', 'P003', 'P008']
2026-08-21T19:56:41Z | stress_test | decision='migrar demo-migrated' asset=demo-migrated severity=CONFLICT conflict=True label=RECOMMENDED ALTERNATIVE policies=['P004']
2026-08-21T19:56:41Z | stress_test | decision='migrar demo-payment' asset=demo-payment severity=CONFLICT conflict=True label=RECOMMENDED ALTERNATIVE policies=['P002', 'P008', 'P009', 'P010']
2026-08-21T19:56:41Z | stress_test | decision='migrar demo-payment' asset=demo-payment severity=CONFLICT conflict=True label=RECOMMENDED ALTERNATIVE policies=['P002', 'P008', 'P009', 'P010']
2026-08-21T19:56:41Z | stress_test | decision='migrar demo-payment' asset=demo-payment severity=CONFLICT conflict=True label=RECOMMENDED ALTERNATIVE policies=['P002', 'P008', 'P009', 'P010']
2026-08-21T19:56:41Z | stress_test | decision='migrar demo-payment' asset=demo-payment severity=CONFLICT conflict=True label=RECOMMENDED ALTERNATIVE policies=['P002', 'P008', 'P009', 'P010']
2026-08-21T19:56:41Z | stress_test | decision='migrar demo-payment' asset=demo-payment severity=CONFLICT conflict=True label=RECOMMENDED ALTERNATIVE policies=['P002', 'P008', 'P009', 'P010']
2026-08-21T19:56:41Z | stress_test | decision='migrar demo-payment' asset=demo-payment severity=CONFLICT conflict=True label=RECOMMENDED ALTERNATIVE policies=['P002', 'P008', 'P009', 'P010']
2026-08-21T19:56:41Z | stress_test | decision='migrar demo-payment' asset=demo-payment severity=CONFLICT conflict=True label=RECOMMENDED ALTERNATIVE policies=['P002', 'P008', 'P009', 'P010']
2026-08-21T19:56:41Z | stress_test | decision='migrar demo-payment' asset=demo-payment severity=CONFLICT conflict=True label=RECOMMENDED ALTERNATIVE policies=['P002', 'P008', 'P009', 'P010']
2026-08-21T19:56:41Z | stress_test | decision='migrar demo-payment' asset=demo-payment severity=CONFLICT conflict=True label=RECOMMENDED ALTERNATIVE policies=['P002', 'P008', 'P009', 'P010']
2026-08-21T19:56:41Z | stress_test | decision='migrar demo-payment' asset=demo-payment severity=CONFLICT conflict=True label=RECOMMENDED ALTERNATIVE policies=['P002', 'P008', 'P009', 'P010']
2026-08-21T19:56:41Z | stress_test | decision='migrar pay-a' asset=pay-a severity=CONFLICT conflict=True label=RECOMMENDED ALTERNATIVE policies=['P002', 'P008', 'P009', 'P010']
2026-08-21T19:56:41Z | stress_test | decision='migrar demo-payment' asset=demo-payment severity=CONFLICT conflict=True label=RECOMMENDED ALTERNATIVE policies=['P002', 'P008', 'P009', 'P010']
2026-08-21T19:56:44Z | stress_test | decision='migrar example-pki' asset=example-pki severity=NO_CONFLICT conflict=False label=CONFIRMED DECISION policies=[]
2026-08-21T19:58:52Z | stress_test | decision='migrar demo-payment' asset=demo-payment severity=CONFLICT conflict=True label=RECOMMENDED ALTERNATIVE policies=['P002', 'P008', 'P009', 'P010']
2026-08-21T19:58:52Z | stress_test | decision='migrar demo-legacy-ftp' asset=demo-legacy-ftp severity=WARNING conflict=False label=CONFIRMED DECISION policies=['P009', 'P010']
2026-08-21T19:58:52Z | stress_test | decision='migrar demo-cycle-a' asset=demo-cycle-a severity=CONFLICT conflict=True label=DEPENDENCY CYCLE DETECTED policies=['P001', 'P002']
2026-08-21T19:58:52Z | stress_test | decision='migrar demo-ghost' asset=demo-ghost severity=CONFLICT conflict=True label=RECOMMENDED ALTERNATIVE policies=['P002', 'P003', 'P008']
2026-08-21T19:58:52Z | stress_test | decision='migrar demo-migrated' asset=demo-migrated severity=CONFLICT conflict=True label=RECOMMENDED ALTERNATIVE policies=['P004']
2026-08-21T19:58:52Z | stress_test | decision='migrar demo-payment' asset=demo-payment severity=CONFLICT conflict=True label=RECOMMENDED ALTERNATIVE policies=['P002', 'P008', 'P009', 'P010']
2026-08-21T19:58:52Z | stress_test | decision='migrar demo-payment' asset=demo-payment severity=CONFLICT conflict=True label=RECOMMENDED ALTERNATIVE policies=['P002', 'P008', 'P009', 'P010']
2026-08-21T19:58:52Z | stress_test | decision='migrar demo-payment' asset=demo-payment severity=CONFLICT conflict=True label=RECOMMENDED ALTERNATIVE policies=['P002', 'P008', 'P009', 'P010']
2026-08-21T19:58:52Z | stress_test | decision='migrar demo-payment' asset=demo-payment severity=CONFLICT conflict=True label=RECOMMENDED ALTERNATIVE policies=['P002', 'P008', 'P009', 'P010']
2026-08-21T19:58:52Z | stress_test | decision='migrar demo-payment' asset=demo-payment severity=CONFLICT conflict=True label=RECOMMENDED ALTERNATIVE policies=['P002', 'P008', 'P009', 'P010']
2026-08-21T19:58:52Z | stress_test | decision='migrar demo-payment' asset=demo-payment severity=CONFLICT conflict=True label=RECOMMENDED ALTERNATIVE policies=['P002', 'P008', 'P009', 'P010']
2026-08-21T19:58:52Z | stress_test | decision='migrar demo-payment' asset=demo-payment severity=CONFLICT conflict=True label=RECOMMENDED ALTERNATIVE policies=['P002', 'P008', 'P009', 'P010']
2026-08-21T19:58:52Z | stress_test | decision='migrar demo-payment' asset=demo-payment severity=CONFLICT conflict=True label=RECOMMENDED ALTERNATIVE policies=['P002', 'P008', 'P009', 'P010']
2026-08-21T19:58:52Z | stress_test | decision='migrar demo-payment' asset=demo-payment severity=CONFLICT conflict=True label=RECOMMENDED ALTERNATIVE policies=['P002', 'P008', 'P009', 'P010']
2026-08-21T19:58:52Z | stress_test | decision='migrar demo-payment' asset=demo-payment severity=CONFLICT conflict=True label=RECOMMENDED ALTERNATIVE policies=['P002', 'P008', 'P009', 'P010']
2026-08-21T19:58:52Z | stress_test | decision='migrar pay-a' asset=pay-a severity=CONFLICT conflict=True label=RECOMMENDED ALTERNATIVE policies=['P002', 'P008', 'P009', 'P010']
2026-08-21T19:58:52Z | stress_test | decision='migrar demo-payment' asset=demo-payment severity=CONFLICT conflict=True label=RECOMMENDED ALTERNATIVE policies=['P002', 'P008', 'P009', 'P010']
2026-08-21T19:58:53Z | stress_test | decision='migrar example-pki' asset=example-pki severity=NO_CONFLICT conflict=False label=CONFIRMED DECISION policies=[]
2026-08-21T20:12:05Z | stress_test | decision='migrar demo-payment' asset=demo-payment severity=CONFLICT conflict=True label=RECOMMENDED ALTERNATIVE policies=['P002', 'P008', 'P009', 'P010']
2026-08-21T20:12:05Z | stress_test | decision='migrar demo-legacy-ftp' asset=demo-legacy-ftp severity=WARNING conflict=False label=CONFIRMED DECISION policies=['P009', 'P010']
2026-08-21T20:12:05Z | stress_test | decision='migrar demo-cycle-a' asset=demo-cycle-a severity=CONFLICT conflict=True label=DEPENDENCY CYCLE DETECTED policies=['P001', 'P002']
2026-08-21T20:12:05Z | stress_test | decision='migrar demo-ghost' asset=demo-ghost severity=CONFLICT conflict=True label=RECOMMENDED ALTERNATIVE policies=['P002', 'P003', 'P008']
2026-08-21T20:12:05Z | stress_test | decision='migrar demo-migrated' asset=demo-migrated severity=CONFLICT conflict=True label=RECOMMENDED ALTERNATIVE policies=['P004']
2026-08-21T20:12:05Z | stress_test | decision='migrar demo-payment' asset=demo-payment severity=CONFLICT conflict=True label=RECOMMENDED ALTERNATIVE policies=['P002', 'P008', 'P009', 'P010']
2026-08-21T20:12:05Z | stress_test | decision='migrar demo-payment' asset=demo-payment severity=CONFLICT conflict=True label=RECOMMENDED ALTERNATIVE policies=['P002', 'P008', 'P009', 'P010']
2026-08-21T20:12:05Z | stress_test | decision='migrar demo-payment' asset=demo-payment severity=CONFLICT conflict=True label=RECOMMENDED ALTERNATIVE policies=['P002', 'P008', 'P009', 'P010']
2026-08-21T20:12:05Z | stress_test | decision='migrar demo-payment' asset=demo-payment severity=CONFLICT conflict=True label=RECOMMENDED ALTERNATIVE policies=['P002', 'P008', 'P009', 'P010']
2026-08-21T20:12:05Z | stress_test | decision='migrar demo-payment' asset=demo-payment severity=CONFLICT conflict=True label=RECOMMENDED ALTERNATIVE policies=['P002', 'P008', 'P009', 'P010']
2026-08-21T20:12:05Z | stress_test | decision='migrar demo-payment' asset=demo-payment severity=CONFLICT conflict=True label=RECOMMENDED ALTERNATIVE policies=['P002', 'P008', 'P009', 'P010']
2026-08-21T20:12:05Z | stress_test | decision='migrar demo-payment' asset=demo-payment severity=CONFLICT conflict=True label=RECOMMENDED ALTERNATIVE policies=['P002', 'P008', 'P009', 'P010']
2026-08-21T20:12:05Z | stress_test | decision='migrar demo-payment' asset=demo-payment severity=CONFLICT conflict=True label=RECOMMENDED ALTERNATIVE policies=['P002', 'P008', 'P009', 'P010']
2026-08-21T20:12:05Z | stress_test | decision='migrar demo-payment' asset=demo-payment severity=CONFLICT conflict=True label=RECOMMENDED ALTERNATIVE policies=['P002', 'P008', 'P009', 'P010']
2026-08-21T20:12:05Z | stress_test | decision='migrar demo-payment' asset=demo-payment severity=CONFLICT conflict=True label=RECOMMENDED ALTERNATIVE policies=['P002', 'P008', 'P009', 'P010']
2026-08-21T20:12:05Z | stress_test | decision='migrar pay-a' asset=pay-a severity=CONFLICT conflict=True label=RECOMMENDED ALTERNATIVE policies=['P002', 'P008', 'P009', 'P010']
2026-08-21T20:12:05Z | stress_test | decision='migrar demo-payment' asset=demo-payment severity=CONFLICT conflict=True label=RECOMMENDED ALTERNATIVE policies=['P002', 'P008', 'P009', 'P010']
2026-08-21T20:12:07Z | stress_test | decision='migrar example-pki' asset=example-pki severity=NO_CONFLICT conflict=False label=CONFIRMED DECISION policies=[]
2026-08-21T20:14:43Z | stress_test | decision='migrar demo-payment' asset=demo-payment severity=CONFLICT conflict=True label=RECOMMENDED ALTERNATIVE policies=['P002', 'P008', 'P009', 'P010']
2026-08-21T20:14:43Z | stress_test | decision='migrar demo-legacy-ftp' asset=demo-legacy-ftp severity=WARNING conflict=False label=CONFIRMED DECISION policies=['P009', 'P010']
2026-08-21T20:14:43Z | stress_test | decision='migrar demo-cycle-a' asset=demo-cycle-a severity=CONFLICT conflict=True label=DEPENDENCY CYCLE DETECTED policies=['P001', 'P002']
2026-08-21T20:14:43Z | stress_test | decision='migrar demo-ghost' asset=demo-ghost severity=CONFLICT conflict=True label=RECOMMENDED ALTERNATIVE policies=['P002', 'P003', 'P008']
2026-08-21T20:14:43Z | stress_test | decision='migrar demo-migrated' asset=demo-migrated severity=CONFLICT conflict=True label=RECOMMENDED ALTERNATIVE policies=['P004']
2026-08-21T20:14:43Z | stress_test | decision='migrar demo-payment' asset=demo-payment severity=CONFLICT conflict=True label=RECOMMENDED ALTERNATIVE policies=['P002', 'P008', 'P009', 'P010']
2026-08-21T20:14:43Z | stress_test | decision='migrar demo-payment' asset=demo-payment severity=CONFLICT conflict=True label=RECOMMENDED ALTERNATIVE policies=['P002', 'P008', 'P009', 'P010']
2026-08-21T20:14:43Z | stress_test | decision='migrar demo-payment' asset=demo-payment severity=CONFLICT conflict=True label=RECOMMENDED ALTERNATIVE policies=['P002', 'P008', 'P009', 'P010']
2026-08-21T20:14:43Z | stress_test | decision='migrar demo-payment' asset=demo-payment severity=CONFLICT conflict=True label=RECOMMENDED ALTERNATIVE policies=['P002', 'P008', 'P009', 'P010']
2026-08-21T20:14:43Z | stress_test | decision='migrar demo-payment' asset=demo-payment severity=CONFLICT conflict=True label=RECOMMENDED ALTERNATIVE policies=['P002', 'P008', 'P009', 'P010']
2026-08-21T20:14:43Z | stress_test | decision='migrar demo-payment' asset=demo-payment severity=CONFLICT conflict=True label=RECOMMENDED ALTERNATIVE policies=['P002', 'P008', 'P009', 'P010']
2026-08-21T20:14:43Z | stress_test | decision='migrar demo-payment' asset=demo-payment severity=CONFLICT conflict=True label=RECOMMENDED ALTERNATIVE policies=['P002', 'P008', 'P009', 'P010']
2026-08-21T20:14:43Z | stress_test | decision='migrar demo-payment' asset=demo-payment severity=CONFLICT conflict=True label=RECOMMENDED ALTERNATIVE policies=['P002', 'P008', 'P009', 'P010']
2026-08-21T20:14:43Z | stress_test | decision='migrar demo-payment' asset=demo-payment severity=CONFLICT conflict=True label=RECOMMENDED ALTERNATIVE policies=['P002', 'P008', 'P009', 'P010']
2026-08-21T20:14:43Z | stress_test | decision='migrar demo-payment' asset=demo-payment severity=CONFLICT conflict=True label=RECOMMENDED ALTERNATIVE policies=['P002', 'P008', 'P009', 'P010']
2026-08-21T20:14:43Z | stress_test | decision='migrar pay-a' asset=pay-a severity=CONFLICT conflict=True label=RECOMMENDED ALTERNATIVE policies=['P002', 'P008', 'P009', 'P010']
2026-08-21T20:14:43Z | stress_test | decision='migrar demo-payment' asset=demo-payment severity=CONFLICT conflict=True label=RECOMMENDED ALTERNATIVE policies=['P002', 'P008', 'P009', 'P010']
2026-08-21T20:14:45Z | stress_test | decision='migrar example-pki' asset=example-pki severity=NO_CONFLICT conflict=False label=CONFIRMED DECISION policies=[]
